spotify_track_uri,ts,platform,ms_played,track_name,artist_name,album_name,reason_start,reason_end,shuffle,skipped
2ULL3VZf4WwBKO4vjwT7Bg,2024-07-05 01:33:24,android,12107,Sloop John B,The Beach Boys,Pet Sounds,appload,trackdone,TRUE,FALSE
2bgp4J40y3FwYtwK5b7xoY,2024-07-05 01:34:05,android,40018,Chase Me (feat. Run The Jewels & Big Boi),Danger Mouse,Baby Driver (Music from the Motion Picture),trackdone,fwdbtn,TRUE,TRUE
0TrvmvJngRUlCaBtt8VPRs,2024-07-05 01:34:08,android,2228,Summer,Imagine Dragons,Smoke + Mirrors,fwdbtn,fwdbtn,TRUE,TRUE
3Zr8GJyMfUzYF1T5NbQkwq,2024-07-05 01:34:10,android,2082,On the Road,Houndmouth,From the Hills Below the City,fwdbtn,fwdbtn,TRUE,TRUE
36jjTsgDX86tcj4iQ8u5Yw,2024-07-05 01:34:11,android,1799,Blue Moon Of Kentucky,Elvis Presley,That's All Right,fwdbtn,fwdbtn,TRUE,TRUE
4fVn54cP0hasdSHuJthQj1,2024-07-05 01:36:13,android,122093,We Will Rock You,Queen,News Of The World,fwdbtn,trackdone,TRUE,FALSE
6tM8cMX9S4AyRd5sDDrzhN,2024-07-05 01:55:32,android,184817,Romeo Had Juliette,Lou Reed,New York,trackdone,logout,TRUE,FALSE
6tM8cMX9S4AyRd5sDDrzhN,2024-07-05 02:00:15,android,6541,Romeo Had Juliette,Lou Reed,New York,appload,trackdone,TRUE,FALSE
3xNO6JUk9ySYjxuqzcZYRB,2024-07-05 02:00:57,android,40597,"If You See Her, Say Hello",Bob Dylan,Blood On The Tracks,trackdone,fwdbtn,TRUE,TRUE
3GgA0KZ3AMu8SInRmB1pmo,2024-07-05 02:15:24,android,245411,We Used to Wait,Arcade Fire,The Suburbs (Deluxe),fwdbtn,logout,TRUE,FALSE
3GgA0KZ3AMu8SInRmB1pmo,2024-07-05 16:10:23,android,56863,We Used to Wait,Arcade Fire,The Suburbs (Deluxe),appload,trackdone,TRUE,FALSE
6dnXePvKM5M7O1AjGaJOd7,2024-07-05 16:26:21,android,166720,She Wandered Through the Garden Fence - 2009 Remaster,Procol Harum,Procol Harum,trackdone,logout,TRUE,FALSE
6dnXePvKM5M7O1AjGaJOd7,2024-07-05 17:27:26,android,40795,She Wandered Through the Garden Fence - 2009 Remaster,Procol Harum,Procol Harum,appload,trackdone,TRUE,FALSE
65vdMBskhx3akkG9vQlSH1,2024-07-05 17:29:56,android,149693,And I Love Her - Remastered 2009,The Beatles,A Hard Day's Night,trackdone,trackdone,TRUE,FALSE
0rg69E3wqGu7cGZCIkHvdS,2024-07-05 17:42:17,android,92879,Man on Fire,Edward Sharpe & The Magnetic Zeros,Here,trackdone,logout,TRUE,FALSE
0rg69E3wqGu7cGZCIkHvdS,2024-07-05 19:01:21,android,167446,Man on Fire,Edward Sharpe & The Magnetic Zeros,Here,appload,trackdone,TRUE,FALSE
0FHNqVPxu14WivXR4Y2hFr,2024-07-05 19:16:00,android,25032,Creo en Ti,Reik,Peligro,trackdone,logout,TRUE,FALSE
59J3FhCGYl18G3ouDReUge,2024-07-06 20:33:15,android,197533,I've Been Everywhere,Johnny Cash,American II: Unchained,fwdbtn,trackdone,TRUE,FALSE
5Aq5TIy9jVK70aL7xcE9oa,2024-07-06 20:56:32,android,222720,Dear Marie,John Mayer,Paradise Valley,trackdone,trackdone,TRUE,FALSE
61etvQSDceCm7XRgK4HZgb,2024-07-06 20:59:36,android,183719,The Nazz Are Blue,The Yardbirds,Roger the Engineer (Expanded Edition),trackdone,trackdone,TRUE,FALSE
35YyxFpE0ZTOoqFx5bADW8,2024-07-06 21:03:52,android,255386,Nude,Radiohead,In Rainbows,trackdone,trackdone,TRUE,FALSE
5IObx9f9zVxTGfzyRQWYSe,2024-07-06 21:08:50,android,272346,Jazz on the Autobahn,The Felice Brothers,From Dreams to Dust,trackdone,trackdone,TRUE,FALSE
3UD4sghkq8dHUwvKxln1nB,2024-07-06 21:19:51,android,57814,Dead and Gone,The Black Keys,El Camino,trackdone,logout,TRUE,FALSE
3UD4sghkq8dHUwvKxln1nB,2024-07-06 21:36:14,android,163220,Dead and Gone,The Black Keys,El Camino,appload,trackdone,TRUE,FALSE
79Pf5iG9jL3dE8d6cvcabn,2024-07-06 21:39:55,android,220786,Teachers,Young the Giant,Mind Over Matter,trackdone,trackdone,TRUE,FALSE
7y1hMqXNa0dKQLZH7CKbUG,2024-07-06 21:45:23,android,148253,Don't Bother Me - Remastered 2009,The Beatles,With The Beatles,trackdone,trackdone,TRUE,FALSE
3YNFRvI0WnbvFdxUCQiKjR,2024-07-06 21:50:11,android,276333,Say Goodbye to Hollywood,Billy Joel,Turnstiles,trackdone,trackdone,TRUE,FALSE
5EzvwjFwdP5Kfl5AZAemzu,2024-07-06 22:01:41,android,86485,I Need You - Remastered 2009,The Beatles,Help!,trackdone,logout,TRUE,FALSE
5EzvwjFwdP5Kfl5AZAemzu,2024-07-06 22:20:00,android,62326,I Need You - Remastered 2009,The Beatles,Help!,appload,trackdone,TRUE,FALSE
4MaNTAN78ylZnCMCKBFiU9,2024-07-06 22:22:50,android,170915,Hey Baby,The Cactus Blossoms,One Day,trackdone,trackdone,TRUE,FALSE
07XaOyTS5hyaWiUK1Bc3bR,2024-07-06 22:30:56,android,126277,True Love Waits,Radiohead,A Moon Shaped Pool,trackdone,fwdbtn,TRUE,TRUE
753KutoAy00apPsplMRetG,2024-07-06 22:43:19,android,366346,Let There Be Rock,AC/DC,Let There Be Rock,fwdbtn,trackdone,TRUE,FALSE
0bhCGRZvzfAzm0z1c7M3jQ,2024-07-06 22:54:10,android,32740,From Here On Out,The Killers,Battle Born,trackdone,logout,TRUE,FALSE
0bhCGRZvzfAzm0z1c7M3jQ,2024-07-07 01:27:55,android,115774,From Here On Out,The Killers,Battle Born,appload,trackdone,TRUE,FALSE
2qTvEdNY21mL9whUJot9Oc,2024-07-07 01:28:06,android,9760,Pledging My Time,Bob Dylan,Blonde On Blonde,trackdone,fwdbtn,TRUE,TRUE
3LtQFkTESnyalJrfqzNJkH,2024-07-07 01:30:48,android,162560,Sea Of Heartbreak,Johnny Cash,American II: Unchained,fwdbtn,trackdone,TRUE,FALSE
3TO7bbrUKrOSPGRTB5MeCz,2024-07-07 01:37:42,android,413947,Time,Pink Floyd,The Dark Side of the Moon,trackdone,trackdone,TRUE,FALSE
4eLIq1nQNwz2qLu8DeiWIp,2024-07-07 01:39:24,android,101160,Why Don't We Do It In The Road? - Remastered 2009,The Beatles,The Beatles,trackdone,trackdone,TRUE,FALSE
45WX2cfbL8bCIqv3rOq1G3,2024-07-07 01:41:14,android,108853,I'll Follow The Sun - Remastered 2009,The Beatles,Beatles For Sale - Remastered,trackdone,trackdone,TRUE,FALSE
3cdhgO3vgHyOIADMXokd2t,2024-07-07 01:56:01,android,241235,Nothing,The Script,Science & Faith,trackdone,logout,TRUE,FALSE
3cdhgO3vgHyOIADMXokd2t,2024-07-07 09:29:25,android,12087,Nothing,The Script,Science & Faith,clickrow,endplay,TRUE,TRUE
5vollujufHY0jMZxx77VWr,2024-07-07 09:29:39,android,11322,All These Things That I've Done,The Killers,Hot Fuss,clickrow,logout,TRUE,FALSE
54ZMu7omgz5h9xNbkGkAFG,2024-07-13 21:50:05,android,168080,Superdeli,Caloncho,Tofu,clickrow,trackdone,TRUE,FALSE
7LVHVU3tWfcxj5aiPFEW4Q,2024-07-13 21:50:26,android,19650,Fix You,Coldplay,X&Y,trackdone,fwdbtn,TRUE,TRUE
4D40ZlFAWsvX7lua1Kablh,2024-07-13 21:54:34,android,248360,Jet - 2010 Remaster,Paul McCartney,Band On The Run,fwdbtn,trackdone,TRUE,FALSE
0kAqm9wC0mMetoTcS5iVjx,2024-07-13 21:56:52,android,137813,Baby Let's Play House,Elvis Presley,That's All Right,trackdone,trackdone,TRUE,FALSE
5zhfggnBHJA2iJAnBWYsau,2024-07-13 22:00:17,android,204026,What Kind of Fool Am I,Sammy Davis Jr.,I've Gotta Be Me: The Best Of Sammy Davis Jr.,trackdone,trackdone,TRUE,FALSE
3YZa4IzxK2UtEKTvdTgsi8,2024-07-13 22:05:50,android,208413,Suffragette City - 2012 Remaster,David Bowie,The Rise and Fall of Ziggy Stardust and the Spiders from Mars,trackdone,trackdone,TRUE,FALSE
7zSBOSD4w5LGv1bIblkVFp,2024-07-13 23:17:16,android,9026,Telefonía,Jorge Drexler,Salvavidas de hielo,trackdone,logout,TRUE,FALSE
7zSBOSD4w5LGv1bIblkVFp,2024-07-14 00:58:14,android,175950,Telefonía,Jorge Drexler,Salvavidas de hielo,appload,trackdone,TRUE,FALSE
7hN5TKSdRb56uytwIpcUES,2024-07-14 01:00:31,android,137426,99 Problems,Hugo,Old Tyme Religion,trackdone,trackdone,TRUE,FALSE
5K2yYEoc9ljOlzoMnhQSgm,2024-07-14 01:03:50,android,198546,Hot Dog - Remaster,Led Zeppelin,In Through the out Door,trackdone,trackdone,TRUE,FALSE
6suRRwX61xSMfU7wJuCVdy,2024-07-14 01:07:23,android,212266,For Reasons Unknown,The Killers,Sam's Town,trackdone,trackdone,TRUE,FALSE
4fPBB44eDH71YohayI4eKV,2024-07-14 01:10:33,android,189226,You Only Live Once,The Strokes,First Impressions Of Earth,trackdone,trackdone,TRUE,FALSE
121VqPiRmT245ZT2Am8iYX,2024-07-14 01:22:25,android,170543,Comin' Round Again,Houndmouth,From the Hills Below the City,trackdone,logout,TRUE,FALSE
121VqPiRmT245ZT2Am8iYX,2024-07-15 20:21:15,android,12370,Comin' Round Again,Houndmouth,From the Hills Below the City,clickrow,fwdbtn,TRUE,TRUE
4Qi0rX6kEEkJvkcJkPeQql,2024-07-15 20:21:17,android,1345,Here Comes Yet Another Day,The Kinks,Everybody's in Show-Biz,fwdbtn,fwdbtn,TRUE,TRUE
6TEftSkmWdTm1EpThnwqh6,2024-07-15 20:21:18,android,1327,Wrecked,Imagine Dragons,Mercury - Acts 1 & 2,fwdbtn,fwdbtn,TRUE,TRUE
1yxJyuOyBzOXbGDAZtT7BD,2024-07-15 20:21:21,android,2512,Who Cares,Paul McCartney,Egypt Station,fwdbtn,fwdbtn,TRUE,TRUE
6PZCO7HbYv8iuPwj9rwQvR,2024-07-15 20:21:25,android,4056,Don't Chase Me Around - from the MGM film GAS-S-S-S,Robert Corff,Quentin Tarantino's Once Upon a Time in Hollywood Original Motion Picture Soundtrack,fwdbtn,fwdbtn,TRUE,TRUE
5fSDXbY8o9pA3TKwAbfwML,2024-07-15 20:21:26,android,1164,Mi Primer Millon,Bacilos,Caraluna,fwdbtn,fwdbtn,TRUE,TRUE
7yq4Qj7cqayVTp3FF9CWbm,2024-07-15 20:21:28,android,1610,Riptide,Vance Joy,Dream Your Life Away,fwdbtn,fwdbtn,TRUE,TRUE
6Pq9MmkDQYZiiCDpxnvrf6,2024-07-15 20:21:30,android,2100,I Am The Walrus - Remastered 2009,The Beatles,Magical Mystery Tour,fwdbtn,fwdbtn,TRUE,TRUE
7zE7VClzAEYa9nUDC950pT,2024-07-15 20:21:33,android,3334,Every Night - Remastered 2011,Paul McCartney,McCartney,fwdbtn,fwdbtn,TRUE,TRUE
2ecYJyAHF43oBSQ5Crcrel,2024-07-15 20:24:29,android,176306,Hogwarts' Hymn,Patrick Doyle,Harry Potter And The Goblet Of Fire (Original Motion Picture Soundtrack),fwdbtn,trackdone,TRUE,FALSE
7afDukwRRDs0rmg3leQ8ti,2024-07-15 20:27:54,android,171113,Monkberry Moon Delight - Remastered 2012,Paul McCartney,Ram,trackdone,logout,TRUE,FALSE
7afDukwRRDs0rmg3leQ8ti,2024-07-15 22:00:19,android,153040,Monkberry Moon Delight - Remastered 2012,Paul McCartney,Ram,appload,trackdone,TRUE,FALSE
2FDFz5TuYlpP180AUicAcl,2024-07-15 22:03:34,android,195373,Acá Entre Nos,Vicente Fernández,Que De Raro Tiene,trackdone,trackdone,TRUE,FALSE
5ruzrDWcT0vuJIOMW7gMnW,2024-07-15 22:14:05,android,27847,The Adults Are Talking,The Strokes,The New Abnormal,trackdone,logout,TRUE,FALSE
5ruzrDWcT0vuJIOMW7gMnW,2024-07-16 03:37:00,android,281502,The Adults Are Talking,The Strokes,The New Abnormal,appload,trackdone,TRUE,FALSE
4H3KBBAe2Fcgv9lH6E10Oe,2024-07-16 03:39:55,android,174440,Harry in Winter,Patrick Doyle,Harry Potter And The Goblet Of Fire (Original Motion Picture Soundtrack),trackdone,trackdone,TRUE,FALSE
2SPU97neddixGZ3wCMLAwx,2024-07-16 03:40:02,android,5681,Too Late For Goodbyes,Julian Lennon,Valotte,trackdone,fwdbtn,TRUE,TRUE
4joiWvli4qJVEW6qZV2i2J,2024-07-16 03:42:09,android,127853,All My Loving - Remastered 2009,The Beatles,With The Beatles,fwdbtn,trackdone,TRUE,FALSE
7kTmndsuOxGut8Oy85Mn62,2024-07-16 04:29:59,android,41241,Where Do The Children Play?,Yusuf / Cat Stevens,Tea For The Tillerman,trackdone,logout,TRUE,FALSE
7kTmndsuOxGut8Oy85Mn62,2024-07-16 05:11:39,android,191709,Where Do The Children Play?,Yusuf / Cat Stevens,Tea For The Tillerman,appload,trackdone,TRUE,FALSE
09x9v1o51dbqi5H0u7UGfp,2024-07-16 05:13:25,android,105933,I Will - Remastered 2009,The Beatles,The Beatles,trackdone,trackdone,TRUE,FALSE
2fgQ8COnxtEvaTcNbEtsUf,2024-07-16 05:17:43,android,256800,That's Where You're Wrong,Arctic Monkeys,Suck It and See,trackdone,trackdone,TRUE,FALSE
5BJSZocnCeSNeYMj3iVqM7,2024-07-16 05:34:59,android,36673,Love Runs Out,OneRepublic,Native,trackdone,logout,TRUE,FALSE
5BJSZocnCeSNeYMj3iVqM7,2024-07-16 20:58:35,android,2390,Love Runs Out,OneRepublic,Native,appload,fwdbtn,TRUE,TRUE
0kImdohyHuuk2yTyfYftGq,2024-07-16 21:01:14,android,84863,Hot House of Omagarashid,The Yardbirds,Roger the Engineer (Expanded Edition),fwdbtn,fwdbtn,TRUE,TRUE
1i4F583d9v9RabcfOlKKVL,2024-07-16 21:01:18,android,4297,Love In Slow Motion,Ed Sheeran,=,fwdbtn,fwdbtn,TRUE,TRUE
7j31rVgGX9Q2blT92VBEA0,2024-07-16 21:26:00,android,101138,Teenagers,My Chemical Romance,The Black Parade,fwdbtn,logout,TRUE,FALSE
7j31rVgGX9Q2blT92VBEA0,2024-07-16 22:08:46,android,61817,Teenagers,My Chemical Romance,The Black Parade,appload,trackdone,TRUE,FALSE
6obK7vtvAMmYSeNIiAa4Ij,2024-07-16 22:36:22,android,184974,Restless Legs,Keuning,Prismism,trackdone,trackdone,TRUE,FALSE
529UhNRfvKmId4ZL7cvRDm,2024-07-16 22:53:59,android,37971,"Greystone Chapel - Live at Folsom State Prison, Folsom, CA - January 1968",Johnny Cash,At Folsom Prison,trackdone,logout,TRUE,FALSE
529UhNRfvKmId4ZL7cvRDm,2024-07-17 20:10:25,android,225845,"Greystone Chapel - Live at Folsom State Prison, Folsom, CA - January 1968",Johnny Cash,At Folsom Prison,appload,fwdbtn,TRUE,TRUE
5Ua5p1wJRfvUcZS5OihCSn,2024-07-17 20:10:29,android,3671,Dust,The Mud Howlers,Timeliness,fwdbtn,fwdbtn,TRUE,TRUE
76TZCvJ8GitQ2FA1q5dKu0,2024-07-17 20:16:20,android,308520,The Boxer,Simon & Garfunkel,Bridge Over Troubled Water,fwdbtn,trackdone,TRUE,FALSE
7KsZHCfOitA5V9oQYVdltG,2024-07-17 20:21:24,android,303013,Everything Now,Arcade Fire,Everything Now,trackdone,trackdone,TRUE,FALSE
4MeXE7YF459t1PbFTtAklF,2024-07-17 20:27:27,android,362573,"I Don't Need No Doctor - Live at the Nokia Theatre, Los Angeles, CA - December 2007",John Mayer,Where the Light Is: John Mayer Live In Los Angeles,trackdone,trackdone,TRUE,FALSE
56lhDZNQ5J47aog6mGKeGk,2024-07-17 21:17:08,android,158385,Thunder Road,Bruce Springsteen,Born To Run,trackdone,logout,TRUE,FALSE
56lhDZNQ5J47aog6mGKeGk,2024-07-17 21:25:30,android,131356,Thunder Road,Bruce Springsteen,Born To Run,appload,trackdone,TRUE,FALSE
037qFV73VbmzA4a3ZMzPZg,2024-07-17 21:29:48,android,256640,Railroad Man,Eels,Blinking Lights and Other Revelations,trackerror,trackdone,TRUE,FALSE
0QIX9BS0AUCQcHYvyrsMkV,2024-07-17 23:46:51,android,152699,Blue Jay Way - Remastered 2009,The Beatles,Magical Mystery Tour,trackdone,logout,TRUE,FALSE
4xaPCPyMiFDiw7SoksTBKo,2024-07-18 00:27:02,android,1842,"The Road Goes Ever On..., Pt. 1",Howard Shore,The Lord of the Rings: The Fellowship of the Ring - the Complete Recordings,clickrow,logout,FALSE,FALSE
4xaPCPyMiFDiw7SoksTBKo,2024-07-19 04:19:55,android,258295,"The Road Goes Ever On..., Pt. 1",Howard Shore,The Lord of the Rings: The Fellowship of the Ring - the Complete Recordings,appload,trackdone,FALSE,FALSE
2WFlUh3vI3duc27xe7miox,2024-07-19 04:23:36,android,221226,"The Road Goes Ever On..., Pt. 2 / ""In Dreams"" (feat. Edward Ross)",Howard Shore,The Lord of the Rings: The Fellowship of the Ring - the Complete Recordings,trackdone,trackdone,FALSE,FALSE
0FQLQfuCKSlcVSOPscqCJ6,2024-07-19 04:37:11,android,12979,"The Return of the King (feat. Sir James Galway, Viggo Mortensen and Renee Fleming)",Howard Shore,The Lord of the Rings: The Return of the King,trackdone,unknown,FALSE,FALSE
0FQLQfuCKSlcVSOPscqCJ6,2024-07-19 23:25:21,android,422144,"The Return of the King (feat. Sir James Galway, Viggo Mortensen and Renee Fleming)",Howard Shore,The Lord of the Rings: The Return of the King,appload,unknown,FALSE,FALSE
0FQLQfuCKSlcVSOPscqCJ6,2024-07-20 20:56:20,android,150680,"The Return of the King (feat. Sir James Galway, Viggo Mortensen and Renee Fleming)",Howard Shore,The Lord of the Rings: The Return of the King,appload,endplay,FALSE,TRUE
219nY3WjD9ZxpwquMQuksi,2024-07-20 21:00:46,android,193934,Come Back to Me,Liam Gallagher,As You Were,playbtn,endplay,TRUE,TRUE
219nY3WjD9ZxpwquMQuksi,2024-07-20 21:00:58,android,9673,Come Back to Me,Liam Gallagher,As You Were,remote,trackdone,TRUE,FALSE
5V8Ma6MQwoBf7Z7Lq2w26s,2024-07-20 21:05:29,android,191093,Get Back - Remastered 2009,The Beatles,Past Masters,trackdone,trackdone,TRUE,FALSE
78lgmZwycJ3nzsdgmPPGNx,2024-07-20 21:07:56,android,146250,Immigrant Song - Remaster,Led Zeppelin,Led Zeppelin III,trackdone,trackdone,TRUE,FALSE
73PDjVfQff5GgqZHjYSNEV,2024-07-20 21:14:25,android,61897,Thistle & Weeds,Mumford & Sons,Sigh No More,trackdone,fwdbtn,TRUE,TRUE
4bjPdsuv5zMINSxuaSm5QF,2024-07-20 21:14:28,android,3313,Infinite Content,Arcade Fire,Everything Now,fwdbtn,fwdbtn,TRUE,TRUE
1nW0lHGLpE1iQDP5Nvt3x1,2024-07-20 21:16:03,android,81200,Outside the Wall,Pink Floyd,The Wall,fwdbtn,endplay,TRUE,TRUE
1nW0lHGLpE1iQDP5Nvt3x1,2024-07-20 21:38:12,android,23820,Outside the Wall,Pink Floyd,The Wall,appload,trackdone,TRUE,FALSE
4T2qnyKCo9UISjERbIeJQg,2024-07-20 21:41:06,android,173356,Life Support,Sam Smith,In The Lonely Hour,trackdone,trackdone,TRUE,FALSE
5AJT2Tk8mnDEnCtsikWVu2,2024-07-20 22:37:56,android,81929,I Contain Multitudes,Bob Dylan,Rough and Rowdy Ways,trackdone,logout,TRUE,FALSE
5AJT2Tk8mnDEnCtsikWVu2,2024-07-20 23:05:41,android,29225,I Contain Multitudes,Bob Dylan,Rough and Rowdy Ways,appload,fwdbtn,TRUE,TRUE
2JiHR4gCDjXwYVRDmwdk95,2024-07-20 23:06:41,android,59756,Tides,Ed Sheeran,=,fwdbtn,fwdbtn,TRUE,TRUE
4IJovoHQkKgwmH9SzAKcB8,2024-07-20 23:07:44,android,63634,Remember - Remastered 2010,John Lennon,Plastic Ono Band,fwdbtn,fwdbtn,TRUE,TRUE
4NCkcPwI098rttxxFggaLV,2024-07-20 23:13:33,android,238733,Feels Like Tonight,Daughtry,Daughtry,fwdbtn,trackdone,TRUE,FALSE
1UuaWKypSkIHxFZD03zw4m,2024-07-20 23:46:16,android,271550,The Tourist,Radiohead,OK Computer,trackdone,fwdbtn,TRUE,TRUE
0Wd52AHQrrwwDbqVQF2dt6,2024-07-20 23:46:26,android,10100,Everybody Loves Somebody,Dean Martin,The Essential Dean Martin,fwdbtn,fwdbtn,TRUE,TRUE
2wuxCm6QikYr215FwRMF1I,2024-07-20 23:52:09,android,344013,"100,000 People",Kings of Leon,When You See Yourself,trackerror,trackdone,TRUE,FALSE
21L1dVOTGhvAKvBXXnTIHj,2024-07-20 23:52:41,android,30622,Stop,Pink Floyd,The Wall,trackdone,trackdone,TRUE,FALSE
5TTGoX70AFrTvuEtqHK37S,2024-07-20 23:56:44,android,243131,No. 1 Party Anthem,Arctic Monkeys,AM,trackdone,trackdone,TRUE,FALSE
77oU2rjC5XbjQfNe3bD6so,2024-07-21 00:01:10,android,265173,Beast Of Burden - Remastered 1994,The Rolling Stones,Some Girls,trackdone,trackdone,TRUE,FALSE
19NfqUIwIiPzU2OYHpH06n,2024-07-21 00:05:05,android,234298,Modern Pressure,Daniel Romano,Modern Pressure,trackdone,trackdone,TRUE,FALSE
2BIScQLCTrYeqWEsSBsn9K,2024-07-21 00:06:28,android,82135,Juliane,Lionel Belasco & His Orchestra,Calypso Carnival (1935 - 1939),trackdone,fwdbtn,TRUE,TRUE
1TtKrLAquXhSgugyExXTQz,2024-07-21 00:06:32,android,4015,"Saint-Saëns: Samson et Dalila, Op. 47, Act 2: ""Mon cœur s'ouvre à ta voix"" (Dalila)",Camille Saint-Saëns,Pure - Maria Callas,fwdbtn,fwdbtn,TRUE,TRUE
668YgsnvdNBHfRscNIBS31,2024-07-21 00:11:34,android,301703,It's Only Rock'n'Roll (But I Like It) - Remastered 2009,The Rolling Stones,It's Only Rock 'N' Roll,fwdbtn,endplay,TRUE,TRUE
1EsgUWQsxGBwnu3NATDjiU,2024-07-21 00:15:37,android,207679,The Modern Age,The Strokes,Is This It,clickrow,trackdone,TRUE,FALSE
6qZjm61s6u8Ead9sWxCDro,2024-07-21 00:19:09,android,211226,Elephant,Tame Impala,Lonerism,trackdone,trackdone,TRUE,FALSE
0SieiDcGvj8cZ0K4hcT3Zd,2024-07-21 00:23:15,android,246000,Dying Breed,The Killers,Imploding The Mirage,trackdone,trackdone,TRUE,FALSE
6i81qFkru6Kj1IEsB7KNp2,2024-07-21 00:26:51,android,215853,Just Breathe,Pearl Jam,Backspacer,trackdone,trackdone,TRUE,FALSE
7d3HsxVBxNWx8Q3G5UuHos,2024-07-21 00:30:31,android,218906,My God (feat. Weyes Blood),The Killers,Imploding The Mirage,trackdone,trackdone,TRUE,FALSE
003vvx7Niy0yvhvHt4a68B,2024-07-21 01:01:49,android,108158,Mr. Brightside,The Killers,Hot Fuss,trackdone,logout,TRUE,FALSE
003vvx7Niy0yvhvHt4a68B,2024-07-21 07:15:54,android,3971,Mr. Brightside,The Killers,Hot Fuss,appload,fwdbtn,TRUE,TRUE
09eg3FGzsZQbZk8qEXhJIA,2024-07-21 07:20:28,android,274773,Stop Breaking Down,The Rolling Stones,Exile On Main Street,fwdbtn,trackdone,TRUE,FALSE
0jKHMMHtptxPrRO5KkZFwL,2024-07-21 07:22:33,android,124346,Reminder,Mumford & Sons,Babel,trackdone,trackdone,TRUE,FALSE
6lTTzSk1hRrxp4VMwXBp2l,2024-07-21 07:27:08,android,274933,My Way,Frank Sinatra,Ultimate Sinatra,trackdone,trackdone,TRUE,FALSE
5PbdVk09VHHcvGa0pX86RP,2024-07-21 07:28:58,android,109735,Flowers In Your Hair,The Lumineers,The Lumineers,trackdone,trackdone,TRUE,FALSE
7gREIuHognJFspylIDJ94p,2024-07-21 07:32:33,android,214240,Vienna,Billy Joel,The Stranger,trackdone,trackdone,TRUE,FALSE
45B31c6tSg5Zw7PuF1WbEt,2024-07-21 07:36:20,android,226293,Without Those Songs,The Script,No Sound Without Silence,trackdone,trackdone,TRUE,FALSE
5K5mYBbBHliLRclWbDd9VH,2024-07-21 07:39:18,android,177506,Demons,Imagine Dragons,Night Visions,trackdone,trackdone,TRUE,FALSE
2fDHuS1PTkHBbCWWZF1ph9,2024-07-21 07:42:01,android,162653,"Folsom Prison Blues - Live at Folsom State Prison, Folsom, CA - January 1968",Johnny Cash,At Folsom Prison,trackdone,trackdone,TRUE,FALSE
1xYBeQ5u8uaJ3oBWktjGyJ,2024-07-21 07:45:56,android,234080,Acurrucar,Ed Maverick,mix pa llorar en tu cuarto,trackdone,trackdone,TRUE,FALSE
76TZCvJ8GitQ2FA1q5dKu0,2024-07-21 07:51:05,android,308520,The Boxer,Simon & Garfunkel,Bridge Over Troubled Water,trackdone,trackdone,TRUE,FALSE
5GHKbjIY0gTCqoY5aruDDc,2024-07-21 07:54:54,android,229493,All Down The Line,The Rolling Stones,Exile On Main Street,trackdone,trackdone,TRUE,FALSE
74jklVKHYTmNMp0baGm6FB,2024-07-21 07:58:37,android,222146,I've Got You Under My Skin,Frank Sinatra,Ultimate Sinatra,trackdone,trackdone,TRUE,FALSE
2AXY5WABx7NjWw1zb4qCdc,2024-07-21 08:01:59,android,201413,Cleopatra,The Lumineers,Cleopatra,trackdone,trackdone,TRUE,FALSE
7hrJgdNzMHlKxEorMLrPcD,2024-07-21 08:06:24,android,231420,I'm Waiting For The Man - Album Version (Stereo),The Velvet Underground,The Velvet Underground & Nico 45th Anniversary,trackdone,fwdbtn,TRUE,TRUE
05uGBKRCuePsf43Hfm0JwX,2024-07-21 09:21:22,android,2503,Brain Damage,Pink Floyd,The Dark Side of the Moon,fwdbtn,logout,TRUE,FALSE
05uGBKRCuePsf43Hfm0JwX,2024-07-22 03:28:59,android,224174,Brain Damage,Pink Floyd,The Dark Side of the Moon,appload,trackdone,TRUE,FALSE
1fSdAkbofT03q7ddO2jdss,2024-07-22 04:50:37,android,73456,Supersonic Rocket Ship,The Kinks,Everybody's in Show-Biz,trackdone,logout,TRUE,FALSE
1fSdAkbofT03q7ddO2jdss,2024-07-22 05:09:20,android,139128,Supersonic Rocket Ship,The Kinks,Everybody's in Show-Biz,appload,trackdone,TRUE,FALSE
6Qs5u9Tqh1rm1ljdr1ckhw,2024-07-22 06:04:00,android,153971,Mama Kin,Aerosmith,Aerosmith,trackdone,logout,TRUE,FALSE
6Qs5u9Tqh1rm1ljdr1ckhw,2024-07-22 17:14:39,android,116077,Mama Kin,Aerosmith,Aerosmith,appload,trackdone,TRUE,FALSE
2iGtdYI4lI0jDpnxJOqZRw,2024-07-22 17:48:57,android,302439,Hey Jude - Remastered 2009,The Beatles,Past Masters,trackdone,logout,TRUE,FALSE
2iGtdYI4lI0jDpnxJOqZRw,2024-07-22 18:59:54,android,87447,Hey Jude - Remastered 2009,The Beatles,Past Masters,appload,logout,TRUE,FALSE
2iGtdYI4lI0jDpnxJOqZRw,2024-07-22 20:50:49,android,42475,Hey Jude - Remastered 2009,The Beatles,Past Masters,appload,trackdone,TRUE,FALSE
2EaCm5PYjpwuIvRo3ZfEFe,2024-07-22 20:54:27,android,217666,"25 Minutes to Go - Live at Folsom State Prison, Folsom, CA (1st Show) - January 1968",Johnny Cash,At Folsom Prison,trackdone,trackdone,TRUE,FALSE
077OhUjy58qkjscrXjW696,2024-07-22 20:56:05,android,96560,The Show Must Go On,Pink Floyd,The Wall,trackdone,trackdone,TRUE,FALSE
3KfbEIOC7YIv90FIfNSZpo,2024-07-22 20:59:03,android,146333,In My Life - Remastered 2009,The Beatles,Rubber Soul,trackdone,trackdone,TRUE,FALSE
77Y57qRJBvkGCUw9qs0qMg,2024-07-22 21:31:02,android,53080,In the Blood,John Mayer,The Search for Everything,trackdone,logout,TRUE,FALSE
77Y57qRJBvkGCUw9qs0qMg,2024-07-22 22:08:24,android,191429,In the Blood,John Mayer,The Search for Everything,appload,trackdone,TRUE,FALSE
63lNvqjdrYxusz43JnORbE,2024-07-22 22:12:23,android,238746,Hold Back The River,James Bay,Chaos And The Calm,trackdone,trackdone,TRUE,FALSE
3dPQuX8Gs42Y7b454ybpMR,2024-07-22 23:24:28,android,72144,Seven Nation Army,The White Stripes,Elephant,trackdone,logout,TRUE,FALSE
3dPQuX8Gs42Y7b454ybpMR,2024-07-25 01:40:27,android,40211,Seven Nation Army,The White Stripes,Elephant,appload,logout,TRUE,FALSE
3dPQuX8Gs42Y7b454ybpMR,2024-07-25 03:17:28,android,122006,Seven Nation Army,The White Stripes,Elephant,appload,trackdone,TRUE,FALSE
40V54Cj1JFSTpaJi8UikZE,2024-07-25 03:41:53,android,347800,Radio Ga Ga,Queen,The Works,trackdone,trackdone,TRUE,FALSE
2abR6A03UxabPFOJPA32QC,2024-07-25 03:44:57,android,179795,Under The Thunder,Skegss,Under The Thunder,trackdone,unknown,TRUE,FALSE
2abR6A03UxabPFOJPA32QC,2024-07-25 05:33:54,android,37134,Under The Thunder,Skegss,Under The Thunder,appload,trackdone,TRUE,FALSE
08mG3Y1vljYA6bvDt4Wqkj,2024-07-25 05:38:10,android,255493,Back In Black,AC/DC,Back In Black,trackdone,trackdone,TRUE,FALSE
1fOi6nfmNTYUJFEyvGNfkF,2024-07-25 05:59:57,android,51525,Caballo Prieto Azabache,Antonio Aguilar,15 Éxitos: Corridos de Caballos Famosos,trackdone,logout,TRUE,FALSE
4ErQ9so16QNxy0srB7vJE7,2024-07-25 13:52:12,android,140650,Gianni Schicchi: O mio babbino caro,Giacomo Puccini,Opera Chill & Relax,clickrow,endplay,TRUE,TRUE
1ZYWWz6ADzrCazzGFWbOOf,2024-07-25 13:56:48,android,276040,"Madama Butterfly, Act II: Un bel dì vedremo (Butterfly)",Giacomo Puccini,Madame Butterfly,clickrow,trackdone,TRUE,FALSE
3nbcin8kl89hboxQBKaLR0,2024-07-25 13:59:36,android,167786,"Manon Lescaut / Act II: ""In quelle trine morbide""",Giacomo Puccini,Verismo,trackdone,trackdone,TRUE,FALSE
1lBKQqbkfM3LThaJYqygjy,2024-07-25 14:01:21,android,105000,"Giordano: Fedora: ""Amor ti vieta""",Umberto Giordano,Pavarotti Forever,trackdone,trackdone,TRUE,FALSE
0majbxP137uZRM3LoTvVrv,2024-07-25 14:06:34,android,311666,"Aida / Act 2: ""Gloria all'Egitto""",Giuseppe Verdi,Opera Choruses,trackdone,trackdone,TRUE,FALSE
6xZGds6ClLaEPeyep1C8si,2024-07-25 14:11:19,android,285333,Rinaldo / Act 2: Lascia ch'io pianga,George Frideric Handel,Handel: Rinaldo (Original 1711 Version),trackdone,trackdone,TRUE,FALSE
5VPdKe03LPRL8ozSSC3ltd,2024-07-25 14:15:09,android,229306,"Don Pasquale / Act 3: ""Com'è gentil...tornami a dir""",Gaetano Donizetti,Donizetti: Essential Recordings,trackdone,trackdone,TRUE,FALSE
4ErQ9so16QNxy0srB7vJE7,2024-07-25 14:18:06,android,169880,Gianni Schicchi: O mio babbino caro,Giacomo Puccini,Opera Chill & Relax,trackdone,trackdone,TRUE,FALSE
5Adxsld8lL9MLcaULeoSKu,2024-07-25 14:22:36,android,269360,"Bizet: Carmen, WD 31, Act 1: Habanera. ""L'amour est un oiseau rebelle"" (Carmen, Chœur)",Georges Bizet,Pure - Maria Callas,trackdone,trackdone,TRUE,FALSE
6ln4vL99OGZByyxRzIo5mp,2024-07-25 14:25:13,android,157000,Rigoletto: Parmi veder le lagrime,Giuseppe Verdi,The Pavarotti Edition,trackdone,trackdone,TRUE,FALSE
2nI7rOSYklk4SZ3ccPvG2j,2024-07-25 14:31:57,android,403333,"Lakmé / Act I: Viens, Mallika, ... Dôme épais (Flower Duet)",Léo Delibes,"""The Opera Gala - Live from Baden-Baden""",trackdone,trackdone,TRUE,FALSE
1LXL7uXCsUqGIBwZ8ic9Ul,2024-07-25 14:35:40,android,222906,Júrame,María Grever,50 Greatest Tracks,trackdone,trackdone,TRUE,FALSE
7HVGIvTFnxf5AXZ5nGIVgq,2024-07-25 14:40:25,android,284200,Rigoletto - Bella Figlia Dell'Amore,Luciano Pavarotti,Rigoletto - Highlights,trackdone,trackdone,TRUE,FALSE
5yD48KoADpCIWWzbzMnhMq,2024-07-25 14:42:13,android,107022,"La fille du régiment / Act 1: Ah! mes amis, quel jour de fête!",Gaetano Donizetti,The People's Tenor,trackdone,trackdone,TRUE,FALSE
5AifnkM03x4Qn9U4gKvLqs,2024-07-25 14:45:36,android,203360,"Tosca, SC 69 / Act 3: ""E lucevan le stelle""",Giacomo Puccini,The Best Of Jonas Kaufmann,trackdone,trackdone,TRUE,FALSE
7oMlqOqSLszoitbRQTKAen,2024-07-25 14:49:07,android,210533,"Le nozze di Figaro, K. 492 / Act 3: ""Sull’aria ... Che soave zeffiretto""",Wolfgang Amadeus Mozart,Mozart: Le nozze di Figaro,trackdone,trackdone,TRUE,FALSE
4GtwsI12udoBup7wWj7uEa,2024-07-25 14:52:57,android,229013,"Carmen / Act II: Toreador Song: ""Votre toast, je peux vous le rendre"" (from Carmen / Act 2)",Georges Bizet,Bryn Terfel sings Favourites,trackdone,trackdone,TRUE,FALSE
35NRnaHxmAX1b4Hs3JGWLM,2024-07-25 14:56:39,android,221520,"Roméo et Juliette, CG 9, Act I: Ah, je veux vivre",Charles Gounod,Gounod,trackdone,trackdone,TRUE,FALSE
5aZLy88M7aNW2RgnwV2kkW,2024-07-25 15:01:08,android,268880,Péchés de vieillesse / Vol. III: Tirana pour deux voix (Les amants de Séville),Gioachino Rossini,Rossini: A Monument of Classics,trackdone,trackdone,TRUE,FALSE
7DKv6FjD4xxeT4ZmEdec9W,2024-07-25 15:05:19,android,250493,"L'elisir d'amore / Act II: ""Una furtiva lagrima""",Gaetano Donizetti,Donizetti: The Elixir of Love,trackdone,trackdone,TRUE,FALSE
2NQJ7r83PSAFELsKAEIU4v,2024-07-25 15:09:32,android,252453,"La bohème, Act I: O soave fanciulla (Love Duet)",Giacomo Puccini,Puccini: La Bohème,trackdone,trackdone,TRUE,FALSE
3uX11UryFh2ujpeZBWYgkv,2024-07-25 15:12:30,android,177333,"Turandot, Act III: Nessun dorma!",Giacomo Puccini,Puccini: Turandot (Highlights),trackdone,trackdone,TRUE,FALSE
7f0VwIpCcovBKMxKvWLL0y,2024-07-25 15:14:30,android,119400,"Rigoletto / Act 1: ""Questa o quella""",Giuseppe Verdi,Luciano Pavarotti - The Best,trackdone,trackdone,TRUE,FALSE
4Iph38Elza0BBFTMhrdyNs,2024-07-25 15:21:13,android,402960,"Norma / Act 1: ""Casta Diva""",Vincenzo Bellini,Maria,trackdone,trackdone,TRUE,FALSE
6FpIeOLGVzgItEYddPHiFs,2024-07-25 15:30:56,android,237917,I Puritani / Act 1: Oh! vieni al tempio,Vincenzo Bellini,Bellini: I Puritani,trackdone,unknown,TRUE,FALSE
3uX11UryFh2ujpeZBWYgkv,2024-07-29 05:45:25,android,177333,"Turandot, Act III: Nessun dorma!",Giacomo Puccini,Puccini: Turandot (Highlights),clickrow,trackdone,TRUE,FALSE
7DKv6FjD4xxeT4ZmEdec9W,2024-07-29 05:45:35,android,9323,"L'elisir d'amore / Act II: ""Una furtiva lagrima""",Gaetano Donizetti,Donizetti: The Elixir of Love,trackdone,endplay,TRUE,TRUE
4ErQ9so16QNxy0srB7vJE7,2024-07-29 05:48:24,android,169880,Gianni Schicchi: O mio babbino caro,Giacomo Puccini,Opera Chill & Relax,clickrow,trackdone,TRUE,FALSE
0ySYHJm1Bf5P6vEsdeSYb0,2024-07-29 07:00:48,android,87660,"Rigoletto, Act III: La donna è mobile",Giuseppe Verdi,Opera Arias - Nessun Dorma - Casta Diva - O Mio Babbino Caro,trackdone,unknown,TRUE,FALSE
0ySYHJm1Bf5P6vEsdeSYb0,2024-07-29 21:19:16,android,54451,"Rigoletto, Act III: La donna è mobile",Giuseppe Verdi,Opera Arias - Nessun Dorma - Casta Diva - O Mio Babbino Caro,appload,trackdone,TRUE,FALSE
7HVGIvTFnxf5AXZ5nGIVgq,2024-07-29 21:24:01,android,284200,Rigoletto - Bella Figlia Dell'Amore,Luciano Pavarotti,Rigoletto - Highlights,trackdone,trackdone,TRUE,FALSE
2ejVc73K8orfIk9W2uZKlg,2024-07-29 21:58:22,android,79418,Cavalleria rusticana: Intermezzo,Pietro Mascagni,Mascagni: Cavalleria Rusticana/Leoncavallo: Pagliacci,trackdone,logout,TRUE,FALSE
2ejVc73K8orfIk9W2uZKlg,2024-07-29 22:23:32,android,111829,Cavalleria rusticana: Intermezzo,Pietro Mascagni,Mascagni: Cavalleria Rusticana/Leoncavallo: Pagliacci,appload,trackdone,TRUE,FALSE
2TIqPCx2Tm9IeTA0MiUk1U,2024-07-29 22:27:12,android,204533,'O sole mio (Arr. Chiaramello),Eduardo di Capua,Luciano Pavarotti - O Sole Mio - Favourite Neapolitan Songs,trackdone,trackdone,TRUE,FALSE
1LXL7uXCsUqGIBwZ8ic9Ul,2024-07-29 22:57:15,android,50293,Júrame,María Grever,50 Greatest Tracks,trackdone,logout,TRUE,FALSE
1LXL7uXCsUqGIBwZ8ic9Ul,2024-07-30 03:21:18,android,173639,Júrame,María Grever,50 Greatest Tracks,appload,trackdone,TRUE,FALSE
4Iph38Elza0BBFTMhrdyNs,2024-07-30 03:23:04,android,0,"Norma / Act 1: ""Casta Diva""",Vincenzo Bellini,Maria,trackdone,fwdbtn,TRUE,TRUE
1lBKQqbkfM3LThaJYqygjy,2024-07-30 03:23:04,android,105000,"Giordano: Fedora: ""Amor ti vieta""",Umberto Giordano,Pavarotti Forever,trackdone,trackdone,TRUE,FALSE
0rzDX4x0oSI2Gs3mPEvoIl,2024-07-30 03:23:21,android,16902,"Il Trovatore / Act 3: ""Di quella pira""",Giuseppe Verdi,Joseph Calleja - Verdi,fwdbtn,endplay,TRUE,TRUE
2EjXfH91m7f8HiJN1yQg97,2024-07-30 03:23:24,android,2833,Rockin' Around The Christmas Tree,Brenda Lee,Merry Christmas From Brenda Lee,playbtn,fwdbtn,TRUE,TRUE
4cYZRebfwTsVNERxTm29Rb,2024-07-30 03:23:26,android,1937,Holiday,Vampire Weekend,Contra,fwdbtn,fwdbtn,TRUE,TRUE
5PbdVk09VHHcvGa0pX86RP,2024-07-30 03:25:15,android,109735,Flowers In Your Hair,The Lumineers,The Lumineers,fwdbtn,trackdone,TRUE,FALSE
2Ij4TNS0XKn05hXTEMcO4w,2024-07-30 03:28:59,android,222906,Who Let You Go?,The Killers,Sawdust,trackdone,trackdone,TRUE,FALSE
2TIqPCx2Tm9IeTA0MiUk1U,2024-07-30 03:29:45,android,42890,'O sole mio (Arr. Chiaramello),Eduardo di Capua,Luciano Pavarotti - O Sole Mio - Favourite Neapolitan Songs,trackdone,endplay,TRUE,TRUE
2TIqPCx2Tm9IeTA0MiUk1U,2024-07-30 06:06:17,android,8805,'O sole mio (Arr. Chiaramello),Eduardo di Capua,Luciano Pavarotti - O Sole Mio - Favourite Neapolitan Songs,appload,fwdbtn,TRUE,TRUE
5DJzQBU5R8g5tDUBtHRPf9,2024-07-30 06:09:10,android,174186,"Ob-La-Di, Ob-La-Da - Take 3",The Beatles,The Beatles,fwdbtn,trackdone,TRUE,FALSE
7EUcOIbJSePmXGvAe7G79C,2024-07-30 06:12:48,android,217440,Black Treacle,Arctic Monkeys,Suck It and See,trackdone,trackdone,TRUE,FALSE
7cX4PJz1old9fyFI8RlfgW,2024-07-30 06:22:52,android,246840,Read My Mind,The Killers,Sam's Town,trackdone,trackdone,TRUE,FALSE
4MeXE7YF459t1PbFTtAklF,2024-07-30 06:40:28,android,176536,"I Don't Need No Doctor - Live at the Nokia Theatre, Los Angeles, CA - December 2007",John Mayer,Where the Light Is: John Mayer Live In Los Angeles,trackdone,logout,TRUE,FALSE
4MeXE7YF459t1PbFTtAklF,2024-07-31 03:05:36,android,19389,"I Don't Need No Doctor - Live at the Nokia Theatre, Los Angeles, CA - December 2007",John Mayer,Where the Light Is: John Mayer Live In Los Angeles,appload,fwdbtn,TRUE,TRUE
65UCejW01DAovmluVYHWAt,2024-07-31 03:09:20,android,223826,As She's Walking Away (feat. Alan Jackson),Zac Brown Band,You Get What You Give,fwdbtn,trackdone,TRUE,FALSE
6uya0AiJA1Avd4DY2XFlVm,2024-07-31 03:12:03,android,163045,I Walk The Line - Single Version,Johnny Cash,With His Hot and Blue Guitar,trackdone,trackdone,TRUE,FALSE
0oQshbv1BFLZ61b1tQ4Eqg,2024-07-31 03:58:55,android,136080,This Boy - Remastered 2009,The Beatles,Past Masters,trackdone,trackdone,TRUE,FALSE
0kImdohyHuuk2yTyfYftGq,2024-07-31 04:00:19,android,54554,Hot House of Omagarashid,The Yardbirds,Roger the Engineer (Expanded Edition),trackdone,fwdbtn,TRUE,TRUE
2ZqFfDwNjKvPu3USx3onhO,2024-07-31 05:24:46,android,104629,Volverte A Ver,Juanes,Mi Sangre,fwdbtn,logout,TRUE,FALSE
2ZqFfDwNjKvPu3USx3onhO,2024-07-31 21:38:58,android,113790,Volverte A Ver,Juanes,Mi Sangre,appload,trackdone,TRUE,FALSE
6lpU1Gm1xECBT5IvEkoDti,2024-07-31 21:39:07,android,7848,Lucky Sometimes,Pokey LaFarge,Rock Bottom Rhapsody,trackdone,fwdbtn,TRUE,TRUE
28HbprWfdOePkl62c7l7tc,2024-07-31 21:40:10,android,62918,Changes,Seu Jorge,The Life Aquatic Exclusive Studio Sessions Featuring Seu Jorge,fwdbtn,fwdbtn,TRUE,TRUE
67zRzmAToe9zcAESz4bOCb,2024-07-31 21:43:37,android,207438,Once - Acoustic,Liam Gallagher,Acoustic Sessions,fwdbtn,trackdone,TRUE,FALSE
1dOioyTkknRYIjRlTtN8R5,2024-07-31 21:46:54,android,197278,Do It Now,Paul McCartney,Egypt Station,trackdone,trackdone,TRUE,FALSE
6uXDMINfe9KJETjkzekznW,2024-07-31 22:19:12,android,24869,New Divide,Linkin Park,New Divide,trackdone,logout,TRUE,FALSE
6uXDMINfe9KJETjkzekznW,2024-07-31 23:09:22,android,244999,New Divide,Linkin Park,New Divide,appload,trackdone,TRUE,FALSE
6BrMEbPSSj55nQhkgf6DnE,2024-07-31 23:11:15,android,112706,"Please, Please, Please, Let Me Get What I Want - 2011 Remaster",The Smiths,Hatful of Hollow,trackdone,trackdone,TRUE,FALSE
2d7GP7Fz1NrfPpo7MzWZgb,2024-07-31 23:14:13,android,177426,Honey Don't - Remastered 2009,The Beatles,Beatles For Sale,trackdone,trackdone,TRUE,FALSE
4UwXFiG9R0hy6ry3sGcQfO,2024-07-31 23:48:55,android,13537,Give Me Something,The Mud Howlers,R.R.R,trackdone,logout,TRUE,FALSE
4UwXFiG9R0hy6ry3sGcQfO,2024-08-01 01:56:16,android,175131,Give Me Something,The Mud Howlers,R.R.R,appload,trackdone,TRUE,FALSE
3oxUhV9MXOusOMpKqdiHl0,2024-08-01 02:00:38,android,261119,What Comes Naturally,Blackberry Smoke,Like an Arrow,trackdone,trackdone,TRUE,FALSE
77oU2rjC5XbjQfNe3bD6so,2024-08-01 02:05:03,android,265173,Beast Of Burden - Remastered 1994,The Rolling Stones,Some Girls,trackdone,trackdone,TRUE,FALSE
27Nb6r8d0aiHVJyZDB9cNS,2024-08-01 02:05:10,android,5488,El Demonio en Casa,Ricardo Arjona,5to Piso,trackdone,fwdbtn,TRUE,TRUE
0U6h6BIv3HKpkp3ZKH9wCk,2024-08-01 02:05:14,android,3417,Back In Brazil,Paul McCartney,Egypt Station,fwdbtn,fwdbtn,TRUE,TRUE
5eGs8Aqfs5RIvjUUOrd5N0,2024-08-01 02:05:15,android,1343,Lost Women,The Yardbirds,Roger the Engineer (Expanded Edition),fwdbtn,fwdbtn,TRUE,TRUE
75EThgTXGi0NStTq6D3wIA,2024-08-01 02:05:17,android,2010,Don't Stop Now,The Maine,Black & White,fwdbtn,fwdbtn,TRUE,TRUE
10Nmj3JCNoMeBQ87uw5j8k,2024-08-01 02:09:59,android,282160,Dani California,Red Hot Chili Peppers,Stadium Arcadium,fwdbtn,trackdone,TRUE,FALSE
6oMBDrzwGG1BzCoZyPyGuG,2024-08-01 02:53:35,android,30673,Neighborhood #4 (7 Kettles),Arcade Fire,Funeral,trackdone,logout,TRUE,FALSE
6oMBDrzwGG1BzCoZyPyGuG,2024-08-01 02:59:02,android,260018,Neighborhood #4 (7 Kettles),Arcade Fire,Funeral,appload,trackdone,TRUE,FALSE
239yM7BAQ2CkNc61ogPGXo,2024-08-01 03:12:57,android,249080,Shot in the Dark,John Mayer,Sob Rock,trackdone,trackdone,TRUE,FALSE
0GDuL9TCO41PgsrKWBSGlm,2024-08-01 03:18:56,android,145373,Prove Yourself,Radiohead,Pablo Honey,trackdone,trackdone,TRUE,FALSE
1Eolhana7nKHYpcYpdVcT5,2024-08-01 03:21:28,android,145746,Little Wing,Jimi Hendrix,Axis: Bold As Love,trackdone,trackdone,TRUE,FALSE
6sy3LkhNFjJWlaeSMNwQ62,2024-08-01 03:34:03,android,29909,Counting Stars,OneRepublic,Native,trackdone,logout,TRUE,FALSE
65EhfozJEurgR34SyrNV3P,2024-08-01 18:17:10,android,200746,Why Did It Have To Be Me?,ABBA,Arrival,clickrow,trackdone,TRUE,FALSE
14r58xoceDiVN3RJnynw0C,2024-08-01 18:22:15,android,304297,12 Bar Blues,Aaron Lee Tasjan,Silver Tears,trackdone,trackdone,TRUE,FALSE
6pPOkr2OxhQ6htrzOiDmq9,2024-08-01 18:24:54,android,158626,Mr Moonlight - Remastered 2009,The Beatles,Beatles For Sale,trackdone,trackdone,TRUE,FALSE
2xRycG9m42WqYMIc6jsaHQ,2024-08-01 18:27:48,android,174155,Smogged Out,Skegss,My Own Mess,trackdone,trackdone,TRUE,FALSE
1jDJFeK9x3OZboIAHsY9k2,2024-08-01 18:30:53,android,183440,I'm Still Standing,Elton John,Too Low For Zero,trackdone,trackdone,TRUE,FALSE
19bzCjckArU2NZs9Ue3Dc2,2024-08-01 18:37:16,android,382717,Hunt You Down/Naked/C-Link,Paul McCartney,Egypt Station,trackdone,trackdone,TRUE,FALSE
6Bm3TYTfP6jjxUTE6OdXG3,2024-08-01 18:41:01,android,225160,Tranquilize,The Killers,Sawdust,trackdone,trackdone,TRUE,FALSE
74z9AsqO74WCnX3BlvbGAL,2024-08-01 18:44:35,android,213026,Obviously Five Believers,Bob Dylan,Blonde On Blonde,trackdone,trackdone,TRUE,FALSE
7vFv0yFGMJW3qVXbAd9BK9,2024-08-01 18:48:45,android,249626,Your Body Is a Wonderland,John Mayer,Room For Squares,trackdone,trackdone,TRUE,FALSE
4439Mou4sRGUKSXpXBUOT2,2024-08-01 18:52:34,android,228426,Deep Is Love,The Band Of Heathens,Duende,trackdone,trackdone,TRUE,FALSE
0MV8NQXGDMR0EKX314JlN9,2024-08-01 18:56:22,android,228120,Year in Review,The Black Keys,Turn Blue,trackdone,trackdone,TRUE,FALSE
53LwBS4bovyljsMlLqGfd6,2024-08-01 18:59:58,android,214733,American Girl,Tom Petty and the Heartbreakers,Tom Petty And The Heatbreakers,trackdone,trackdone,TRUE,FALSE
3UKy1X3nGe5diFqN5swaFz,2024-08-01 19:03:05,android,186720,Hiding tonight,Alex Turner,Submarine - Original Songs From The Film By Alex Turner,trackdone,trackdone,TRUE,FALSE
3bOZ9Qt98Tk2yd6Omf4134,2024-08-01 19:07:03,android,237440,Dirty Sexy Money,The Struts,Everybody Wants,trackdone,trackdone,TRUE,FALSE
72Z17vmmeQKAg8bptWvpVG,2024-08-01 19:12:21,android,318026,Space Oddity - 2015 Remaster,David Bowie,David Bowie (aka Space Oddity),trackdone,trackdone,TRUE,FALSE
1HbcclMpw0q2WDWpdGCKdS,2024-08-01 19:16:23,android,241346,Tenerife Sea,Ed Sheeran,x,trackdone,trackdone,TRUE,FALSE
7jtM0p1gijiBIBuhVLK8E1,2024-08-01 19:18:38,android,134866,The Good Life,Tony Bennett,60 Years: The Artistry of Tony Bennett,trackdone,trackdone,TRUE,FALSE
20X9OeC606XNwEtDBOym5u,2024-08-01 19:22:26,android,226706,Love Drunk,BOYS LIKE GIRLS,Love Drunk,trackdone,trackdone,TRUE,FALSE
2Kvh9rYfJ7oczyCJZdzVPm,2024-08-01 19:25:55,android,208251,I Heard Her Call My Name,The Velvet Underground,White Light / White Heat,trackdone,fwdbtn,TRUE,TRUE
0SuG9kyzGRpDqrCWtgD6Lq,2024-08-01 19:34:41,android,526386,Give Me Love,Ed Sheeran,+,fwdbtn,trackdone,TRUE,FALSE
6vCLIvOIabRk1XQfMb6RXi,2024-08-01 19:37:52,android,140160,I Looked at You,The Doors,The Doors,trackdone,trackdone,TRUE,FALSE
52vA3CYKZqZVdQnzRrdZt6,2024-08-01 19:41:05,android,192053,The Times They Are A-Changin',Bob Dylan,The Times They Are A-Changin',trackdone,trackdone,TRUE,FALSE
73jni6EKsiRZVoYgfej0fQ,2024-08-01 19:44:54,android,228613,Just a Memory,Train,Bulletproof Picasso,trackdone,trackdone,TRUE,FALSE
3Umg8CDhO8dOSj7yBTInYb,2024-08-01 19:49:59,android,304666,Within You Without You - Remastered 2009,The Beatles,Sgt. Pepper's Lonely Hearts Club Band,trackdone,trackdone,TRUE,FALSE
64bKVrkaXQAKx04dLHqCNz,2024-08-01 19:52:18,android,138520,Think For Yourself - Remastered 2009,The Beatles,Rubber Soul,trackdone,trackdone,TRUE,FALSE
6nTiIhLmQ3FWhvrGafw2zj,2024-08-01 19:55:15,android,176346,American Idiot,Green Day,American Idiot,trackdone,trackdone,TRUE,FALSE
1Dg4dFJr3HW7sbA7vPejre,2024-08-01 19:57:59,android,163600,Eight Days A Week - Remastered 2009,The Beatles,Beatles For Sale,trackdone,trackdone,TRUE,FALSE
1ZS5HBMAmZk3gjFcedts66,2024-08-01 20:01:52,android,232533,Sway - 2009 Mix,The Rolling Stones,Sticky Fingers,trackdone,trackdone,TRUE,FALSE
7Dm3dV3WPNdTgxoNY7YFnc,2024-08-01 20:06:23,android,269813,The Chain - 2004 Remaster,Fleetwood Mac,Rumours,trackdone,trackdone,TRUE,FALSE
3aCjJgEAW018s9BuGiAgob,2024-08-01 20:09:41,android,197866,Beautiful People (feat. Khalid),Ed Sheeran,No.6 Collaborations Project,trackdone,trackdone,TRUE,FALSE
5ZsJidhpJJ4qFhmp5h5oyk,2024-08-01 20:12:34,android,172885,Love Is Selfish,Jack White,Love Is Selfish,trackdone,trackdone,TRUE,FALSE
2Fxmhks0bxGSBdJ92vM42m,2024-08-01 20:16:12,android,194087,bad guy,Billie Eilish,"WHEN WE ALL FALL ASLEEP, WHERE DO WE GO?",trackdone,trackdone,TRUE,FALSE
2Q9gMRzQF3PTuJ3dCVVwmx,2024-08-01 20:18:09,android,116533,You're Nobody Till Somebody Loves You,Dean Martin,The Essential Dean Martin,trackdone,trackdone,TRUE,FALSE
2vFYhHS8ycUITvZYownH5K,2024-08-01 20:24:14,android,363440,"Belief - Live at the Nokia Theatre, Los Angeles, CA - December 2007",John Mayer,Where the Light Is: John Mayer Live In Los Angeles,trackdone,trackdone,TRUE,FALSE
0kImdohyHuuk2yTyfYftGq,2024-08-01 20:26:53,android,159291,Hot House of Omagarashid,The Yardbirds,Roger the Engineer (Expanded Edition),trackdone,trackdone,TRUE,FALSE
2SJf7W18D1AEpr8L9ATu0c,2024-08-01 20:30:19,android,205113,Yesterday,Imagine Dragons,Evolve,trackdone,trackdone,TRUE,FALSE
3Ux1NWoNPOUGdqgm95Xb7n,2024-08-01 20:34:49,android,269521,Got My Mind Set on You - Live,Brandon Flowers,George Fest: A Night to Celebrate the Music of George Harrison,trackdone,trackdone,TRUE,FALSE
6fxcpQMUoX0ofnbIHVnVWN,2024-08-01 20:38:57,android,247344,Out on the Tiles - Remaster,Led Zeppelin,Led Zeppelin III,trackdone,trackdone,TRUE,FALSE
7I51Ui80HLoXK4C9BOjDrz,2024-08-01 20:42:09,android,192013,The Diamond Church Street Choir,The Gaslight Anthem,American Slang,trackdone,trackdone,TRUE,FALSE
1ewh8oh6Z8Y3cugesrTPkN,2024-08-01 20:45:36,android,205933,Sick of You,Lou Reed,New York,trackdone,trackdone,TRUE,FALSE
3rIxA8zMJNoMn6wYq9uA0x,2024-08-01 20:49:05,android,209160,Lady Stardust,Seu Jorge,The Life Aquatic Exclusive Studio Sessions Featuring Seu Jorge,trackdone,trackdone,TRUE,FALSE
1znjNOAgnNeGHrGb2hynUX,2024-08-01 20:52:15,android,189120,The Night Time Is The Right Time,Creedence Clearwater Revival,Green River,trackdone,trackdone,TRUE,FALSE
0rRboI6IRuGx56Dq3UdYY4,2024-08-01 20:55:33,android,197760,Because I Got High,Afroman,The Good Times,trackdone,trackdone,TRUE,FALSE
35cc8RpxVa5KaE07RB0iqj,2024-08-01 20:59:28,android,234640,I Don't Wanna Get Wise,The Who,WHO,trackdone,trackdone,TRUE,FALSE
3i7ZIyOG3VsWmsVKDfVVB8,2024-08-01 21:03:50,android,209084,Hot Potatoes,The Kinks,Everybody's in Show-Biz,trackdone,trackdone,TRUE,FALSE
3wYZ1oDtOxmIBDUlXeTIYM,2024-08-01 21:08:09,android,259333,Junior’s Farm - One Hand Clapping Sessions,Paul McCartney,One Hand Clapping,trackdone,trackdone,TRUE,FALSE
4cezgEHMXLDu0bDMP0MFT2,2024-08-01 21:09:40,android,89373,"Folsom Prison Blues - Live at San Quentin State Prison, San Quentin, CA - February 1969",Johnny Cash,At San Quentin,trackdone,trackdone,TRUE,FALSE
4pTvgNra8siMoIT8u3epTr,2024-08-01 21:10:30,android,49906,Enterlude,The Killers,Sam's Town,trackdone,trackdone,TRUE,FALSE
5g4XgFRyTaz9cjSQhq37ey,2024-08-01 21:14:35,android,244346,Penitentiary,Houndmouth,From the Hills Below the City,trackdone,trackdone,TRUE,FALSE
2lwwrWVKdf3LR9lbbhnr6R,2024-08-01 21:18:04,android,208466,Float On,Modest Mouse,Good News For People Who Love Bad News,trackdone,trackdone,TRUE,FALSE
0YZKbKo9i91i7LD0m1KASq,2024-08-01 21:28:38,android,634013,Carouselambra - Remaster,Led Zeppelin,In Through the out Door,trackdone,trackdone,TRUE,FALSE
4AFwnrH5atiJoAd5xS5QtR,2024-08-01 22:15:39,android,159170,The Man Who Can't Be Moved,The Script,The Script,trackdone,logout,TRUE,FALSE
4AFwnrH5atiJoAd5xS5QtR,2024-08-02 02:06:34,android,82223,The Man Who Can't Be Moved,The Script,The Script,appload,trackdone,TRUE,FALSE
2EC9IJj7g0mN1Q5VrZkiYY,2024-08-02 02:11:09,android,274746,Rebel Rebel - 2016 Remaster,David Bowie,Diamond Dogs,trackdone,trackdone,TRUE,FALSE
0S6CXA5LpRDX6b4akgrOot,2024-08-02 02:14:21,android,191426,Love is a Laserquest,Arctic Monkeys,Suck It and See,trackdone,trackdone,TRUE,FALSE
3KANrKOFYyAxfjQJHkgBdb,2024-08-02 02:18:16,android,234106,Smile Like You Mean It,The Killers,Hot Fuss,trackdone,trackdone,TRUE,FALSE
7vMCInGW1N1uTFC1LoklEM,2024-08-02 03:48:34,android,141934,Old Brown Shoe - Remastered 2009,The Beatles,Past Masters,trackdone,logout,TRUE,FALSE
7vMCInGW1N1uTFC1LoklEM,2024-08-02 04:24:21,android,57978,Old Brown Shoe - Remastered 2009,The Beatles,Past Masters,appload,trackdone,TRUE,FALSE
5yh0phgrkE0qQeWJs3x3hf,2024-08-02 04:25:17,android,54652,Fawkes Is Reborn,John Williams,Harry Potter and The Chamber of Secrets/ Original Motion Picture Soundtrack,trackdone,fwdbtn,TRUE,TRUE
3RFbN6uaej8kWiQun3XIAz,2024-08-02 04:25:20,android,2578,The Light,The Mud Howlers,R.R.R,fwdbtn,fwdbtn,TRUE,TRUE
6Pur3hWy6Nzc27ilmsp5HA,2024-08-02 04:29:01,android,222226,Lamento Boliviano,Los Enanitos Verdes,Big Bang,fwdbtn,trackdone,TRUE,FALSE
2zLLGT8WWT1dl73TlVL9qs,2024-08-02 04:33:25,android,262925,Mariposa Traicionera - 2020 Remasterizado,Maná,Revolución De Amor,trackdone,trackdone,TRUE,FALSE
3TO7bbrUKrOSPGRTB5MeCz,2024-08-02 04:40:19,android,413947,Time,Pink Floyd,The Dark Side of the Moon,trackdone,trackdone,TRUE,FALSE
7N2PNxzZXxCdAHiAfsklhT,2024-08-02 05:08:17,android,71941,"Check Yes, Juliet",We The Kings,We The Kings,trackdone,logout,TRUE,FALSE
7N2PNxzZXxCdAHiAfsklhT,2024-08-02 14:45:30,android,149214,"Check Yes, Juliet",We The Kings,We The Kings,appload,trackdone,TRUE,FALSE
0ft7ppZbtp4diHB91RimIJ,2024-08-02 14:48:18,android,168044,Awaiting on You All (2014 Remaster),George Harrison,All Things Must Pass,trackdone,trackdone,TRUE,FALSE
3buvRn4CDX86EO9LHTITGn,2024-08-02 15:05:13,android,93367,Heartbreaker - Remaster,Led Zeppelin,Led Zeppelin II,trackdone,logout,TRUE,FALSE
3buvRn4CDX86EO9LHTITGn,2024-08-02 15:56:26,android,161814,Heartbreaker - Remaster,Led Zeppelin,Led Zeppelin II,appload,trackdone,TRUE,FALSE
5vHdwdz030JVW8MrpglGB5,2024-08-02 16:13:24,android,109745,The Spiritual,Jukebox The Ghost,Safe Travels,trackdone,logout,TRUE,FALSE
5vHdwdz030JVW8MrpglGB5,2024-08-02 17:32:56,android,120230,The Spiritual,Jukebox The Ghost,Safe Travels,appload,trackdone,TRUE,FALSE
6qZjm61s6u8Ead9sWxCDro,2024-08-02 17:34:39,android,85691,Elephant,Tame Impala,Lonerism,trackdone,fwdbtn,TRUE,TRUE
5K2yYEoc9ljOlzoMnhQSgm,2024-08-02 18:06:22,android,46429,Hot Dog - Remaster,Led Zeppelin,In Through the out Door,fwdbtn,logout,TRUE,FALSE
65EhfozJEurgR34SyrNV3P,2024-08-02 20:24:05,android,197320,Why Did It Have To Be Me?,ABBA,Arrival,clickrow,endplay,TRUE,TRUE
2HPB3px8MJZRMfu1L65Z41,2024-08-02 20:27:18,android,193440,Does Your Mother Know,ABBA,Voulez-Vous,clickrow,trackdone,TRUE,FALSE
0o1itZURoZ70rgXiLijzB0,2024-08-02 20:30:36,android,197760,Jambalaya (On The Bayou),John Fogerty,The Blue Ridge Rangers,trackdone,trackdone,TRUE,FALSE
7BvuV4c1BGhaRapcXvRu5z,2024-08-02 20:33:42,android,185026,You Might Think,The Cars,Heartbeat City,trackdone,trackdone,TRUE,FALSE
2vMQmBmcmFsdLQQgXl3PtE,2024-08-02 20:36:28,android,166053,Waterloo,ABBA,Waterloo,trackdone,trackdone,TRUE,FALSE
77oU2rjC5XbjQfNe3bD6so,2024-08-02 20:40:54,android,265173,Beast Of Burden - Remastered 1994,The Rolling Stones,Some Girls,trackdone,trackdone,TRUE,FALSE
1x1XQqhBViz4opcpwc7FVs,2024-08-02 20:45:32,android,277467,Reelin' In The Years,Steely Dan,Can't Buy A Thrill,trackdone,trackdone,TRUE,FALSE
5Bh8l8evdBSIoaK6EP1bWI,2024-08-02 20:48:48,android,195760,Baby Driver,Simon & Garfunkel,Bridge Over Troubled Water,trackdone,trackdone,TRUE,FALSE
09nDcxFx9DAkpfxDjse4gZ,2024-08-02 20:51:48,android,179506,Shoegaze,Alabama Shakes,Sound & Color,trackdone,trackdone,TRUE,FALSE
3Cx4yrFaX8CeHwBMReOWXI,2024-08-02 20:56:36,android,287733,We Didn't Start the Fire,Billy Joel,Storm Front,trackdone,trackdone,TRUE,FALSE
2TxCwUlqaOH3TIyJqGgR91,2024-08-02 21:00:10,android,213266,Mamma Mia,ABBA,Abba,trackdone,trackdone,TRUE,FALSE
6r7JAngkBzKGDKRUzLgY2U,2024-08-02 21:03:10,android,179853,The Ballad Of John And Yoko - Remastered 2009,The Beatles,Past Masters,trackdone,trackdone,TRUE,FALSE
0J2p4KYdr6Mg4ET6JPlbe1,2024-08-02 21:07:24,android,252853,Super Trouper,ABBA,Super Trouper,trackdone,trackdone,TRUE,FALSE
2dq2J24oIF67Uvttut4dv7,2024-08-02 21:09:30,android,125893,Treat Her Right,Roy Head And The Traits,The Best Of Roy Head,trackdone,trackdone,TRUE,FALSE
60m29Z8TtocKOqDlQEbwUS,2024-08-02 21:13:12,android,221040,The Entertainer,Billy Joel,Streetlife Serenade,trackdone,trackdone,TRUE,FALSE
2OSfEYKhlSsLx6vn4O75RK,2024-08-02 21:16:11,android,178493,I Want You Back,The Jackson 5,Greatest Hits,trackdone,trackdone,TRUE,FALSE
2LawezPeJhN4AWuSB0GtAU,2024-08-02 21:18:51,android,160133,Have You Ever Seen The Rain,Creedence Clearwater Revival,Pendulum,trackdone,trackdone,TRUE,FALSE
6kCJMxv445L2okuTiou1fR,2024-08-02 21:22:41,android,229200,Tell Her About It,Billy Joel,An Innocent Man,trackdone,trackdone,TRUE,FALSE
30qVCFYKBtAENjTIBA8FPZ,2024-08-02 21:26:49,android,247626,The River of Dreams,Billy Joel,River Of Dreams,trackdone,trackdone,TRUE,FALSE
70MqJOpUHPB10OzrI06x7U,2024-08-02 21:29:46,android,176693,Son of a Lovin' Man,Buchanan Brothers,Quentin Tarantino's Once Upon a Time in Hollywood Original Motion Picture Soundtrack,trackdone,trackdone,TRUE,FALSE
4kwsk1FTbZf5yTTtnMaELv,2024-08-02 21:33:25,android,218000,I'm Gonna Be Somebody,Jack Mack,The Best of Jack Mack & The Heart Attack,trackdone,trackdone,TRUE,FALSE
4w3tQBXhn5345eUXDGBWZG,2024-08-02 21:36:08,android,162466,9 to 5,Dolly Parton,9 To 5 And Odd Jobs,trackdone,trackdone,TRUE,FALSE
1HuAR7RyNWQq6vHwOFHWqx,2024-08-02 21:39:54,android,225586,I'm on My Way,The Proclaimers,Sunshine on Leith,trackdone,trackdone,TRUE,FALSE
5IMtdHjJ1OtkxbGe4zfUxQ,2024-08-02 21:44:31,android,276493,Escape (The Pina Colada Song),Rupert Holmes,Partners In Crime,trackdone,trackdone,TRUE,FALSE
2RlgNHKcydI9sayD2Df2xp,2024-08-02 21:49:35,android,303373,Mr. Blue Sky,Electric Light Orchestra,Out of the Blue,trackdone,trackdone,TRUE,FALSE
5BckPAYcKEJuYs1eV1BHHe,2024-08-02 21:53:39,android,243933,Take A Chance On Me,ABBA,The Album,trackdone,trackdone,TRUE,FALSE
714hERk9U1W8FMYkoC83CO,2024-08-02 21:57:45,android,244920,You Sexy Thing,Hot Chocolate,Hot Chocolate,trackdone,trackdone,TRUE,FALSE
6qF3qHvzEmh7bkdBatxQuS,2024-08-02 22:00:26,android,160680,Snoopy Vs. The Red Baron,The Royal Guardsmen,Snoopy Vs. The Red Baron,trackdone,trackdone,TRUE,FALSE
4ZoBC5MhSEzuknIgAkBaoT,2024-08-02 22:05:10,android,284000,My Life,Billy Joel,52nd Street,trackdone,trackdone,TRUE,FALSE
6g4vHtdGqD5eEgpf7nKISk,2024-08-02 22:08:08,android,177360,Don't Ask Me Why,Billy Joel,Glass Houses,trackdone,trackdone,TRUE,FALSE
2CQRYn5cTD2B9a1ONjhTN2,2024-08-02 22:10:34,android,145800,Wouldn't It Be Nice - Mono,The Beach Boys,Pet Sounds,trackdone,trackdone,TRUE,FALSE
64UioB4Nmwgn2f4cbIpAkl,2024-08-02 22:13:31,android,176440,It's Still Rock and Roll to Me,Billy Joel,Glass Houses,trackdone,trackdone,TRUE,FALSE
6Ac4NVYYl2U73QiTt11ZKd,2024-08-02 22:16:25,android,172866,Hooked On A Feeling,Blue Swede,Hooked On A Feeling,trackdone,trackdone,TRUE,FALSE
1NoWKTDd0FnhUiIevfCU7u,2024-08-02 22:19:15,android,169853,Waiting on a Song,Dan Auerbach,Waiting on a Song,trackdone,trackdone,TRUE,FALSE
3CPID5jKTRXhTK3yHf66KX,2024-08-02 22:22:51,android,215533,Another One Bites The Dust,Queen,The Game,trackdone,trackdone,TRUE,FALSE
5Wj1rJnCLpMHdLaxsFtJLs,2024-08-02 22:30:29,android,322548,Bennie And The Jets - Remastered 2014,Elton John,Goodbye Yellow Brick Road,trackdone,trackdone,TRUE,FALSE
22LGgFochmXJw5vVr5knDl,2024-08-02 22:34:02,android,212226,Optimista,Caloncho,Bálsamo,trackdone,trackdone,TRUE,FALSE
798cuJeotvXP8UVa8GJPnD,2024-08-02 22:38:04,android,241920,"Knowing Me, Knowing You",ABBA,Arrival,trackdone,trackdone,TRUE,FALSE
2jNCofCae2Txs2zaegNLOt,2024-08-02 22:41:33,android,209160,Don't Stop Me Now,Queen,Jazz,trackdone,trackdone,TRUE,FALSE
40V54Cj1JFSTpaJi8UikZE,2024-08-02 22:47:22,android,347800,Radio Ga Ga,Queen,The Works,trackdone,trackdone,TRUE,FALSE
7rgZTzcjofQJY5kz9FO3OS,2024-08-02 22:51:29,android,246906,Under Pressure,Queen,Hot Space,trackdone,trackdone,TRUE,FALSE
7d5pdWpsT253dpJIHMD7wL,2024-08-02 22:54:40,android,190531,We Somebody Y'all,MonoNeon,Supermane,trackdone,trackdone,TRUE,FALSE
3gdewACMIVMEWVbyb8O9sY,2024-08-02 23:17:10,android,117865,"Rocket Man (I Think It's Going To Be A Long, Long Time)",Elton John,Honky Chateau,trackdone,fwdbtn,TRUE,TRUE
39S2xu12I1IwMVqSvoORSh,2024-08-02 23:17:48,android,37682,Brother Love's Travelling Salvation Show,Neil Diamond,Brother Love's Travelling Salvation Show,fwdbtn,endplay,TRUE,TRUE
72Z17vmmeQKAg8bptWvpVG,2024-08-02 23:23:06,android,318026,Space Oddity - 2015 Remaster,David Bowie,David Bowie (aka Space Oddity),clickrow,trackdone,TRUE,FALSE
7d5pdWpsT253dpJIHMD7wL,2024-08-02 23:26:16,android,190531,We Somebody Y'all,MonoNeon,Supermane,trackdone,trackdone,TRUE,FALSE
2RlgNHKcydI9sayD2Df2xp,2024-08-02 23:31:20,android,303373,Mr. Blue Sky,Electric Light Orchestra,Out of the Blue,trackdone,trackdone,TRUE,FALSE
77oU2rjC5XbjQfNe3bD6so,2024-08-02 23:35:46,android,265173,Beast Of Burden - Remastered 1994,The Rolling Stones,Some Girls,trackdone,trackdone,TRUE,FALSE
5CG4RXjli90Zd1KDalPqeK,2024-08-02 23:40:54,android,232626,Crippled Inside - Remastered 2010,John Lennon,Imagine,trackdone,trackdone,TRUE,FALSE
20OFwXhEXf12DzwXmaV7fj,2024-08-02 23:43:16,android,141600,Bad Moon Rising,Creedence Clearwater Revival,Green River,trackdone,trackdone,TRUE,FALSE
6g4vHtdGqD5eEgpf7nKISk,2024-08-02 23:46:14,android,177360,Don't Ask Me Why,Billy Joel,Glass Houses,trackdone,trackdone,TRUE,FALSE
2OSfEYKhlSsLx6vn4O75RK,2024-08-02 23:49:13,android,178493,I Want You Back,The Jackson 5,Greatest Hits,trackdone,trackdone,TRUE,FALSE
0GjEhVFGZW8afUYGChu3Rr,2024-08-02 23:53:04,android,230400,Dancing Queen,ABBA,Arrival,trackdone,trackdone,TRUE,FALSE
6Ac4NVYYl2U73QiTt11ZKd,2024-08-02 23:55:58,android,172866,Hooked On A Feeling,Blue Swede,Hooked On A Feeling,trackdone,trackdone,TRUE,FALSE
3N8RnWuuvGpozWyeqgGvU7,2024-08-02 23:58:27,android,145026,You're the One,The Vogues,At CO & CE - the Complete Singles & More,trackdone,trackdone,TRUE,FALSE
0qRR9d89hIS0MHRkQ0ejxX,2024-08-03 00:00:50,android,142786,Rich Girl,Daryl Hall & John Oates,Bigger Than Both Of Us,trackdone,trackdone,TRUE,FALSE
6kCJMxv445L2okuTiou1fR,2024-08-03 00:04:40,android,229200,Tell Her About It,Billy Joel,An Innocent Man,trackdone,trackdone,TRUE,FALSE
6ek9SiEj5a65WIs2EV7qiM,2024-08-03 00:07:08,android,148053,Son Of A Preacher Man,Dusty Springfield,Dusty In Memphis,trackdone,trackdone,TRUE,FALSE
4ZoBC5MhSEzuknIgAkBaoT,2024-08-03 00:11:53,android,284000,My Life,Billy Joel,52nd Street,trackdone,trackdone,TRUE,FALSE
1NoWKTDd0FnhUiIevfCU7u,2024-08-03 00:14:43,android,169853,Waiting on a Song,Dan Auerbach,Waiting on a Song,trackdone,trackdone,TRUE,FALSE
40LhKDgQNW1m9s5gq6gVcN,2024-08-03 00:17:46,android,182280,New York Groove,Ace Frehley,American Animals (Original Motion Picture Soundtrack),trackdone,trackdone,TRUE,FALSE
5IMtdHjJ1OtkxbGe4zfUxQ,2024-08-03 00:22:23,android,276493,Escape (The Pina Colada Song),Rupert Holmes,Partners In Crime,trackdone,trackdone,TRUE,FALSE
64UioB4Nmwgn2f4cbIpAkl,2024-08-03 00:25:20,android,176440,It's Still Rock and Roll to Me,Billy Joel,Glass Houses,trackdone,trackdone,TRUE,FALSE
2jNCofCae2Txs2zaegNLOt,2024-08-03 00:28:49,android,209160,Don't Stop Me Now,Queen,Jazz,trackdone,trackdone,TRUE,FALSE
7rgZTzcjofQJY5kz9FO3OS,2024-08-03 00:32:57,android,246906,Under Pressure,Queen,Hot Space,trackdone,trackdone,TRUE,FALSE
2TxCwUlqaOH3TIyJqGgR91,2024-08-03 00:36:31,android,213266,Mamma Mia,ABBA,Abba,trackdone,trackdone,TRUE,FALSE
1x1XQqhBViz4opcpwc7FVs,2024-08-03 00:41:09,android,277467,Reelin' In The Years,Steely Dan,Can't Buy A Thrill,trackdone,trackdone,TRUE,FALSE
6qF3qHvzEmh7bkdBatxQuS,2024-08-03 00:43:50,android,160680,Snoopy Vs. The Red Baron,The Royal Guardsmen,Snoopy Vs. The Red Baron,trackdone,trackdone,TRUE,FALSE
30qVCFYKBtAENjTIBA8FPZ,2024-08-03 00:47:58,android,247626,The River of Dreams,Billy Joel,River Of Dreams,trackdone,trackdone,TRUE,FALSE
0YdSIXOY8QWbRtWaBlnlNo,2024-08-03 00:52:55,android,296938,Did My Best,The Voidz,Did My Best,trackdone,trackdone,TRUE,FALSE
5cDHV67TxLrdz4ITUVQswH,2024-08-03 00:55:20,android,144200,Hang Loose,Alabama Shakes,Boys & Girls,trackdone,trackdone,TRUE,FALSE
6ckUX8cgcqjoNGTd2A2Pvd,2024-08-03 00:59:30,android,249169,Always Alright,Alabama Shakes,Always Alright,trackdone,trackdone,TRUE,FALSE
2CQRYn5cTD2B9a1ONjhTN2,2024-08-03 01:01:56,android,145800,Wouldn't It Be Nice - Mono,The Beach Boys,Pet Sounds,trackdone,trackdone,TRUE,FALSE
1b7LMtXCXGc2EwOIplI35z,2024-08-03 01:05:21,android,203893,Stuck In The Middle With You,Stealers Wheel,Reservoir Dogs,trackdone,trackdone,TRUE,FALSE
39S2xu12I1IwMVqSvoORSh,2024-08-03 01:08:53,android,211862,Brother Love's Travelling Salvation Show,Neil Diamond,Brother Love's Travelling Salvation Show,trackdone,trackdone,TRUE,FALSE
6r7JAngkBzKGDKRUzLgY2U,2024-08-03 01:11:53,android,179853,The Ballad Of John And Yoko - Remastered 2009,The Beatles,Past Masters,trackdone,trackdone,TRUE,FALSE
65EhfozJEurgR34SyrNV3P,2024-08-03 01:15:14,android,200746,Why Did It Have To Be Me?,ABBA,Arrival,trackdone,trackdone,TRUE,FALSE
6xdLJrVj4vIXwhuG8TMopk,2024-08-03 01:17:58,android,163373,Crazy Little Thing Called Love - Remastered 2011,Queen,The Game,trackdone,trackdone,TRUE,FALSE
2LawezPeJhN4AWuSB0GtAU,2024-08-03 01:20:39,android,160133,Have You Ever Seen The Rain,Creedence Clearwater Revival,Pendulum,trackdone,trackdone,TRUE,FALSE
2xabqm0YNQCTcPteQjJ22K,2024-08-03 01:24:35,android,235560,Only the Good Die Young,Billy Joel,The Stranger,trackdone,trackdone,TRUE,FALSE
1HuAR7RyNWQq6vHwOFHWqx,2024-08-03 01:28:21,android,225586,I'm on My Way,The Proclaimers,Sunshine on Leith,trackdone,trackdone,TRUE,FALSE
5Wj1rJnCLpMHdLaxsFtJLs,2024-08-03 01:33:44,android,322548,Bennie And The Jets - Remastered 2014,Elton John,Goodbye Yellow Brick Road,trackdone,trackdone,TRUE,FALSE
5Bh8l8evdBSIoaK6EP1bWI,2024-08-03 01:37:00,android,195760,Baby Driver,Simon & Garfunkel,Bridge Over Troubled Water,trackdone,trackdone,TRUE,FALSE
4o6BgsqLIBViaGVbx5rbRk,2024-08-03 01:40:11,android,190626,You Make My Dreams (Come True),Daryl Hall & John Oates,Voices,trackdone,trackdone,TRUE,FALSE
7gMOe0gXYcELUoVugfMmHP,2024-08-03 01:44:25,android,253200,You May Be Right,Billy Joel,Glass Houses,trackdone,trackdone,TRUE,FALSE
4kwsk1FTbZf5yTTtnMaELv,2024-08-03 01:48:04,android,218000,I'm Gonna Be Somebody,Jack Mack,The Best of Jack Mack & The Heart Attack,trackdone,trackdone,TRUE,FALSE
0o1itZURoZ70rgXiLijzB0,2024-08-03 01:51:22,android,197760,Jambalaya (On The Bayou),John Fogerty,The Blue Ridge Rangers,trackdone,trackdone,TRUE,FALSE
1jDJFeK9x3OZboIAHsY9k2,2024-08-03 01:54:26,android,183440,I'm Still Standing,Elton John,Too Low For Zero,trackdone,trackdone,TRUE,FALSE
2dq2J24oIF67Uvttut4dv7,2024-08-03 01:56:32,android,125893,Treat Her Right,Roy Head And The Traits,The Best Of Roy Head,trackdone,trackdone,TRUE,FALSE
798cuJeotvXP8UVa8GJPnD,2024-08-03 02:00:35,android,241920,"Knowing Me, Knowing You",ABBA,Arrival,trackdone,trackdone,TRUE,FALSE
3CPID5jKTRXhTK3yHf66KX,2024-08-03 02:04:11,android,215533,Another One Bites The Dust,Queen,The Game,trackdone,trackdone,TRUE,FALSE
72ahyckBJfTigJCFCviVN7,2024-08-03 02:08:15,android,243373,Don't Bring Me Down,Electric Light Orchestra,Discovery,trackdone,trackdone,TRUE,FALSE
7yFvSYKk3g5g8e7Ffl16ws,2024-08-03 02:11:16,android,180266,Three Little Birds,Bob Marley & The Wailers,Exodus,trackdone,trackdone,TRUE,FALSE
4w3tQBXhn5345eUXDGBWZG,2024-08-03 02:13:59,android,162466,9 to 5,Dolly Parton,9 To 5 And Odd Jobs,trackdone,trackdone,TRUE,FALSE
0sKlV58cODrjxGFOyf9IXY,2024-08-03 02:18:57,android,298120,The Way You Make Me Feel - 2012 Remaster,Michael Jackson,Bad 25th Anniversary,trackdone,trackdone,TRUE,FALSE
09nDcxFx9DAkpfxDjse4gZ,2024-08-03 02:21:57,android,179506,Shoegaze,Alabama Shakes,Sound & Color,trackdone,trackdone,TRUE,FALSE
2Hh5bVMx6OXwnDTExj1qdW,2024-08-03 02:26:34,android,276133,Put Your Life on It,Kasabian,For Crying Out Loud (Deluxe),trackdone,trackdone,TRUE,FALSE
3gdewACMIVMEWVbyb8O9sY,2024-08-03 02:31:16,android,281613,"Rocket Man (I Think It's Going To Be A Long, Long Time)",Elton John,Honky Chateau,trackdone,trackdone,TRUE,FALSE
7BvuV4c1BGhaRapcXvRu5z,2024-08-03 02:34:21,android,185026,You Might Think,The Cars,Heartbeat City,trackdone,trackdone,TRUE,FALSE
714hERk9U1W8FMYkoC83CO,2024-08-03 02:38:27,android,244920,You Sexy Thing,Hot Chocolate,Hot Chocolate,trackdone,trackdone,TRUE,FALSE
60m29Z8TtocKOqDlQEbwUS,2024-08-03 02:42:08,android,221040,The Entertainer,Billy Joel,Streetlife Serenade,trackdone,trackdone,TRUE,FALSE
2T43UrvAg60ubJVo5KQ3t7,2024-08-03 02:45:37,android,208306,Come and Get Your Love (Rerecorded Version),Redbone,The Best Of Redbone,trackdone,trackdone,TRUE,FALSE
5BckPAYcKEJuYs1eV1BHHe,2024-08-03 02:49:42,android,243933,Take A Chance On Me,ABBA,The Album,trackdone,trackdone,TRUE,FALSE
2HPB3px8MJZRMfu1L65Z41,2024-08-03 02:52:55,android,193440,Does Your Mother Know,ABBA,Voulez-Vous,trackdone,trackdone,TRUE,FALSE
40V54Cj1JFSTpaJi8UikZE,2024-08-03 03:01:12,android,347800,Radio Ga Ga,Queen,The Works,trackdone,trackdone,TRUE,FALSE
70MqJOpUHPB10OzrI06x7U,2024-08-03 03:04:09,android,176693,Son of a Lovin' Man,Buchanan Brothers,Quentin Tarantino's Once Upon a Time in Hollywood Original Motion Picture Soundtrack,trackdone,trackdone,TRUE,FALSE
2vMQmBmcmFsdLQQgXl3PtE,2024-08-03 03:06:56,android,166053,Waterloo,ABBA,Waterloo,trackdone,trackdone,TRUE,FALSE
3XTMlSEQR8cLQsNONpawJa,2024-08-03 03:11:13,android,256706,Fat Bottomed Girls,Queen,Jazz,trackdone,trackdone,TRUE,FALSE
2Cy7QY8HPLk925AyNAt6OG,2024-08-03 03:14:36,android,202853,Black or White - Single Version,Michael Jackson,The Essential Michael Jackson,trackdone,trackdone,TRUE,FALSE
7zMUCLm1TN9o9JlLISztxO,2024-08-03 03:17:27,android,170293,Burning Love,Elvis Presley,Elvis (Fool),trackdone,trackdone,TRUE,FALSE
3Cx4yrFaX8CeHwBMReOWXI,2024-08-03 03:22:15,android,287733,We Didn't Start the Fire,Billy Joel,Storm Front,trackdone,trackdone,TRUE,FALSE
54ZMu7omgz5h9xNbkGkAFG,2024-08-03 03:25:04,android,168080,Superdeli,Caloncho,Tofu,trackdone,trackdone,TRUE,FALSE
0J2p4KYdr6Mg4ET6JPlbe1,2024-08-03 03:36:41,android,252853,Super Trouper,ABBA,Super Trouper,trackdone,trackdone,TRUE,FALSE
22LGgFochmXJw5vVr5knDl,2024-08-03 03:40:46,android,212226,Optimista,Caloncho,Bálsamo,trackdone,trackdone,TRUE,FALSE
72Z17vmmeQKAg8bptWvpVG,2024-08-03 05:23:34,android,7767,Space Oddity - 2015 Remaster,David Bowie,David Bowie (aka Space Oddity),trackdone,logout,TRUE,FALSE
3PhbzvTllkq1rkULafc6ns,2024-08-03 18:18:15,android,217720,The Ultracheese,Arctic Monkeys,Tranquility Base Hotel & Casino,playbtn,trackdone,TRUE,FALSE
35fC3Wq3slX4OBfyvBVmHm,2024-08-03 18:23:00,android,284800,Samba Pa Ti,Santana,Abraxas,trackdone,trackdone,TRUE,FALSE
4Im6GRj17qa7NW76OsJh1s,2024-08-03 18:27:47,android,286386,I Guess I Just Feel Like,John Mayer,Sob Rock,trackdone,trackdone,TRUE,FALSE
48eRbUfNOF4xnNHwSSYubb,2024-08-03 18:30:08,android,140266,Angel Of Music,Andrew Lloyd Webber,The Phantom Of The Opera,trackdone,trackdone,TRUE,FALSE
6DUe3XqMPk2OMsT3QQfcVE,2024-08-03 18:32:57,android,168840,Little Lotte / The Mirror (Angel Of Music),Andrew Lloyd Webber,The Phantom Of The Opera,trackdone,trackdone,TRUE,FALSE
2jF3AQzvTj9L1Ax9Di5BYu,2024-08-03 18:38:07,android,309510,The Music Of The Night,Andrew Lloyd Webber,The Phantom Of The Opera,trackdone,fwdbtn,TRUE,TRUE
52KiYg6Kn2NB9riY2IwUgi,2024-08-03 18:42:21,android,254666,All I Ask Of You,Andrew Lloyd Webber,The Phantom Of The Opera,fwdbtn,trackdone,TRUE,FALSE
0F8VLTQGhNjBi1ltbVerdE,2024-08-03 18:45:44,android,203093,All I Ask Of You - Reprise,Andrew Lloyd Webber,The Phantom Of The Opera,trackdone,trackdone,TRUE,FALSE
0cLoao2k6VaLjbvtxtYCtO,2024-08-03 18:48:47,android,181693,Entr'Acte,Andrew Lloyd Webber,The Phantom Of The Opera,trackdone,trackdone,TRUE,FALSE
2AEpZqVzhE9w5soqgqDteN,2024-08-03 18:53:26,android,278693,I Dreamed A Dream - Live,Ruthie Henshall,Les Misérables (10th Anniversary Concert Live at Royal Albert Hall),trackdone,trackdone,TRUE,FALSE
5e7fP686wivIIJLX5TmJ6l,2024-08-03 18:56:38,android,191826,Who Am I? / The Trial - Live,Colm Wilkinson,Les Misérables (10th Anniversary Concert Live at Royal Albert Hall),trackdone,trackdone,TRUE,FALSE
036ufmMfHHoVWkAhUcHxQD,2024-08-03 19:02:00,android,321160,Master Of The House - Live,Alun Armstrong,Les Misérables (10th Anniversary Concert Live at Royal Albert Hall),trackdone,trackdone,TRUE,FALSE
1c57SWN0OSsLZGsSNtnE7o,2024-08-03 19:05:27,android,206466,Stars - Live,Philip Quast,Les Misérables (10th Anniversary Concert Live at Royal Albert Hall),trackdone,trackdone,TRUE,FALSE
3KyYAROzxfIPyazgg5o47G,2024-08-03 19:07:17,android,109733,Do You Hear The People Sing? - Live,Michael Maguire,Les Misérables (10th Anniversary Concert Live at Royal Albert Hall),trackdone,trackdone,TRUE,FALSE
62vBgmeAJZYrwaYJy5xDhv,2024-08-03 19:11:34,android,256800,One Day More! - Live,Les Misérables - 10th Anniversary Cast,Les Misérables (10th Anniversary Concert Live at Royal Albert Hall),trackdone,trackdone,TRUE,FALSE
4dGewjZWQhWhWvgvLcMUmf,2024-08-03 19:16:07,android,271733,Drink With Me - Live,Anthony Crivello,Les Misérables (10th Anniversary Concert Live at Royal Albert Hall),trackdone,trackdone,TRUE,FALSE
7aK1e6PKXTHVprxJzdsA6u,2024-08-03 19:25:24,android,556666,Epilogue (Finale) - Live,Colm Wilkinson,Les Misérables (10th Anniversary Concert Live at Royal Albert Hall),trackdone,trackdone,TRUE,FALSE
1Ipyu3OiogrZVxmhAE7Jiy,2024-08-03 19:29:35,android,251000,Encore 2: One Day More - Live,"The ""Les Misérables"" 10th Anniversary Full Cast",Les Misérables (10th Anniversary Concert Live at Royal Albert Hall),trackdone,trackdone,TRUE,FALSE
42KZ8Ico4auwb8jSijJtI1,2024-08-03 19:35:17,android,341866,Claudia's Theme - Version Eight,Lennie Niehaus,Unforgiven,trackdone,trackdone,TRUE,FALSE
4xx3UI7cLCk1awQPAPLeHj,2024-08-03 19:38:17,android,178666,Nuovo Cinema Paradiso,Ennio Morricone,Nuovo Cinema Paradiso (Original Motion Picture Soundtrack),trackdone,trackdone,TRUE,FALSE
7FZeb3WUrCInAITFu9ZLJ8,2024-08-03 19:42:10,android,232965,"Por una Cabeza (From ""Parfum de femme"")",Gerardo Matos Rodríguez,"A Time for Us (Silence, on joue!)",trackdone,trackdone,TRUE,FALSE
2ejVc73K8orfIk9W2uZKlg,2024-08-03 19:45:21,android,190226,Cavalleria rusticana: Intermezzo,Pietro Mascagni,Mascagni: Cavalleria Rusticana/Leoncavallo: Pagliacci,trackdone,trackdone,TRUE,FALSE
6c4PzBRdDoiQHGmdbUdkyz,2024-08-03 19:48:11,android,169880,Gianni Schicchi: O mio babbino caro,Giacomo Puccini,''O mio babbino caro'',trackdone,trackdone,TRUE,FALSE
3uX11UryFh2ujpeZBWYgkv,2024-08-03 19:51:09,android,177333,"Turandot, Act III: Nessun dorma!",Giacomo Puccini,Puccini: Turandot (Highlights),trackdone,trackdone,TRUE,FALSE
2TIqPCx2Tm9IeTA0MiUk1U,2024-08-03 19:54:34,android,204533,'O sole mio (Arr. Chiaramello),Eduardo di Capua,Luciano Pavarotti - O Sole Mio - Favourite Neapolitan Songs,trackdone,trackdone,TRUE,FALSE
0tyWs7VaLmVvUkFXd9nyfj,2024-08-03 19:58:30,android,235446,Cuando Me Enamoro,Andrea Bocelli,Amor,trackdone,trackdone,TRUE,FALSE
6TqXieeBcZZHyaO14hQpKx,2024-08-03 20:02:59,android,268866,Luz De Dia,Los Enanitos Verdes,Nectar,trackdone,trackdone,TRUE,FALSE
3LXFi1Xk9qJsYXYEjDcuVH,2024-08-03 20:55:45,android,311261,19 Dias y 500 Noches - En Directo,Joaquín Sabina,Nos Sobran Los Motivos,trackdone,logout,TRUE,FALSE
3LXFi1Xk9qJsYXYEjDcuVH,2024-08-03 22:30:29,android,7808,19 Dias y 500 Noches - En Directo,Joaquín Sabina,Nos Sobran Los Motivos,appload,trackdone,TRUE,FALSE
1bXLpqe49cqEpj88uPR4pu,2024-08-03 22:32:09,android,98625,Reckless Serenade,Arctic Monkeys,Suck It and See,trackdone,fwdbtn,TRUE,TRUE
2jF3AQzvTj9L1Ax9Di5BYu,2024-08-03 22:36:22,android,115778,The Music Of The Night,Andrew Lloyd Webber,The Phantom Of The Opera,fwdbtn,unknown,TRUE,FALSE
2jF3AQzvTj9L1Ax9Di5BYu,2024-08-03 23:16:25,android,161059,The Music Of The Night,Andrew Lloyd Webber,The Phantom Of The Opera,remote,logout,TRUE,FALSE
5KTZgG84bKFGm53lhLtTqc,2024-08-03 23:24:11,android,69360,Mwaki,Zerb,SURRENDER,clickrow,endplay,FALSE,TRUE
5Wj1rJnCLpMHdLaxsFtJLs,2024-08-03 23:24:22,android,10913,Bennie And The Jets - Remastered 2014,Elton John,Goodbye Yellow Brick Road,clickrow,endplay,TRUE,TRUE
0o1itZURoZ70rgXiLijzB0,2024-08-03 23:27:40,android,197760,Jambalaya (On The Bayou),John Fogerty,The Blue Ridge Rangers,clickrow,trackdone,TRUE,FALSE
798cuJeotvXP8UVa8GJPnD,2024-08-03 23:40:18,android,156360,"Knowing Me, Knowing You",ABBA,Arrival,trackdone,logout,TRUE,FALSE
2TxCwUlqaOH3TIyJqGgR91,2024-08-03 23:47:04,android,1586,Mamma Mia,ABBA,Abba,appload,fwdbtn,TRUE,TRUE
30qVCFYKBtAENjTIBA8FPZ,2024-08-03 23:47:05,android,1078,The River of Dreams,Billy Joel,River Of Dreams,fwdbtn,fwdbtn,TRUE,TRUE
09nDcxFx9DAkpfxDjse4gZ,2024-08-03 23:50:04,android,179506,Shoegaze,Alabama Shakes,Sound & Color,fwdbtn,trackdone,TRUE,FALSE
64UioB4Nmwgn2f4cbIpAkl,2024-08-03 23:52:56,android,170903,It's Still Rock and Roll to Me,Billy Joel,Glass Houses,trackdone,endplay,TRUE,TRUE
0bBvuLFzIjrHm9PPyvohIA,2024-08-03 23:56:25,android,209786,Mi Mayor Anhelo,Banda MS de Sergio Lizárraga,Mi Mayor Anhelo,playbtn,trackdone,TRUE,FALSE
6Pur3hWy6Nzc27ilmsp5HA,2024-08-04 00:00:07,android,222226,Lamento Boliviano,Los Enanitos Verdes,Big Bang,trackdone,trackdone,TRUE,FALSE
3F8xLc6T4VvKH7I6wqVAN2,2024-08-04 00:03:49,android,220693,Lovebug,Jonas Brothers,A Little Bit Longer,trackdone,trackdone,TRUE,FALSE
35fC3Wq3slX4OBfyvBVmHm,2024-08-04 00:08:34,android,284800,Samba Pa Ti,Santana,Abraxas,trackdone,trackdone,TRUE,FALSE
5p3JunprHCxClJjOmcLV8G,2024-08-04 00:12:49,android,254173,Walk On the Wild Side,Lou Reed,Transformer,trackdone,trackdone,TRUE,FALSE
2MLHyLy5z5l5YRp7momlgw,2024-08-04 00:16:10,android,200306,Island In The Sun,Weezer,Weezer,trackdone,trackdone,TRUE,FALSE
0akyEssGRVHstqCSWXusJL,2024-08-04 00:20:18,android,207400,Fuentes de Ortiz,Ed Maverick,mix pa llorar en tu cuarto,trackdone,trackdone,TRUE,FALSE
1qRA5BS78u3gME0loMl9AA,2024-08-04 00:22:52,android,153693,For What It's Worth,Buffalo Springfield,Buffalo Springfield,trackdone,trackdone,TRUE,FALSE
53KEOYbYJfwiTUuqeOG2KU,2024-08-04 00:26:35,android,223184,Rompecabezas (feat. Emmanuel),Mijares,Rompecabezas,trackdone,trackdone,TRUE,FALSE
2hnMS47jN0etwvFPzYk11f,2024-08-04 00:29:39,android,182746,Santeria,Sublime,Sublime,trackdone,trackdone,TRUE,FALSE
4w3tQBXhn5345eUXDGBWZG,2024-08-04 00:32:22,android,162466,9 to 5,Dolly Parton,9 To 5 And Odd Jobs,trackdone,trackdone,TRUE,FALSE
7kzKAuUzOITUauHAhoMoxA,2024-08-04 00:35:35,android,193050,Last Nite,The Strokes,Is This It,trackdone,trackdone,TRUE,FALSE
2T43UrvAg60ubJVo5KQ3t7,2024-08-04 00:39:04,android,208306,Come and Get Your Love (Rerecorded Version),Redbone,The Best Of Redbone,trackdone,trackdone,TRUE,FALSE
6xdLJrVj4vIXwhuG8TMopk,2024-08-04 00:41:48,android,163373,Crazy Little Thing Called Love - Remastered 2011,Queen,The Game,trackdone,trackdone,TRUE,FALSE
6uzGmmQ4CuG9HvZktEy0LF,2024-08-04 00:46:32,android,270187,Qué Bonito Es Querer,Manuel Carrasco,La Cruz Del Mapa,trackdone,trackdone,TRUE,FALSE
7lQ8MOhq6IN2w8EYcFNSUk,2024-08-04 00:46:43,android,10581,Without Me,Eminem,The Eminem Show,trackdone,fwdbtn,TRUE,TRUE
6zC0mpGYwbNTpk9SKwh08f,2024-08-04 00:46:46,android,2287,Wonderful Tonight,Eric Clapton,Slowhand 35th Anniversary,fwdbtn,fwdbtn,TRUE,TRUE
54ZMu7omgz5h9xNbkGkAFG,2024-08-04 00:49:31,android,165514,Superdeli,Caloncho,Tofu,fwdbtn,endplay,TRUE,TRUE
2A2YF96slD9GQoR3ieKVZl,2024-08-04 00:50:56,android,85553,Un Bolero,Martox,Un Bolero,clickrow,trackdone,FALSE,FALSE
2KkQ9qiUzA7SHwCadQtI8u,2024-08-04 00:51:39,android,41356,Tan Difícil de Entender,Pantoja,Tan Difícil de Entender,trackdone,endplay,FALSE,TRUE
0o1itZURoZ70rgXiLijzB0,2024-08-04 00:51:41,android,1603,Jambalaya (On The Bayou),John Fogerty,The Blue Ridge Rangers,playbtn,fwdbtn,TRUE,TRUE
0qRR9d89hIS0MHRkQ0ejxX,2024-08-04 00:54:03,android,142786,Rich Girl,Daryl Hall & John Oates,Bigger Than Both Of Us,fwdbtn,trackdone,TRUE,FALSE
2Cy7QY8HPLk925AyNAt6OG,2024-08-04 00:57:26,android,202853,Black or White - Single Version,Michael Jackson,The Essential Michael Jackson,trackdone,trackdone,TRUE,FALSE
0sKlV58cODrjxGFOyf9IXY,2024-08-04 01:02:25,android,298120,The Way You Make Me Feel - 2012 Remaster,Michael Jackson,Bad 25th Anniversary,trackdone,trackdone,TRUE,FALSE
2LawezPeJhN4AWuSB0GtAU,2024-08-04 01:05:05,android,160133,Have You Ever Seen The Rain,Creedence Clearwater Revival,Pendulum,trackdone,trackdone,TRUE,FALSE
6xdLJrVj4vIXwhuG8TMopk,2024-08-04 01:07:49,android,163373,Crazy Little Thing Called Love - Remastered 2011,Queen,The Game,trackdone,trackdone,TRUE,FALSE
5Wj1rJnCLpMHdLaxsFtJLs,2024-08-04 01:13:12,android,322548,Bennie And The Jets - Remastered 2014,Elton John,Goodbye Yellow Brick Road,trackdone,trackdone,TRUE,FALSE
7yFvSYKk3g5g8e7Ffl16ws,2024-08-04 01:16:13,android,180266,Three Little Birds,Bob Marley & The Wailers,Exodus,trackdone,trackdone,TRUE,FALSE
6ek9SiEj5a65WIs2EV7qiM,2024-08-04 01:18:41,android,148053,Son Of A Preacher Man,Dusty Springfield,Dusty In Memphis,trackdone,trackdone,TRUE,FALSE
5cDHV67TxLrdz4ITUVQswH,2024-08-04 01:21:06,android,144200,Hang Loose,Alabama Shakes,Boys & Girls,trackdone,trackdone,TRUE,FALSE
72ahyckBJfTigJCFCviVN7,2024-08-04 01:25:10,android,243373,Don't Bring Me Down,Electric Light Orchestra,Discovery,trackdone,trackdone,TRUE,FALSE
20OFwXhEXf12DzwXmaV7fj,2024-08-04 01:27:32,android,141600,Bad Moon Rising,Creedence Clearwater Revival,Green River,trackdone,trackdone,TRUE,FALSE
3XTMlSEQR8cLQsNONpawJa,2024-08-04 01:31:49,android,256706,Fat Bottomed Girls,Queen,Jazz,trackdone,trackdone,TRUE,FALSE
72Z17vmmeQKAg8bptWvpVG,2024-08-04 01:37:08,android,318026,Space Oddity - 2015 Remaster,David Bowie,David Bowie (aka Space Oddity),trackdone,trackdone,TRUE,FALSE
1b7LMtXCXGc2EwOIplI35z,2024-08-04 01:40:32,android,203893,Stuck In The Middle With You,Stealers Wheel,Reservoir Dogs,trackdone,trackdone,TRUE,FALSE
2OSfEYKhlSsLx6vn4O75RK,2024-08-04 01:43:31,android,178493,I Want You Back,The Jackson 5,Greatest Hits,trackdone,trackdone,TRUE,FALSE
40LhKDgQNW1m9s5gq6gVcN,2024-08-04 01:46:34,android,182280,New York Groove,Ace Frehley,American Animals (Original Motion Picture Soundtrack),trackdone,trackdone,TRUE,FALSE
2CQRYn5cTD2B9a1ONjhTN2,2024-08-04 01:49:00,android,145800,Wouldn't It Be Nice - Mono,The Beach Boys,Pet Sounds,trackdone,trackdone,TRUE,FALSE
7d5pdWpsT253dpJIHMD7wL,2024-08-04 01:52:11,android,190531,We Somebody Y'all,MonoNeon,Supermane,trackdone,trackdone,TRUE,FALSE
5IMtdHjJ1OtkxbGe4zfUxQ,2024-08-04 01:56:48,android,276493,Escape (The Pina Colada Song),Rupert Holmes,Partners In Crime,trackdone,trackdone,TRUE,FALSE
2T43UrvAg60ubJVo5KQ3t7,2024-08-04 02:00:17,android,208306,Come and Get Your Love (Rerecorded Version),Redbone,The Best Of Redbone,trackdone,trackdone,TRUE,FALSE
4w3tQBXhn5345eUXDGBWZG,2024-08-04 02:03:00,android,162466,9 to 5,Dolly Parton,9 To 5 And Odd Jobs,trackdone,trackdone,TRUE,FALSE
798cuJeotvXP8UVa8GJPnD,2024-08-04 02:07:02,android,241920,"Knowing Me, Knowing You",ABBA,Arrival,trackdone,trackdone,TRUE,FALSE
0GjEhVFGZW8afUYGChu3Rr,2024-08-04 02:10:56,android,230400,Dancing Queen,ABBA,Arrival,trackdone,trackdone,TRUE,FALSE
77oU2rjC5XbjQfNe3bD6so,2024-08-04 02:15:21,android,265173,Beast Of Burden - Remastered 1994,The Rolling Stones,Some Girls,trackdone,trackdone,TRUE,FALSE
5BckPAYcKEJuYs1eV1BHHe,2024-08-04 02:19:26,android,243933,Take A Chance On Me,ABBA,The Album,trackdone,trackdone,TRUE,FALSE
6r7JAngkBzKGDKRUzLgY2U,2024-08-04 02:22:26,android,179853,The Ballad Of John And Yoko - Remastered 2009,The Beatles,Past Masters,trackdone,trackdone,TRUE,FALSE
64UioB4Nmwgn2f4cbIpAkl,2024-08-04 02:25:23,android,176440,It's Still Rock and Roll to Me,Billy Joel,Glass Houses,trackdone,trackdone,TRUE,FALSE
0J2p4KYdr6Mg4ET6JPlbe1,2024-08-04 02:29:37,android,252853,Super Trouper,ABBA,Super Trouper,trackdone,trackdone,TRUE,FALSE
39S2xu12I1IwMVqSvoORSh,2024-08-04 02:33:09,android,211862,Brother Love's Travelling Salvation Show,Neil Diamond,Brother Love's Travelling Salvation Show,trackdone,trackdone,TRUE,FALSE
30qVCFYKBtAENjTIBA8FPZ,2024-08-04 02:37:17,android,247626,The River of Dreams,Billy Joel,River Of Dreams,trackdone,trackdone,TRUE,FALSE
2TxCwUlqaOH3TIyJqGgR91,2024-08-04 02:40:51,android,213266,Mamma Mia,ABBA,Abba,trackdone,trackdone,TRUE,FALSE
1jDJFeK9x3OZboIAHsY9k2,2024-08-04 02:44:12,android,183440,I'm Still Standing,Elton John,Too Low For Zero,trackdone,trackdone,TRUE,FALSE
2vMQmBmcmFsdLQQgXl3PtE,2024-08-04 02:46:59,android,166053,Waterloo,ABBA,Waterloo,trackdone,trackdone,TRUE,FALSE
2RlgNHKcydI9sayD2Df2xp,2024-08-04 02:52:03,android,303373,Mr. Blue Sky,Electric Light Orchestra,Out of the Blue,trackdone,trackdone,TRUE,FALSE
4kwsk1FTbZf5yTTtnMaELv,2024-08-04 02:55:41,android,218000,I'm Gonna Be Somebody,Jack Mack,The Best of Jack Mack & The Heart Attack,trackdone,trackdone,TRUE,FALSE
2jNCofCae2Txs2zaegNLOt,2024-08-04 02:59:11,android,209160,Don't Stop Me Now,Queen,Jazz,trackdone,trackdone,TRUE,FALSE
2HPB3px8MJZRMfu1L65Z41,2024-08-04 03:03:00,android,193440,Does Your Mother Know,ABBA,Voulez-Vous,trackdone,trackdone,TRUE,FALSE
6g4vHtdGqD5eEgpf7nKISk,2024-08-04 03:05:58,android,177360,Don't Ask Me Why,Billy Joel,Glass Houses,trackdone,trackdone,TRUE,FALSE
7rgZTzcjofQJY5kz9FO3OS,2024-08-04 03:10:06,android,246906,Under Pressure,Queen,Hot Space,trackdone,trackdone,TRUE,FALSE
2Hh5bVMx6OXwnDTExj1qdW,2024-08-04 03:14:42,android,276133,Put Your Life on It,Kasabian,For Crying Out Loud (Deluxe),trackdone,trackdone,TRUE,FALSE
22LGgFochmXJw5vVr5knDl,2024-08-04 03:18:15,android,212226,Optimista,Caloncho,Bálsamo,trackdone,trackdone,TRUE,FALSE
40V54Cj1JFSTpaJi8UikZE,2024-08-04 03:24:03,android,347800,Radio Ga Ga,Queen,The Works,trackdone,trackdone,TRUE,FALSE
7gMOe0gXYcELUoVugfMmHP,2024-08-04 03:28:17,android,253200,You May Be Right,Billy Joel,Glass Houses,trackdone,trackdone,TRUE,FALSE
1x1XQqhBViz4opcpwc7FVs,2024-08-04 03:32:55,android,277467,Reelin' In The Years,Steely Dan,Can't Buy A Thrill,trackdone,trackdone,TRUE,FALSE
65EhfozJEurgR34SyrNV3P,2024-08-04 03:36:16,android,200746,Why Did It Have To Be Me?,ABBA,Arrival,trackdone,trackdone,TRUE,FALSE
3N8RnWuuvGpozWyeqgGvU7,2024-08-04 03:36:36,android,18298,You're the One,The Vogues,At CO & CE - the Complete Singles & More,trackdone,fwdbtn,TRUE,TRUE
6Ac4NVYYl2U73QiTt11ZKd,2024-08-04 03:39:28,android,172866,Hooked On A Feeling,Blue Swede,Hooked On A Feeling,fwdbtn,trackdone,TRUE,FALSE
1NoWKTDd0FnhUiIevfCU7u,2024-08-04 03:42:18,android,169853,Waiting on a Song,Dan Auerbach,Waiting on a Song,trackdone,trackdone,TRUE,FALSE
5Bh8l8evdBSIoaK6EP1bWI,2024-08-04 03:45:34,android,195760,Baby Driver,Simon & Garfunkel,Bridge Over Troubled Water,trackdone,trackdone,TRUE,FALSE
3CPID5jKTRXhTK3yHf66KX,2024-08-04 03:49:10,android,215533,Another One Bites The Dust,Queen,The Game,trackdone,trackdone,TRUE,FALSE
7BvuV4c1BGhaRapcXvRu5z,2024-08-04 03:52:16,android,185026,You Might Think,The Cars,Heartbeat City,trackdone,trackdone,TRUE,FALSE
4ZoBC5MhSEzuknIgAkBaoT,2024-08-04 03:57:00,android,284000,My Life,Billy Joel,52nd Street,trackdone,trackdone,TRUE,FALSE
4o6BgsqLIBViaGVbx5rbRk,2024-08-04 04:00:12,android,190626,You Make My Dreams (Come True),Daryl Hall & John Oates,Voices,trackdone,trackdone,TRUE,FALSE
7zMUCLm1TN9o9JlLISztxO,2024-08-04 04:03:02,android,170293,Burning Love,Elvis Presley,Elvis (Fool),trackdone,trackdone,TRUE,FALSE
5CG4RXjli90Zd1KDalPqeK,2024-08-04 04:06:55,android,232626,Crippled Inside - Remastered 2010,John Lennon,Imagine,trackdone,trackdone,TRUE,FALSE
60m29Z8TtocKOqDlQEbwUS,2024-08-04 04:10:37,android,221040,The Entertainer,Billy Joel,Streetlife Serenade,trackdone,trackdone,TRUE,FALSE
2xabqm0YNQCTcPteQjJ22K,2024-08-04 04:14:33,android,235560,Only the Good Die Young,Billy Joel,The Stranger,trackdone,trackdone,TRUE,FALSE
3Cx4yrFaX8CeHwBMReOWXI,2024-08-04 04:19:21,android,287733,We Didn't Start the Fire,Billy Joel,Storm Front,trackdone,trackdone,TRUE,FALSE
1HuAR7RyNWQq6vHwOFHWqx,2024-08-04 04:23:07,android,225586,I'm on My Way,The Proclaimers,Sunshine on Leith,trackdone,trackdone,TRUE,FALSE
6qF3qHvzEmh7bkdBatxQuS,2024-08-04 04:25:49,android,160680,Snoopy Vs. The Red Baron,The Royal Guardsmen,Snoopy Vs. The Red Baron,trackdone,trackdone,TRUE,FALSE
6kCJMxv445L2okuTiou1fR,2024-08-04 04:29:38,android,229200,Tell Her About It,Billy Joel,An Innocent Man,trackdone,trackdone,TRUE,FALSE
3gdewACMIVMEWVbyb8O9sY,2024-08-04 04:34:21,android,281613,"Rocket Man (I Think It's Going To Be A Long, Long Time)",Elton John,Honky Chateau,trackdone,trackdone,TRUE,FALSE
6ckUX8cgcqjoNGTd2A2Pvd,2024-08-04 04:38:56,android,249169,Always Alright,Alabama Shakes,Always Alright,trackdone,trackdone,TRUE,FALSE
0YdSIXOY8QWbRtWaBlnlNo,2024-08-04 04:43:53,android,296938,Did My Best,The Voidz,Did My Best,trackdone,trackdone,TRUE,FALSE
54ZMu7omgz5h9xNbkGkAFG,2024-08-04 04:46:42,android,168080,Superdeli,Caloncho,Tofu,trackdone,trackdone,TRUE,FALSE
2dq2J24oIF67Uvttut4dv7,2024-08-04 04:48:48,android,125893,Treat Her Right,Roy Head And The Traits,The Best Of Roy Head,trackdone,trackdone,TRUE,FALSE
714hERk9U1W8FMYkoC83CO,2024-08-04 04:52:53,android,244920,You Sexy Thing,Hot Chocolate,Hot Chocolate,trackdone,trackdone,TRUE,FALSE
09nDcxFx9DAkpfxDjse4gZ,2024-08-04 04:55:53,android,179506,Shoegaze,Alabama Shakes,Sound & Color,trackdone,trackdone,TRUE,FALSE
70MqJOpUHPB10OzrI06x7U,2024-08-04 04:58:51,android,176693,Son of a Lovin' Man,Buchanan Brothers,Quentin Tarantino's Once Upon a Time in Hollywood Original Motion Picture Soundtrack,trackdone,trackdone,TRUE,FALSE
0o1itZURoZ70rgXiLijzB0,2024-08-04 05:02:09,android,197760,Jambalaya (On The Bayou),John Fogerty,The Blue Ridge Rangers,trackdone,trackdone,TRUE,FALSE
0qRR9d89hIS0MHRkQ0ejxX,2024-08-04 05:04:32,android,142786,Rich Girl,Daryl Hall & John Oates,Bigger Than Both Of Us,trackdone,trackdone,TRUE,FALSE
2Cy7QY8HPLk925AyNAt6OG,2024-08-04 05:07:55,android,202853,Black or White - Single Version,Michael Jackson,The Essential Michael Jackson,trackdone,trackdone,TRUE,FALSE
0sKlV58cODrjxGFOyf9IXY,2024-08-04 05:12:54,android,298120,The Way You Make Me Feel - 2012 Remaster,Michael Jackson,Bad 25th Anniversary,trackdone,trackdone,TRUE,FALSE
2LawezPeJhN4AWuSB0GtAU,2024-08-04 05:15:34,android,160133,Have You Ever Seen The Rain,Creedence Clearwater Revival,Pendulum,trackdone,trackdone,TRUE,FALSE
6xdLJrVj4vIXwhuG8TMopk,2024-08-04 05:18:19,android,163373,Crazy Little Thing Called Love - Remastered 2011,Queen,The Game,trackdone,trackdone,TRUE,FALSE
5Wj1rJnCLpMHdLaxsFtJLs,2024-08-04 05:23:42,android,322548,Bennie And The Jets - Remastered 2014,Elton John,Goodbye Yellow Brick Road,trackdone,trackdone,TRUE,FALSE
7yFvSYKk3g5g8e7Ffl16ws,2024-08-04 05:26:42,android,180266,Three Little Birds,Bob Marley & The Wailers,Exodus,trackdone,trackdone,TRUE,FALSE
6ek9SiEj5a65WIs2EV7qiM,2024-08-04 05:29:11,android,148053,Son Of A Preacher Man,Dusty Springfield,Dusty In Memphis,trackdone,trackdone,TRUE,FALSE
5cDHV67TxLrdz4ITUVQswH,2024-08-04 05:31:36,android,144200,Hang Loose,Alabama Shakes,Boys & Girls,trackdone,trackdone,TRUE,FALSE
72ahyckBJfTigJCFCviVN7,2024-08-04 05:35:39,android,243373,Don't Bring Me Down,Electric Light Orchestra,Discovery,trackdone,trackdone,TRUE,FALSE
20OFwXhEXf12DzwXmaV7fj,2024-08-04 05:38:02,android,141600,Bad Moon Rising,Creedence Clearwater Revival,Green River,trackdone,trackdone,TRUE,FALSE
3XTMlSEQR8cLQsNONpawJa,2024-08-04 05:42:19,android,256706,Fat Bottomed Girls,Queen,Jazz,trackdone,trackdone,TRUE,FALSE
72Z17vmmeQKAg8bptWvpVG,2024-08-04 05:47:37,android,318026,Space Oddity - 2015 Remaster,David Bowie,David Bowie (aka Space Oddity),trackdone,trackdone,TRUE,FALSE
1b7LMtXCXGc2EwOIplI35z,2024-08-04 05:51:02,android,203893,Stuck In The Middle With You,Stealers Wheel,Reservoir Dogs,trackdone,trackdone,TRUE,FALSE
2OSfEYKhlSsLx6vn4O75RK,2024-08-04 05:54:01,android,178493,I Want You Back,The Jackson 5,Greatest Hits,trackdone,trackdone,TRUE,FALSE
40LhKDgQNW1m9s5gq6gVcN,2024-08-04 05:57:04,android,182280,New York Groove,Ace Frehley,American Animals (Original Motion Picture Soundtrack),trackdone,trackdone,TRUE,FALSE
2CQRYn5cTD2B9a1ONjhTN2,2024-08-04 05:59:30,android,145800,Wouldn't It Be Nice - Mono,The Beach Boys,Pet Sounds,trackdone,trackdone,TRUE,FALSE
7d5pdWpsT253dpJIHMD7wL,2024-08-04 06:02:41,android,190531,We Somebody Y'all,MonoNeon,Supermane,trackdone,trackdone,TRUE,FALSE
5IMtdHjJ1OtkxbGe4zfUxQ,2024-08-04 06:07:18,android,276493,Escape (The Pina Colada Song),Rupert Holmes,Partners In Crime,trackdone,trackdone,TRUE,FALSE
2T43UrvAg60ubJVo5KQ3t7,2024-08-04 06:10:47,android,208306,Come and Get Your Love (Rerecorded Version),Redbone,The Best Of Redbone,trackdone,trackdone,TRUE,FALSE
4w3tQBXhn5345eUXDGBWZG,2024-08-04 06:13:30,android,162466,9 to 5,Dolly Parton,9 To 5 And Odd Jobs,trackdone,trackdone,TRUE,FALSE
798cuJeotvXP8UVa8GJPnD,2024-08-04 06:17:32,android,241920,"Knowing Me, Knowing You",ABBA,Arrival,trackdone,trackdone,TRUE,FALSE
0GjEhVFGZW8afUYGChu3Rr,2024-08-04 06:21:23,android,230400,Dancing Queen,ABBA,Arrival,trackdone,trackdone,TRUE,FALSE
77oU2rjC5XbjQfNe3bD6so,2024-08-04 06:25:49,android,265173,Beast Of Burden - Remastered 1994,The Rolling Stones,Some Girls,trackdone,trackdone,TRUE,FALSE
5BckPAYcKEJuYs1eV1BHHe,2024-08-04 06:29:53,android,243933,Take A Chance On Me,ABBA,The Album,trackdone,trackdone,TRUE,FALSE
6r7JAngkBzKGDKRUzLgY2U,2024-08-04 06:32:53,android,179853,The Ballad Of John And Yoko - Remastered 2009,The Beatles,Past Masters,trackdone,trackdone,TRUE,FALSE
64UioB4Nmwgn2f4cbIpAkl,2024-08-04 06:35:50,android,176440,It's Still Rock and Roll to Me,Billy Joel,Glass Houses,trackdone,trackdone,TRUE,FALSE
0J2p4KYdr6Mg4ET6JPlbe1,2024-08-04 06:40:04,android,252853,Super Trouper,ABBA,Super Trouper,trackdone,trackdone,TRUE,FALSE
39S2xu12I1IwMVqSvoORSh,2024-08-04 06:43:36,android,211862,Brother Love's Travelling Salvation Show,Neil Diamond,Brother Love's Travelling Salvation Show,trackdone,trackdone,TRUE,FALSE
30qVCFYKBtAENjTIBA8FPZ,2024-08-04 06:47:44,android,247626,The River of Dreams,Billy Joel,River Of Dreams,trackdone,trackdone,TRUE,FALSE
2TxCwUlqaOH3TIyJqGgR91,2024-08-04 06:51:18,android,213266,Mamma Mia,ABBA,Abba,trackdone,trackdone,TRUE,FALSE
1jDJFeK9x3OZboIAHsY9k2,2024-08-04 06:54:22,android,183440,I'm Still Standing,Elton John,Too Low For Zero,trackdone,trackdone,TRUE,FALSE
2vMQmBmcmFsdLQQgXl3PtE,2024-08-04 06:57:08,android,166053,Waterloo,ABBA,Waterloo,trackdone,trackdone,TRUE,FALSE
2RlgNHKcydI9sayD2Df2xp,2024-08-04 06:57:27,android,16793,Mr. Blue Sky,Electric Light Orchestra,Out of the Blue,trackdone,fwdbtn,TRUE,TRUE
6I9VzXrHxO9rA9A5euc8Ak,2024-08-04 07:00:42,android,198800,Toxic,Britney Spears,In The Zone,fwdbtn,trackdone,TRUE,FALSE
4kwsk1FTbZf5yTTtnMaELv,2024-08-04 07:04:21,android,218000,I'm Gonna Be Somebody,Jack Mack,The Best of Jack Mack & The Heart Attack,trackdone,trackdone,TRUE,FALSE
2jNCofCae2Txs2zaegNLOt,2024-08-04 07:07:50,android,209160,Don't Stop Me Now,Queen,Jazz,trackdone,trackdone,TRUE,FALSE
2HPB3px8MJZRMfu1L65Z41,2024-08-04 07:11:04,android,193440,Does Your Mother Know,ABBA,Voulez-Vous,trackdone,trackdone,TRUE,FALSE
6g4vHtdGqD5eEgpf7nKISk,2024-08-04 07:14:02,android,177360,Don't Ask Me Why,Billy Joel,Glass Houses,trackdone,trackdone,TRUE,FALSE
7rgZTzcjofQJY5kz9FO3OS,2024-08-04 07:18:10,android,246906,Under Pressure,Queen,Hot Space,trackdone,trackdone,TRUE,FALSE
2Hh5bVMx6OXwnDTExj1qdW,2024-08-04 07:22:46,android,276133,Put Your Life on It,Kasabian,For Crying Out Loud (Deluxe),trackdone,trackdone,TRUE,FALSE
22LGgFochmXJw5vVr5knDl,2024-08-04 07:26:19,android,212226,Optimista,Caloncho,Bálsamo,trackdone,trackdone,TRUE,FALSE
40V54Cj1JFSTpaJi8UikZE,2024-08-04 07:32:07,android,347800,Radio Ga Ga,Queen,The Works,trackdone,trackdone,TRUE,FALSE
7gMOe0gXYcELUoVugfMmHP,2024-08-04 07:36:21,android,253200,You May Be Right,Billy Joel,Glass Houses,trackdone,trackdone,TRUE,FALSE
1x1XQqhBViz4opcpwc7FVs,2024-08-04 07:40:59,android,277467,Reelin' In The Years,Steely Dan,Can't Buy A Thrill,trackdone,trackdone,TRUE,FALSE
65EhfozJEurgR34SyrNV3P,2024-08-04 07:44:20,android,200746,Why Did It Have To Be Me?,ABBA,Arrival,trackdone,trackdone,TRUE,FALSE
3N8RnWuuvGpozWyeqgGvU7,2024-08-04 19:08:46,android,26856,You're the One,The Vogues,At CO & CE - the Complete Singles & More,trackdone,unexpected-exit-while-paused,TRUE,FALSE
3N8RnWuuvGpozWyeqgGvU7,2024-08-05 20:22:33,android,60415,You're the One,The Vogues,At CO & CE - the Complete Singles & More,appload,endplay,TRUE,TRUE
6OTGRlCpPGMpPM96g62d2R,2024-08-05 20:25:52,android,200118,Grecia,Elsa y Elmar,Grecia,playbtn,trackdone,TRUE,FALSE
4uKop5eqeLow56qacdfO1P,2024-08-05 20:28:32,android,159333,Breakfast In America,Supertramp,Breakfast In America,trackdone,trackdone,TRUE,FALSE
22skzmqfdWrjJylampe0kt,2024-08-05 20:51:12,android,161378,Can't Hold Us (feat. Ray Dalton),Macklemore & Ryan Lewis,The Heist,trackdone,logout,TRUE,FALSE
22skzmqfdWrjJylampe0kt,2024-08-05 21:54:59,android,97885,Can't Hold Us (feat. Ray Dalton),Macklemore & Ryan Lewis,The Heist,appload,trackdone,TRUE,FALSE
4BM8yJ0PzBi2ZewpMTOxtx,2024-08-05 21:56:23,android,81987,Fernando,ABBA,Arrival,trackdone,fwdbtn,TRUE,TRUE
4hq2roPX353f7CNphjEcKc,2024-08-05 21:56:26,android,3284,Peace Frog,The Doors,American Animals (Original Motion Picture Soundtrack),fwdbtn,fwdbtn,TRUE,TRUE
2PpruBYCo4H7WOBJ7Q2EwM,2024-08-05 22:12:15,android,170524,Hey Ya!,Outkast,Speakerboxxx/The Love Below,fwdbtn,logout,TRUE,FALSE
6cX9HbjCK20dfd5C1fftUE,2024-08-05 23:03:27,android,82560,Master Of The House,Alun Armstrong,Les Misérables (Original 1985 London Cast Recording),clickrow,endplay,FALSE,TRUE
6fdjf5D6AiDG4404IftWxC,2024-08-05 23:04:09,android,41560,Master of the House - Live,Ashley Artus,Les Misérables Live! (2010 London Cast Recording),clickrow,endplay,FALSE,TRUE
40KBTAVPWIYUBwELheOZ1C,2024-08-05 23:04:13,android,3738,Who Am I?,Colm Wilkinson,Les Misérables (Original 1985 London Cast Recording),clickrow,endplay,FALSE,TRUE
13LT9Y0RP7C9KhNIvroXLi,2024-08-05 23:09:07,android,73780,I Dreamed A Dream,Patti LuPone,Les Misérables (Original 1985 London Cast Recording),clickrow,endplay,FALSE,TRUE
31Irb8d3UBRfEcaHDzQxsK,2024-08-05 23:32:54,android,36386,Think Of Me,Andrew Lloyd Webber,The Phantom Of The Opera,clickrow,fwdbtn,FALSE,TRUE
48eRbUfNOF4xnNHwSSYubb,2024-08-05 23:35:14,android,140266,Angel Of Music,Andrew Lloyd Webber,The Phantom Of The Opera,fwdbtn,trackdone,FALSE,FALSE
6DUe3XqMPk2OMsT3QQfcVE,2024-08-05 23:38:03,android,168840,Little Lotte / The Mirror (Angel Of Music),Andrew Lloyd Webber,The Phantom Of The Opera,trackdone,trackdone,FALSE,FALSE
2jF3AQzvTj9L1Ax9Di5BYu,2024-08-05 23:43:45,android,341600,The Music Of The Night,Andrew Lloyd Webber,The Phantom Of The Opera,trackdone,trackdone,FALSE,FALSE
52KiYg6Kn2NB9riY2IwUgi,2024-08-05 23:48:00,android,254666,All I Ask Of You,Andrew Lloyd Webber,The Phantom Of The Opera,trackdone,trackdone,FALSE,FALSE
0F8VLTQGhNjBi1ltbVerdE,2024-08-05 23:51:23,android,203093,All I Ask Of You - Reprise,Andrew Lloyd Webber,The Phantom Of The Opera,trackdone,trackdone,FALSE,FALSE
0cLoao2k6VaLjbvtxtYCtO,2024-08-05 23:54:25,android,181693,Entr'Acte,Andrew Lloyd Webber,The Phantom Of The Opera,trackdone,trackdone,FALSE,FALSE
18y1ZP9WCMunAe6QgByGif,2024-08-05 23:59:58,android,332266,The Point Of No Return,Andrew Lloyd Webber,The Phantom Of The Opera,trackdone,trackdone,FALSE,FALSE
2AEpZqVzhE9w5soqgqDteN,2024-08-06 00:04:37,android,278693,I Dreamed A Dream - Live,Ruthie Henshall,Les Misérables (10th Anniversary Concert Live at Royal Albert Hall),trackdone,trackdone,FALSE,FALSE
5e7fP686wivIIJLX5TmJ6l,2024-08-06 00:07:50,android,191826,Who Am I? / The Trial - Live,Colm Wilkinson,Les Misérables (10th Anniversary Concert Live at Royal Albert Hall),trackdone,trackdone,FALSE,FALSE
1c57SWN0OSsLZGsSNtnE7o,2024-08-06 00:11:17,android,206466,Stars - Live,Philip Quast,Les Misérables (10th Anniversary Concert Live at Royal Albert Hall),trackdone,trackdone,FALSE,FALSE
3KyYAROzxfIPyazgg5o47G,2024-08-06 00:13:07,android,109733,Do You Hear The People Sing? - Live,Michael Maguire,Les Misérables (10th Anniversary Concert Live at Royal Albert Hall),trackdone,trackdone,FALSE,FALSE
62vBgmeAJZYrwaYJy5xDhv,2024-08-06 00:17:29,android,256800,One Day More! - Live,Les Misérables - 10th Anniversary Cast,Les Misérables (10th Anniversary Concert Live at Royal Albert Hall),trackdone,trackdone,FALSE,FALSE
4dGewjZWQhWhWvgvLcMUmf,2024-08-06 00:22:01,android,271733,Drink With Me - Live,Anthony Crivello,Les Misérables (10th Anniversary Concert Live at Royal Albert Hall),trackdone,trackdone,FALSE,FALSE
7aK1e6PKXTHVprxJzdsA6u,2024-08-06 00:31:18,android,556666,Epilogue (Finale) - Live,Colm Wilkinson,Les Misérables (10th Anniversary Concert Live at Royal Albert Hall),trackdone,trackdone,FALSE,FALSE
1Ipyu3OiogrZVxmhAE7Jiy,2024-08-06 00:35:30,android,251000,Encore 2: One Day More - Live,"The ""Les Misérables"" 10th Anniversary Full Cast",Les Misérables (10th Anniversary Concert Live at Royal Albert Hall),trackdone,trackdone,FALSE,FALSE
48eRbUfNOF4xnNHwSSYubb,2024-08-06 00:35:52,android,21358,Angel Of Music,Andrew Lloyd Webber,The Phantom Of The Opera,trackdone,endplay,FALSE,TRUE
3U8dHeggJ8IBe0UCb1gbyB,2024-08-06 00:40:25,android,273893,Colder Weather,Zac Brown Band,You Get What You Give,playbtn,trackdone,TRUE,FALSE
2dLLR6qlu5UJ5gk0dKz0h3,2024-08-06 00:43:36,android,190185,Royals,Lorde,Pure Heroine,trackdone,trackdone,TRUE,FALSE
0RwN5aoboetTdinOPLsjVy,2024-08-06 00:46:03,android,146133,Not in Nottingham,Theo Lawrence and The Hearts,Homemade Lemonade,trackdone,trackdone,TRUE,FALSE
7sMcFdVYcwucGVtoV7r9lZ,2024-08-06 00:49:57,android,233573,Casual Party,Band of Horses,Why Are You OK,trackdone,trackdone,TRUE,FALSE
1vFxgDgIM0hVxWUiKws1GV,2024-08-06 00:54:14,android,256546,Glamorous Indie Rock And Roll - Sawdust Version,The Killers,Sawdust,trackdone,trackdone,TRUE,FALSE
5e55zfjZiqIytDQWEr100c,2024-08-06 00:56:49,android,154720,I Can't Stand It,Lou Reed,Lou Reed,trackdone,trackdone,TRUE,FALSE
3omXshBamrREltcf24gYDC,2024-08-06 01:00:10,android,200360,First,Cold War Kids,Hold My Home,trackdone,trackdone,TRUE,FALSE
4ED8LCbaRC0opEDKBLoQk8,2024-08-06 01:01:47,android,95999,Tú Y Yo Somos Uno Mismo,Timbiriche,Imprescindibles,trackdone,fwdbtn,TRUE,TRUE
5Ua5p1wJRfvUcZS5OihCSn,2024-08-06 01:02:55,android,20080,Dust,The Mud Howlers,Timeliness,fwdbtn,fwdbtn,TRUE,TRUE
6lib77q4koq52srysevRfT,2024-08-06 01:06:24,android,209160,Only a Pawn in Their Game,Bob Dylan,The Times They Are A-Changin',fwdbtn,trackdone,TRUE,FALSE
1rxoyGj1QuPoVi8fOft1Kt,2024-08-06 01:09:10,android,165666,Because - Remastered 2009,The Beatles,Abbey Road,trackdone,trackdone,TRUE,FALSE
4KROoGIaPaR1pBHPnR3bwC,2024-08-06 01:11:15,android,124000,Pink Moon,Nick Drake,Pink Moon,trackdone,trackdone,TRUE,FALSE
50qHmeex1nPTyQTwBXjSE4,2024-08-06 01:14:14,android,173960,One After 909 - Remastered 2009,The Beatles,Let It Be,trackdone,trackdone,TRUE,FALSE
7ueP5u2qkdZbIPN2YA6LR0,2024-08-06 01:18:34,android,259093,Sail,AWOLNATION,Megalithic Symphony,trackdone,trackdone,TRUE,FALSE
6os5B6xjuke9YfBKH3tu1e,2024-08-06 01:22:00,android,205826,Highway 61 Revisited,Bob Dylan,Highway 61 Revisited,trackdone,trackdone,TRUE,FALSE
4LCQ5gFmkAdACy5O9vDP4c,2024-08-06 01:26:34,android,273706,Tyson vs Douglas,The Killers,Wonderful Wonderful,trackdone,trackdone,TRUE,FALSE
4gj5Wv7rAJYhBrGPu01mxD,2024-08-06 01:30:44,android,249533,The Ballad Of Lucy Jordan,Marianne Faithfull,Broken English,trackdone,trackdone,TRUE,FALSE
1KoAbQlXWKAiFH0S7JCjG7,2024-08-06 01:34:36,android,230626,Wild Heart,Daughtry,Baptized (Deluxe Version),trackdone,trackdone,TRUE,FALSE
1bXLpqe49cqEpj88uPR4pu,2024-08-06 01:37:19,android,162746,Reckless Serenade,Arctic Monkeys,Suck It and See,trackdone,trackdone,TRUE,FALSE
1dEOKKLDpgHJGYKmMujxrN,2024-08-06 01:41:16,android,236719,My Cousin Greg,Houndmouth,Little Neon Limelight,trackdone,trackdone,TRUE,FALSE
4Tt6GiWS2V9sQjZjS2xjp2,2024-08-06 01:44:36,android,199263,"Honey, I'm Good",Andy Grammer,Magazines Or Novels,trackdone,trackdone,TRUE,FALSE
28cnXtME493VX9NOw9cIUh,2024-08-06 01:46:15,android,97892,Hurt,Johnny Cash,American IV: The Man Comes Around,trackdone,endplay,TRUE,TRUE
3mGwufkovVPrzsJaXWg8PU,2024-08-06 01:49:30,android,195506,Only You,Yazoo,Upstairs At Eric's,clickrow,trackdone,FALSE,FALSE
5p3JunprHCxClJjOmcLV8G,2024-08-06 01:53:44,android,254173,Walk On the Wild Side,Lou Reed,Transformer,trackdone,trackdone,FALSE,FALSE
6ek9SiEj5a65WIs2EV7qiM,2024-08-06 01:56:13,android,148053,Son Of A Preacher Man,Dusty Springfield,Dusty In Memphis,trackdone,trackdone,FALSE,FALSE
5fdhThPDe6jQQDqCyWrdAn,2024-08-06 01:58:55,android,161533,Jolene,Dolly Parton,Jolene,trackdone,trackdone,FALSE,FALSE
5BckPAYcKEJuYs1eV1BHHe,2024-08-06 02:03:00,android,243933,Take A Chance On Me,ABBA,The Album,trackdone,trackdone,FALSE,FALSE
2ciMJGCDW70hqq18Vgui68,2024-08-06 02:05:27,android,147279,Who'll Stop The Rain,Creedence Clearwater Revival,Cosmo's Factory,trackdone,trackdone,FALSE,FALSE
3yrSvpt2l1xhsV9Em88Pul,2024-08-06 02:08:31,android,183306,Brown Eyed Girl,Van Morrison,Blowin' Your Mind!,trackdone,trackdone,FALSE,FALSE
6XUHsYE38CEbYunT983O9G,2024-08-06 02:12:40,android,248173,Give A Little Bit,Supertramp,Even In The Quietest Moments,trackdone,trackdone,FALSE,FALSE
2lFFiNm0XtgJ6wkdncTB4k,2024-08-06 02:16:35,android,234332,Drive - 2017 Remaster,The Cars,Heartbeat City,trackdone,trackdone,FALSE,FALSE
5RgFlk1fcClZd0Y4SGYhqH,2024-08-06 02:19:57,android,201373,She's Always a Woman,Billy Joel,The Stranger (Legacy Edition),trackdone,trackdone,FALSE,FALSE
40IHflbrHcOuC8ZcYxUSAC,2024-08-06 02:23:54,android,237013,One Of Us,ABBA,The Visitors,trackdone,trackdone,FALSE,FALSE
0DcrhZ12WcCqruCs8ibXSf,2024-08-06 02:26:40,android,164733,I Can See Clearly Now - Edit,Johnny Nash,I Can See Clearly Now,trackdone,trackdone,FALSE,FALSE
1GcVa4jFySlun4jLSuMhiq,2024-08-06 02:31:12,android,272000,Angie - Remastered 2009,The Rolling Stones,Goats Head Soup,trackdone,trackdone,FALSE,FALSE
3G7tRC24Uh09Hmp1KZ7LQ2,2024-08-06 02:34:00,android,167373,I'm a Believer - 2006 Remaster,The Monkees,More of The Monkees,trackdone,trackdone,FALSE,FALSE
4zuHizF9ydEXDaAtwU2eAK,2024-08-06 02:37:23,android,202840,On the Road Again,Canned Heat,On the Road Again,trackdone,trackdone,FALSE,FALSE
3rIOJKJ21vIANONCJKhQDo,2024-08-06 02:40:34,android,190066,Albatross,Fleetwood Mac,The Blue Horizon Story 1965 - 1970 Vol.1,trackdone,trackdone,FALSE,FALSE
43T696K5X1s1mtxIuuUvvz,2024-08-06 02:43:53,android,198586,When All Is Said And Done,ABBA,The Visitors,trackdone,trackdone,FALSE,FALSE
3NfxSdJnVdon1axzloJgba,2024-08-06 02:47:30,android,216773,I Say a Little Prayer,Aretha Franklin,Aretha Now,trackdone,trackdone,FALSE,FALSE
7dVQkdJ8VJp6I40eRH7V9o,2024-08-06 02:51:54,android,263840,Get It On,T. Rex,Get It On: The Collection,trackdone,trackdone,FALSE,FALSE
72fAewq2UVWSf3RjtqICdS,2024-08-06 02:54:54,android,179493,Sloop John B,The Beach Boys,Pet Sounds,trackdone,trackdone,FALSE,FALSE
37CRPk0L5ZpfPeePEPwE0t,2024-08-06 03:05:17,android,239555,Ashes to Ashes - 2017 Remaster,David Bowie,Scary Monsters (And Super Creeps),trackdone,logout,FALSE,FALSE
3Qw0WuniULBdYjXe2jsqCy,2024-08-06 17:33:06,android,198480,boy,The Killers,boy,clickrow,trackdone,TRUE,FALSE
4KRgqwb4kvBuTz1utbYxfb,2024-08-06 17:35:07,android,120493,And Your Bird Can Sing - Remastered 2009,The Beatles,Revolver,trackdone,trackdone,TRUE,FALSE
2DATcVxBdGcIIGd0sb1s4X,2024-08-06 17:38:23,android,195186,"Don Giovanni, ossia Il dissoluto punito, K.527 / Act 1: ""Là ci darem la mano""",Wolfgang Amadeus Mozart,Mozart: Don Giovanni,trackdone,trackdone,TRUE,FALSE
2uzlv8PjqsVvF1DhEahyhy,2024-08-06 17:41:55,android,211880,In the Summertime,Mungo Jerry,In the Summertime,trackdone,trackdone,TRUE,FALSE
23BO6YozrAXUta1buxFZ80,2024-08-06 17:46:22,android,266704,Humankind,Coldplay,Music Of The Spheres,trackdone,trackdone,TRUE,FALSE
5LMw7NqkEM9x2DPyAbVZGd,2024-08-06 17:50:18,android,235382,Let It Be - Naked Version / Remastered 2013,The Beatles,Let It Be... Naked,trackdone,trackdone,TRUE,FALSE
5MIjLrGCsgIjLPRkmbAtRJ,2024-08-06 17:55:29,android,310506,New Age - Full Length Version; 2015 Remaster,The Velvet Underground,Loaded,trackdone,trackdone,TRUE,FALSE
4UwXFiG9R0hy6ry3sGcQfO,2024-08-06 17:58:37,android,187662,Give Me Something,The Mud Howlers,R.R.R,trackdone,trackdone,TRUE,FALSE
50DMG6AvtNzbrxMc62w6ph,2024-08-06 18:02:56,android,258160,Bold as Love,John Mayer,Continuum,trackdone,trackdone,TRUE,FALSE
4qhDA6s0MkD5XpDqGLHIEY,2024-08-06 18:06:17,android,201040,Digital,Imagine Dragons,Origins,trackdone,trackdone,TRUE,FALSE
6mIqd7D0OQZn1Fn3UoBdRW,2024-08-06 18:10:16,android,237946,Dónde Estás Corazón?,Mocedades,Personalidad,trackdone,trackdone,TRUE,FALSE
2PvpzJMxUqgrQxt5aM9jwy,2024-08-06 18:14:23,android,246306,Sweet Jane - Full Length Version; 2015 Remaster,The Velvet Underground,Loaded,trackdone,trackdone,TRUE,FALSE
1bXLpqe49cqEpj88uPR4pu,2024-08-06 18:17:06,android,162746,Reckless Serenade,Arctic Monkeys,Suck It and See,trackdone,trackdone,TRUE,FALSE
61UuPxxYUvacEH6SHIK3sU,2024-08-06 18:20:55,android,228666,Brown Sugar - Remastered 2009,The Rolling Stones,Sticky Fingers,trackdone,trackdone,TRUE,FALSE
0mBgPugbdJQCIAy0YMxG26,2024-08-06 18:24:12,android,196506,Seven Drunken Nights,The Dubliners,Dublin,trackdone,trackdone,TRUE,FALSE
219nY3WjD9ZxpwquMQuksi,2024-08-06 18:27:34,android,201639,Come Back to Me,Liam Gallagher,As You Were,trackdone,trackdone,TRUE,FALSE
02ppMPbg1OtEdHgoPqoqju,2024-08-06 18:32:25,android,290213,Reckoner,Radiohead,In Rainbows,trackdone,trackdone,TRUE,FALSE
77Y57qRJBvkGCUw9qs0qMg,2024-08-06 18:36:29,android,243666,In the Blood,John Mayer,The Search for Everything,trackdone,trackdone,TRUE,FALSE
1tM9TBNPjieSOZ2d5VAQ1y,2024-08-06 18:38:47,android,137586,Lady Madonna - Remastered 2009,The Beatles,Past Masters,trackdone,trackdone,TRUE,FALSE
62XRqyhZP1vYNoD7WMTtiW,2024-08-06 18:43:13,android,265800,Uncle Jonny,The Killers,Sam's Town,trackdone,trackdone,TRUE,FALSE
1WzAeadSKJhqykZFbJNmQv,2024-08-06 18:46:46,android,211893,Your Man,Josh Turner,Your Man,trackdone,trackdone,TRUE,FALSE
3mC4kKsdyjzVGpISqAnWnW,2024-08-06 18:50:40,android,233133,California Halo Blue,AWOLNATION,Angel Miners & The Lightning Riders,trackdone,trackdone,TRUE,FALSE
48UPSzbZjgc449aqz8bxox,2024-08-06 19:03:18,android,329733,Californication,Red Hot Chili Peppers,Californication,trackdone,trackdone,TRUE,FALSE
1ltf1XEP18QMCMRRQtFbAl,2024-08-06 19:04:09,android,50373,Little Room,The White Stripes,White Blood Cells,trackdone,trackdone,TRUE,FALSE
7zSBOSD4w5LGv1bIblkVFp,2024-08-06 19:07:14,android,184963,Telefonía,Jorge Drexler,Salvavidas de hielo,trackdone,trackdone,TRUE,FALSE
3KiexfmhxHvG5IgAElmTkd,2024-08-06 19:10:08,android,173946,I Saw Her Standing There - Remastered 2009,The Beatles,Please Please Me,trackdone,trackdone,TRUE,FALSE
4s0Nj9qa3X386tHgrxpx6L,2024-08-06 19:15:21,android,312099,These Days,The Black Keys,Brothers,trackdone,trackdone,TRUE,FALSE
0gd50I2gKioJ59C827EdAY,2024-08-06 19:15:25,android,2069,I'm Happy Just To Dance With You - Remastered 2009,The Beatles,A Hard Day's Night,trackdone,fwdbtn,TRUE,TRUE
2jxuI4zNuFKQfTryWQRq6M,2024-08-06 19:18:44,android,199933,Jeans On,David Dundas,David Dundas,fwdbtn,trackdone,TRUE,FALSE
7FwBtcecmlpc1sLySPXeGE,2024-08-06 19:22:46,android,241306,Dancing In the Dark,Bruce Springsteen,Born In The U.S.A.,trackdone,trackdone,TRUE,FALSE
0YwNdeDFbGP6AGwsQrtzdY,2024-08-06 19:25:56,android,190000,I Am A Man Of Constant Sorrow - Radio Edit,The Soggy Bottom Boys,"O Brother, Where Art Thou?",trackdone,trackdone,TRUE,FALSE
1m4ZjbibTvvmYIJyXAIuxv,2024-08-06 19:26:13,android,15776,Fawkes the Phoenix,John Williams,Harry Potter and The Chamber of Secrets/ Original Motion Picture Soundtrack,trackdone,fwdbtn,TRUE,TRUE
3DK6m7It6Pw857FcQftMds,2024-08-06 19:54:02,android,113360,Runaway,Kanye West,My Beautiful Dark Twisted Fantasy,fwdbtn,logout,TRUE,FALSE
3DK6m7It6Pw857FcQftMds,2024-08-06 22:16:28,android,99864,Runaway,Kanye West,My Beautiful Dark Twisted Fantasy,appload,fwdbtn,TRUE,TRUE
1NoWKTDd0FnhUiIevfCU7u,2024-08-06 22:19:06,android,157313,Waiting on a Song,Dan Auerbach,Waiting on a Song,fwdbtn,fwdbtn,TRUE,TRUE
7Kbcm34dFokdjHNSeUKNpc,2024-08-06 22:21:10,android,123910,La Vie en Rose,Dean Martin,French Style,fwdbtn,fwdbtn,TRUE,TRUE
62zuXt6X5B6YQOBNFV2eXG,2024-08-06 22:23:35,android,146321,The Thin Ice,Pink Floyd,The Wall,fwdbtn,trackdone,TRUE,FALSE
0SieiDcGvj8cZ0K4hcT3Zd,2024-08-06 22:27:42,android,246000,Dying Breed,The Killers,Imploding The Mirage,trackdone,trackdone,TRUE,FALSE
0xIuNHHcKI1JDuBPlSwzb1,2024-08-06 22:30:23,android,161226,Good Morning Good Morning - Remastered 2009,The Beatles,Sgt. Pepper's Lonely Hearts Club Band,trackdone,trackdone,TRUE,FALSE
3vbISsmuO4qLDVYa3y3Kzk,2024-08-06 22:33:52,android,208438,Secret Valentine,We The Kings,We The Kings,trackdone,trackdone,TRUE,FALSE
7DUW5FRgH7c3RqhIGVDhSn,2024-08-06 22:37:00,android,187476,15 Years,Houndmouth,Little Neon Limelight,trackdone,trackdone,TRUE,FALSE
48uRJjXLBTNccC97iWccWk,2024-08-06 23:25:56,android,181696,Astronaut,Simple Plan,Get Your Heart On!,trackdone,logout,TRUE,FALSE
48uRJjXLBTNccC97iWccWk,2024-08-07 03:50:14,android,39843,Astronaut,Simple Plan,Get Your Heart On!,appload,trackdone,TRUE,FALSE
6TIU9Ehmi6dMzZK73Ym4yj,2024-08-07 03:54:21,android,247106,Save Myself,Ed Sheeran,÷,trackdone,trackdone,TRUE,FALSE
7uJ5FNYzu0iyvhG8wIHNmd,2024-08-07 03:58:28,android,246066,She Takes Me High,We The Kings,Smile Kid,trackdone,trackdone,TRUE,FALSE
3opO2obBmMyrJ5gK9HNbF6,2024-08-07 04:02:38,android,249493,Cha-Ching (Till We Grow Older),Imagine Dragons,Night Visions,trackdone,trackdone,TRUE,FALSE
0RFgvrhkf9FiDRLA0BhzpZ,2024-08-07 04:06:58,android,255560,Drift Away,Uncle Kracker,No Stranger to Shame,trackdone,trackdone,TRUE,FALSE
4KSQ9el0QgTKKie5oCtKLe,2024-08-07 05:32:29,android,77786,Pocket Full Of Gold,American Authors,What We Live For,trackdone,logout,TRUE,FALSE
4KSQ9el0QgTKKie5oCtKLe,2024-08-07 06:58:51,android,18222,Pocket Full Of Gold,American Authors,What We Live For,appload,endplay,TRUE,TRUE
4nehxVflg443IcjhsqpfEG,2024-08-07 07:02:38,android,226733,Para Qué Sufrir,Natalia Lafourcade,Hasta la Raíz,clickrow,trackdone,FALSE,FALSE
2mtmUkZBBPehTwrAp05VGv,2024-08-07 07:03:16,android,36995,Remamos,Kany García,Contra el Viento,trackdone,fwdbtn,TRUE,TRUE
5wWxUdgn2OugIOvLJOdreH,2024-08-07 07:07:52,android,279213,Lo Que Construimos,Natalia Lafourcade,Hasta la Raíz,fwdbtn,trackdone,TRUE,FALSE
3Riytw4egMe357gWrANdAr,2024-08-07 07:07:59,android,5830,Timidez (feat. Natalia Lafourcade),Gepe,Timidez (feat. Natalia Lafourcade),trackdone,fwdbtn,TRUE,TRUE
2mb51571ds4q4XcOP23rF1,2024-08-07 07:08:03,android,3177,Caótica Belleza,Esteman,Caótica Belleza,fwdbtn,fwdbtn,TRUE,TRUE
3G6XpCfczuhbTSBlgfqe9v,2024-08-07 07:11:53,android,231053,El lugar correcto,Natalia Lafourcade,De Todas las Flores,fwdbtn,trackdone,TRUE,FALSE
10HQmG706HZtAhXRypWw01,2024-08-07 07:13:42,android,107339,Son Amores (That's Amore) (feat. Los Macorinos),Natalia Lafourcade,"Musas (Un Homenaje al Folclore Latinoamericano en Manos de Los Macorinos, Vol. 1)",trackdone,endplay,TRUE,TRUE
02JIdsrod3BYucThfUFDUX,2024-08-07 07:16:33,android,170786,Le Festin,Camille,Ratatouille,clickrow,trackdone,TRUE,FALSE
02JIdsrod3BYucThfUFDUX,2024-08-07 07:16:37,android,2395,Le Festin,Camille,Ratatouille,trackdone,endplay,TRUE,TRUE
0mVS2trjaMEQvdtkIFCCHK,2024-08-07 07:18:13,android,95344,Valse de la Rose,Les Petits Parisians,Valse de la Rose,clickrow,fwdbtn,FALSE,TRUE
3WG0yb0OLB99N3NAIlCWKo,2024-08-07 07:18:35,android,21324,Forêt de Hêtres,Marc & Friends,Forêt de Hêtres,fwdbtn,fwdbtn,FALSE,TRUE
5B6SE5Plh3qDVXzKBBmuvl,2024-08-07 07:18:38,android,3215,La Javanaise,George Laffitte,La Javanaise,fwdbtn,fwdbtn,FALSE,TRUE
2U0WWWzYhnFieMhO9ONB1F,2024-08-07 07:18:43,android,3936,La Vie En Rose,Les Sales Gosses,La Vie En Rose,fwdbtn,fwdbtn,FALSE,TRUE
76krowblKCB2QKvFlF72rS,2024-08-07 07:18:46,android,3654,Nature Boy,Chansons d´Accordeon,Nature Boy,fwdbtn,fwdbtn,FALSE,TRUE
15G8JWzGHoxH7vryK5v2g4,2024-08-07 07:19:04,android,17466,Suzette,Carré Bleu,Les feuilles mortes,fwdbtn,endplay,FALSE,TRUE
5FWn20xrAQ1IdbA8Dml6pj,2024-08-07 07:27:10,android,45949,Si tu vois ma mère - Slow,Sidney Bechet,Les Années Bechet,clickrow,logout,FALSE,FALSE
5FWn20xrAQ1IdbA8Dml6pj,2024-08-07 21:26:16,android,59529,Si tu vois ma mère - Slow,Sidney Bechet,Les Années Bechet,appload,endplay,FALSE,TRUE
500h8jAdr7LvzzXlm1qxtK,2024-08-07 21:26:25,android,8638,Magic,Pilot,From The Album Of The Same Name,playbtn,endplay,TRUE,TRUE
4gj5Wv7rAJYhBrGPu01mxD,2024-08-07 21:30:34,android,249533,The Ballad Of Lucy Jordan,Marianne Faithfull,Broken English,clickrow,trackdone,TRUE,FALSE
1dEOKKLDpgHJGYKmMujxrN,2024-08-07 22:19:09,android,147703,My Cousin Greg,Houndmouth,Little Neon Limelight,trackdone,logout,TRUE,FALSE
1dEOKKLDpgHJGYKmMujxrN,2024-08-07 22:20:43,android,90835,My Cousin Greg,Houndmouth,Little Neon Limelight,appload,trackdone,TRUE,FALSE
0VOigAENkIt9bSoTlshSA2,2024-08-07 22:20:49,android,4950,"Canta, canta, canta (remasterizado)",Maria Dolores Pradera,40 baladas y boleros con sus primeras rancheras,trackdone,fwdbtn,TRUE,TRUE
5hhVpGIBlqAU5yJEOmrk5o,2024-08-07 22:26:42,android,353720,All My Love - Remaster,Led Zeppelin,In Through the out Door,fwdbtn,trackdone,TRUE,FALSE
2GSr8anleCXKLNjjjijoMZ,2024-08-07 22:28:32,android,106790,Yo Quisiera,Reik,Reik,trackdone,endplay,TRUE,TRUE
2GSr8anleCXKLNjjjijoMZ,2024-08-09 03:38:12,android,112209,Yo Quisiera,Reik,Reik,appload,trackdone,TRUE,FALSE
0x8BlHc0tPoiY8zAzsD2Wa,2024-08-09 03:39:01,android,46991,Tiramisu de Limon,Joaquín Sabina,Vinagre Y Rosas,trackdone,fwdbtn,TRUE,TRUE
0832pFK9N12P1B0nuaUb2Z,2024-08-09 03:42:44,android,223786,Te Fuiste de Aquí,Reik,Peligro,fwdbtn,trackdone,TRUE,FALSE
4vgjYkxGF93QjeTaNl4K3m,2024-08-09 03:53:09,android,189486,Memories Remix (feat. Nipsey Hussle & YG),Maroon 5,JORDI,trackdone,trackdone,TRUE,FALSE
1S8PKtVKvJWwOwfQpQxzWV,2024-08-09 03:56:07,android,177240,Money Maker,The Black Keys,El Camino,trackdone,trackdone,TRUE,FALSE
6h9W5FxX4E9lUFsyq8j1AD,2024-08-09 03:58:50,android,162093,Lovely Rita - Remastered 2009,The Beatles,Sgt. Pepper's Lonely Hearts Club Band,trackdone,trackdone,TRUE,FALSE
6ueh2tqxqhXlgc7WNDlRyH,2024-08-09 04:02:56,android,245693,Momma Miss America - Remastered 2011,Paul McCartney,McCartney,trackdone,trackdone,TRUE,FALSE
66q4DgxfjMOHQyHf9B5jG9,2024-08-09 04:04:09,android,71389,Beginning of a Great Adventure,Lou Reed,New York,trackdone,fwdbtn,TRUE,TRUE
2pNllR1aL6MFh1npf0376T,2024-08-09 04:09:28,android,319933,"Vultures - Live at the Nokia Theatre, Los Angeles, CA - December 2007",John Mayer,Where the Light Is: John Mayer Live In Los Angeles,fwdbtn,trackdone,TRUE,FALSE
0Dx3pLp5cHb5RKvCNHKdlK,2024-08-09 05:04:15,android,54056,From Yesterday,Thirty Seconds To Mars,A Beautiful Lie,trackdone,logout,TRUE,FALSE
0Dx3pLp5cHb5RKvCNHKdlK,2024-08-09 05:55:24,android,194143,From Yesterday,Thirty Seconds To Mars,A Beautiful Lie,appload,trackdone,TRUE,FALSE
57dG9il4j7Hi7G8Cqgi0Ts,2024-08-09 05:58:56,android,211255,Tatuajes,Joan Sebastian,Joan Sebastian Con Mariachi,trackdone,trackdone,TRUE,FALSE
5WJU527RQNyMLuKecjsL8V,2024-08-09 06:09:15,android,619263,Maggot Brain,Funkadelic,Maggot Brain,trackdone,trackdone,TRUE,FALSE
1GcVa4jFySlun4jLSuMhiq,2024-08-09 06:09:35,android,11766,Angie - Remastered 2009,The Rolling Stones,Goats Head Soup - Remastered 2009,trackdone,endplay,TRUE,TRUE
6Nd4WPRscBW9wGi2l7K1Ot,2024-08-09 20:26:41,android,72760,Bright Lights,The Killers,Bright Lights,clickrow,logout,FALSE,FALSE
6Nd4WPRscBW9wGi2l7K1Ot,2024-08-09 23:17:19,android,36020,Bright Lights,The Killers,Bright Lights,appload,logout,FALSE,FALSE
6Nd4WPRscBW9wGi2l7K1Ot,2024-08-09 23:48:33,android,250973,Bright Lights,The Killers,Bright Lights,appload,trackdone,FALSE,FALSE
6Nd4WPRscBW9wGi2l7K1Ot,2024-08-10 00:08:08,android,234586,Bright Lights,The Killers,Bright Lights,trackdone,logout,FALSE,FALSE
6Nd4WPRscBW9wGi2l7K1Ot,2024-08-10 03:03:18,android,250973,Bright Lights,The Killers,Bright Lights,clickrow,trackdone,TRUE,FALSE
50nMTUEOuBUF7Q3FRs8Qpw,2024-08-10 03:07:59,android,280493,Jilted Lovers & Broken Hearts,Brandon Flowers,Flamingo,trackdone,trackdone,TRUE,FALSE
0vicQm86o7GnT42GdG34sA,2024-08-10 03:12:37,android,278093,Some Kind Of Love,The Killers,Wonderful Wonderful,trackdone,trackdone,TRUE,FALSE
7gS9H5JtkJZgUZBq5mWY4P,2024-08-10 03:17:43,android,305013,Believe Me Natalie,The Killers,Hot Fuss,trackdone,trackdone,TRUE,FALSE
690W3U6pfNcfy7JN8GtqUi,2024-08-10 03:21:51,android,247826,Imploding The Mirage,The Killers,Imploding The Mirage,trackdone,trackdone,TRUE,FALSE
60eVCXFCuw1WYswBuNZc4H,2024-08-10 03:25:56,android,243933,Jenny Was A Friend Of Mine,The Killers,Hot Fuss,trackdone,trackdone,TRUE,FALSE
3S2dHguCWZUsq3mE1JCwOl,2024-08-10 03:30:13,android,256906,Quiet Town - Abridged,The Killers,Pressure Machine,trackdone,trackdone,TRUE,FALSE
3jmqb9d6QW8hQHxAgI5u2X,2024-08-10 03:34:04,android,230346,The Ballad Of Michael Valentine,The Killers,Sawdust,trackdone,trackdone,TRUE,FALSE
5hg1AkrHaddlxujq6KXvJg,2024-08-10 03:47:24,android,24993,"Ruby, Don't Take Your Love To Town",The Killers,Sawdust,trackdone,logout,TRUE,FALSE
5hg1AkrHaddlxujq6KXvJg,2024-08-10 21:04:30,android,46065,"Ruby, Don't Take Your Love To Town",The Killers,Sawdust,clickrow,endplay,TRUE,TRUE
6Nd4WPRscBW9wGi2l7K1Ot,2024-08-10 21:09:14,android,250973,Bright Lights,The Killers,Bright Lights,clickrow,trackdone,FALSE,FALSE
2NiKqnDaUJHq8l67t4509u,2024-08-10 22:47:12,android,75391,Flesh And Bone,The Killers,Battle Born,appload,unknown,FALSE,FALSE
2NiKqnDaUJHq8l67t4509u,2024-08-10 22:53:34,android,163963,Flesh And Bone,The Killers,Battle Born,remote,trackdone,FALSE,FALSE
62BxlOvQCjLNQA5ARA4Dug,2024-08-10 22:57:37,android,243786,Runaways,The Killers,Battle Born,trackdone,trackdone,FALSE,FALSE
0x4rW5jv6fkKweBgjE5O8F,2024-08-10 23:16:53,android,190007,The Way It Was,The Killers,Battle Born,trackdone,logout,FALSE,FALSE
6LYNOWzGwVZmi64kwtWLx7,2024-08-12 01:52:02,android,1820,A Matter Of Time,The Killers,Battle Born,fwdbtn,fwdbtn,FALSE,TRUE
1XsS266JiQtoqqLdlgD17V,2024-08-12 01:52:03,android,1118,Miss Atomic Bomb,The Killers,Battle Born,fwdbtn,fwdbtn,FALSE,TRUE
0E9HjozMA5x8YjrQ7bJFOm,2024-08-12 01:52:08,android,4932,Heart Of A Girl,The Killers,Battle Born,fwdbtn,endplay,FALSE,TRUE
3Qw0WuniULBdYjXe2jsqCy,2024-08-12 01:55:25,android,198480,boy,The Killers,boy,clickrow,trackdone,FALSE,FALSE
6Nd4WPRscBW9wGi2l7K1Ot,2024-08-12 01:59:41,android,246688,Bright Lights,The Killers,Bright Lights,trackdone,unknown,FALSE,FALSE
6Nd4WPRscBW9wGi2l7K1Ot,2024-08-12 02:12:18,android,5089,Bright Lights,The Killers,Bright Lights,remote,trackdone,FALSE,FALSE
2NiKqnDaUJHq8l67t4509u,2024-08-12 02:16:41,android,239333,Flesh And Bone,The Killers,Battle Born,trackdone,trackdone,FALSE,FALSE
62BxlOvQCjLNQA5ARA4Dug,2024-08-12 02:32:50,android,243786,Runaways,The Killers,Battle Born,trackdone,trackdone,FALSE,FALSE
0x4rW5jv6fkKweBgjE5O8F,2024-08-12 03:14:43,android,70496,The Way It Was,The Killers,Battle Born,trackdone,logout,FALSE,FALSE
0x4rW5jv6fkKweBgjE5O8F,2024-08-12 20:12:19,android,161812,The Way It Was,The Killers,Battle Born,appload,trackdone,FALSE,FALSE
6LYNOWzGwVZmi64kwtWLx7,2024-08-12 20:16:31,android,251573,A Matter Of Time,The Killers,Battle Born,trackdone,trackdone,FALSE,FALSE
1XsS266JiQtoqqLdlgD17V,2024-08-12 20:18:38,android,98526,Miss Atomic Bomb,The Killers,Battle Born,trackdone,fwdbtn,FALSE,TRUE
0E9HjozMA5x8YjrQ7bJFOm,2024-08-12 20:19:08,android,29335,Heart Of A Girl,The Killers,Battle Born,fwdbtn,endplay,FALSE,TRUE
1B5tiGNcOHERcXcBHiL6Xs,2024-08-12 20:56:02,android,41655,Be Still,The Killers,Battle Born,clickrow,logout,TRUE,FALSE
1B5tiGNcOHERcXcBHiL6Xs,2024-08-12 21:56:03,android,232793,Be Still,The Killers,Battle Born,appload,trackdone,TRUE,FALSE
0E9HjozMA5x8YjrQ7bJFOm,2024-08-12 22:05:05,android,274266,Heart Of A Girl,The Killers,Battle Born,trackdone,trackdone,TRUE,FALSE
6Nd4WPRscBW9wGi2l7K1Ot,2024-08-12 22:29:49,android,38057,Bright Lights,The Killers,Bright Lights,trackdone,logout,TRUE,FALSE
3Qw0WuniULBdYjXe2jsqCy,2024-08-13 17:28:56,android,1618,boy,The Killers,boy,clickrow,endplay,TRUE,TRUE
6Nd4WPRscBW9wGi2l7K1Ot,2024-08-13 17:33:07,android,250973,Bright Lights,The Killers,Bright Lights,clickrow,trackdone,TRUE,FALSE
6Aj3Y4Pr2Pm5Vz50uS2sy7,2024-08-13 17:36:26,android,199053,Magdalena,Brandon Flowers,Flamingo,trackdone,trackdone,TRUE,FALSE
4FHsiXgxioebVeis48kqRE,2024-08-13 17:40:16,android,229813,Diggin' Up The Heart,Brandon Flowers,The Desired Effect,trackdone,trackdone,TRUE,FALSE
3jmqb9d6QW8hQHxAgI5u2X,2024-08-13 17:44:07,android,230346,The Ballad Of Michael Valentine,The Killers,Sawdust,trackdone,trackdone,TRUE,FALSE
1CRZl1AFUS7EBBXqUkCWh8,2024-08-13 17:46:41,android,153560,Under The Gun,The Killers,Sawdust,trackdone,trackdone,TRUE,FALSE
6BnY0YochAURSXSR3d5N7O,2024-08-13 17:57:14,android,31473,"Andy, You're A Star",The Killers,Hot Fuss,trackdone,logout,TRUE,FALSE
6suRRwX61xSMfU7wJuCVdy,2024-08-13 18:53:35,android,4611,For Reasons Unknown,The Killers,Sam's Town,fwdbtn,endplay,TRUE,TRUE
1B5tiGNcOHERcXcBHiL6Xs,2024-08-13 18:58:08,android,273240,Be Still,The Killers,Battle Born,clickrow,trackdone,TRUE,FALSE
5NAiPIEzxAexFE3ucV18Q8,2024-08-13 19:01:50,android,222146,Run For Cover,The Killers,Wonderful Wonderful,trackdone,trackdone,TRUE,FALSE
0x4rW5jv6fkKweBgjE5O8F,2024-08-13 19:05:42,android,231160,The Way It Was,The Killers,Battle Born,trackdone,trackdone,TRUE,FALSE
690W3U6pfNcfy7JN8GtqUi,2024-08-13 19:09:51,android,247826,Imploding The Mirage,The Killers,Imploding The Mirage,trackdone,trackdone,TRUE,FALSE
5LZFNc5AEAKWURgfYHkwup,2024-08-13 19:12:55,android,184133,Neon Tiger,The Killers,Day & Age,trackdone,trackdone,TRUE,FALSE
6Bm3TYTfP6jjxUTE6OdXG3,2024-08-13 19:17:05,android,225160,Tranquilize,The Killers,Sawdust,trackdone,trackdone,TRUE,FALSE
57hGTDy3A5JFzbmIzrSYxF,2024-08-13 19:21:30,android,264453,Why Do I Keep Counting?,The Killers,Sam's Town,trackdone,trackdone,TRUE,FALSE
5G3EojCR8npjlDirpzY7Q6,2024-08-13 19:26:14,android,283013,Peace Of Mind,The Killers,Peace Of Mind,trackdone,trackdone,TRUE,FALSE
0qXWJhU46zurMYQoAnBxdG,2024-08-13 19:29:00,android,166240,Show You How,The Killers,Sawdust,trackdone,trackdone,TRUE,FALSE
5hg1AkrHaddlxujq6KXvJg,2024-08-13 19:32:06,android,185186,"Ruby, Don't Take Your Love To Town",The Killers,Sawdust,trackdone,trackdone,TRUE,FALSE
2aZ2Co4NeQRsqWcU930zHT,2024-08-13 19:36:09,android,242506,Shot At The Night,The Killers,Direct Hits,trackdone,trackdone,TRUE,FALSE
3Va8YnnKB5c21OyB4B0DKo,2024-08-13 19:39:53,android,223720,Sam's Town - Live From Abbey Road / 2006,The Killers,Sawdust,trackdone,trackdone,TRUE,FALSE
6UWKmtXxO3NlnOJjvNZmX8,2024-08-13 19:43:50,android,236653,The Way It's Always Been,Brandon Flowers,The Desired Effect,trackdone,trackdone,TRUE,FALSE
5vollujufHY0jMZxx77VWr,2024-08-13 19:48:53,android,301866,All These Things That I've Done,The Killers,Hot Fuss,trackdone,trackdone,TRUE,FALSE
0Of7QOxHibUJW7q0YFBJVC,2024-08-13 19:52:32,android,218493,Leave The Bourbon On The Shelf,The Killers,Sawdust,trackdone,trackdone,TRUE,FALSE
5lMJAriKOCtObPGOlG3eNP,2024-08-13 20:30:03,android,55040,Tidal Wave,The Killers,Spaceman,trackdone,logout,TRUE,FALSE
5lMJAriKOCtObPGOlG3eNP,2024-08-14 00:32:29,android,199386,Tidal Wave,The Killers,Spaceman,appload,trackdone,TRUE,FALSE
35HSY6uzdUJd5ur9JtYkTA,2024-08-14 00:36:01,android,211733,The Cowboys' Christmas Ball,The Killers,Don't Waste Your Wishes,trackdone,trackdone,TRUE,FALSE
4gsOR9hEmZqJF8BSLKuHUA,2024-08-14 00:40:15,android,253653,Losing Touch,The Killers,Day & Age,trackdone,trackdone,TRUE,FALSE
7d3HsxVBxNWx8Q3G5UuHos,2024-08-14 00:43:54,android,218906,My God (feat. Weyes Blood),The Killers,Imploding The Mirage,trackdone,trackdone,TRUE,FALSE
3aVyHFxRkf8lSjhWdJ68AW,2024-08-14 00:48:17,android,262000,Just Another Girl,The Killers,Direct Hits,trackdone,trackdone,TRUE,FALSE
4FHsiXgxioebVeis48kqRE,2024-08-14 01:20:50,android,155929,Diggin' Up The Heart,Brandon Flowers,The Desired Effect,trackdone,logout,TRUE,FALSE
4FHsiXgxioebVeis48kqRE,2024-08-14 02:44:40,android,74949,Diggin' Up The Heart,Brandon Flowers,The Desired Effect,appload,trackdone,TRUE,FALSE
0SieiDcGvj8cZ0K4hcT3Zd,2024-08-14 02:48:46,android,246000,Dying Breed,The Killers,Imploding The Mirage,trackdone,trackdone,TRUE,FALSE
2VZ3ibuhicmovAqEMIFdJW,2024-08-14 02:52:26,android,218893,This Is Your Life,The Killers,Day & Age,trackdone,trackdone,TRUE,FALSE
4shKoD4U0rsE6UDjyPEjyK,2024-08-14 02:56:13,android,227000,Bones,The Killers,Sam's Town,trackdone,trackdone,TRUE,FALSE
3Qw0WuniULBdYjXe2jsqCy,2024-08-14 02:59:32,android,198480,boy,The Killers,boy,trackdone,trackdone,TRUE,FALSE
0751ozQYIiLVQ9FRFhe55j,2024-08-14 03:14:12,android,254653,Glamorous Indie Rock & Roll,The Killers,Hot Fuss,trackdone,trackdone,TRUE,FALSE
4fCs9oQGvZGbnYXBkL4hYh,2024-08-14 03:16:04,android,84534,Exitlude,The Killers,Sam's Town,trackdone,unknown,TRUE,FALSE
4fCs9oQGvZGbnYXBkL4hYh,2024-08-14 20:56:34,android,63223,Exitlude,The Killers,Sam's Town,appload,trackdone,TRUE,FALSE
489qGxxMxFWIFgtNYFzlAz,2024-08-14 20:57:01,android,25073,Land Of The Free,The Killers,Land Of The Free,trackdone,endplay,TRUE,TRUE
08mG3Y1vljYA6bvDt4Wqkj,2024-08-14 21:01:15,android,255493,Back In Black,AC/DC,Back In Black,playbtn,trackdone,TRUE,FALSE
0E4Y1XIbs8GrAT1YqVy6dq,2024-08-14 21:03:11,android,83452,Afterglow,Ed Sheeran,Afterglow,trackdone,endplay,TRUE,TRUE
0E4Y1XIbs8GrAT1YqVy6dq,2024-08-14 22:27:19,android,102955,Afterglow,Ed Sheeran,Afterglow,appload,trackdone,TRUE,FALSE
1MsBRSbt5dqJSw3RxXtvCM,2024-08-14 22:30:39,android,198773,I Want To Break Free - Remastered 2011,Queen,The Works,trackdone,trackdone,TRUE,FALSE
31u6rUeIEXGrYVoh10U7eu,2024-08-14 23:18:14,android,164831,Leave It In My Dreams,The Voidz,Virtue,trackdone,logout,TRUE,FALSE
71KfMB0IF32Xuucdlza8RE,2024-08-15 00:31:39,android,147871,A Long Way from Home (2020 Stereo Remaster),The Kinks,"Lola Versus Powerman and the Moneygoround, Pt. 1",fwdbtn,trackdone,TRUE,FALSE
5XeFesFbtLpXzIVDNQP22n,2024-08-15 00:34:43,android,183956,I Wanna Be Yours,Arctic Monkeys,AM,trackdone,trackdone,TRUE,FALSE
6dXlJ9dWFpEqQm10MlOAbL,2024-08-15 00:38:29,android,189693,That's What I Want to Hear,Phil Ochs,I Ain't Marching Anymore,trackdone,trackdone,TRUE,FALSE
3VbGCXWRiouAq8VyMYN2MI,2024-08-15 00:40:51,android,141693,Love Me Do - Remastered 2009,The Beatles,Please Please Me,trackdone,trackdone,TRUE,FALSE
0hwB5n9p1CWXrgCUu9cXZo,2024-08-15 00:43:26,android,155240,Caballo Blanco,Vicente Fernández,Mi Amigo El Tordillo,trackdone,trackdone,TRUE,FALSE
0rE8nugfCMtsC3mzNukV8Z,2024-08-15 00:46:35,android,187706,"Dark as the Dungeon - Live at Folsom State Prison, Folsom, CA - January 1968",Johnny Cash,At Folsom Prison,trackdone,trackdone,TRUE,FALSE
755bvJDSA3LNcNuFgBT9LK,2024-08-15 01:18:47,android,145499,Iron Man - 2009 Remaster,Black Sabbath,Paranoid,trackdone,logout,TRUE,FALSE
6OTGRlCpPGMpPM96g62d2R,2024-08-15 20:02:01,android,200118,Grecia,Elsa y Elmar,Grecia,playbtn,trackdone,TRUE,FALSE
2LsbizbOeNa4x6qsi2jAMb,2024-08-15 20:06:23,android,261200,La flaca,Jarabe De Palo,La Flaca,trackdone,trackdone,TRUE,FALSE
6NQvRUIZZ2z5EUaFd9OloQ,2024-08-15 20:10:32,android,248893,A la Orilla de la Chimenea,Joaquín Sabina,Fisica Y Quimica,trackdone,trackdone,TRUE,FALSE
5yIVcrwQXdIlDgTMc8pa6z,2024-08-15 20:15:12,android,279266,Contigo,Joaquín Sabina,"Yo, Mi, Me, Contigo",trackdone,trackdone,TRUE,FALSE
5HmYuJIqLEXOa9i4YQJWoQ,2024-08-15 20:18:29,android,196200,Cantares - En Directo,Joan Manuel Serrat,Serrat En Directo,trackdone,trackdone,TRUE,FALSE
5ifVQVLUnIk46RRZ90WH7S,2024-08-15 20:23:25,android,295333,Peor para el Sol,Joaquín Sabina,Fisica Y Quimica,trackdone,trackdone,TRUE,FALSE
5omgFpiMt1CGHjQGfkwzvz,2024-08-15 20:27:39,android,254266,Agua,Jarabe De Palo,Depende,trackdone,trackdone,TRUE,FALSE
3AR1c3Dssq51WlGGkuYJNj,2024-08-15 20:32:28,android,288053,El lado oscuro,Jarabe De Palo,La Flaca,trackdone,trackdone,TRUE,FALSE
0C1OcBOsuFmFFGkh3FWIGG,2024-08-15 20:36:33,android,244733,Princesa,Joaquin Sabina y Viceversa,Juez Y Parte,trackdone,trackdone,TRUE,FALSE
1BGNm88t34PvklJDB1An4D,2024-08-15 20:39:32,android,177960,Papá Cuéntame Otra Vez,Ismael Serrano,20 Años de la Sala Galileo Galilei,trackdone,trackdone,TRUE,FALSE
1lAFWiaVhJhvQ5Gtzp6vSu,2024-08-15 20:43:35,android,242413,Tu Carcel - En Vivo,Los Enanitos Verdes,En Vivo,trackdone,trackdone,TRUE,FALSE
7v2xvireH6Ba3FREa5wsRP,2024-08-15 20:48:13,android,277973,Y Sin Embargo,Joaquín Sabina,"Yo, Mi, Me, Contigo",trackdone,trackdone,TRUE,FALSE
34DIwlo2i3s5Piug6nHzK9,2024-08-15 20:52:01,android,227680,Postdata,Joaquín Sabina,Lo Niego Todo,trackdone,trackdone,TRUE,FALSE
5sQGo3fB2NoFalyy4uZjiu,2024-08-15 20:55:34,android,212481,Ojalá,Silvio Rodríguez,Al Final de Este Viaje...,trackdone,trackdone,TRUE,FALSE
2xJkInvoCAKWLUy64N13pU,2024-08-15 21:00:30,android,294760,Yo Me Bajo en Atocha,Joaquín Sabina,Sabina 70,trackdone,trackdone,TRUE,FALSE
6mR0ZA4DxvAHBihaXgI3oD,2024-08-15 21:04:28,android,238386,Tierra,Xoel López,Atlántico,trackdone,trackdone,TRUE,FALSE
0KF9s5HhXY9om1zpyo6Uox,2024-08-15 21:07:37,android,188106,La vida es más compleja de lo que parece,Jorge Drexler,12 segundos de oscuridad,trackdone,trackdone,TRUE,FALSE
5xsY1Bm1FItKFFoJ3b964t,2024-08-15 21:21:45,android,87173,Me Cuesta Tanto Olvidarte,Mecano,Entre el Cielo y el Suelo,trackdone,logout,TRUE,FALSE
5xsY1Bm1FItKFFoJ3b964t,2024-08-15 22:56:07,android,13262,Me Cuesta Tanto Olvidarte,Mecano,Entre el Cielo y el Suelo,appload,fwdbtn,TRUE,TRUE
1eCie6lwjb4crxeAvkRaSi,2024-08-15 23:01:13,android,302933,Y Nos Dieron las Diez,Joaquín Sabina,Fisica Y Quimica,fwdbtn,trackdone,TRUE,FALSE
2gjB9GgSZFlj0YwItEACpQ,2024-08-15 23:04:41,android,207986,Silencio,Jorge Drexler,Salvavidas de hielo,trackdone,trackdone,TRUE,FALSE
0eVborSuxUeSg0meWYd9dZ,2024-08-15 23:18:42,android,116877,Soldadito marinero,Fito y Fitipaldis,Lo mas lejos a tu lado,trackdone,logout,TRUE,FALSE
0eVborSuxUeSg0meWYd9dZ,2024-08-16 01:03:25,android,138517,Soldadito marinero,Fito y Fitipaldis,Lo mas lejos a tu lado,appload,trackdone,TRUE,FALSE
7KcFlbQmzhVczGMor3Fhr9,2024-08-16 01:09:12,android,162295,Por el Bulevar de los Sueños Rotos,Joaquín Sabina,Esta Boca Es Mia,trackdone,unknown,TRUE,FALSE
7KcFlbQmzhVczGMor3Fhr9,2024-08-16 04:37:35,android,76296,Por el Bulevar de los Sueños Rotos,Joaquín Sabina,Esta Boca Es Mia,appload,trackdone,TRUE,FALSE
5xq9JrBQQ1r1bKx3P1QhB2,2024-08-16 04:39:05,android,89008,Peces de Ciudad,Joaquín Sabina,Dímelo En La Calle,trackdone,endplay,TRUE,TRUE
34DIwlo2i3s5Piug6nHzK9,2024-08-16 04:42:52,android,227680,Postdata,Joaquín Sabina,Lo Niego Todo,clickrow,trackdone,TRUE,FALSE
7zSBOSD4w5LGv1bIblkVFp,2024-08-16 04:44:04,android,71418,Telefonía,Jorge Drexler,Salvavidas de hielo,trackdone,fwdbtn,TRUE,TRUE
41gpbNDcsSh4r8YgVMbQqh,2024-08-16 04:44:06,android,1214,Asilo (feat. Mon Laferte),Jorge Drexler,Salvavidas de hielo,fwdbtn,fwdbtn,TRUE,TRUE
05ascW5kZSLsGM7sdr9Eot,2024-08-16 04:44:07,android,1569,Lodo,Xoel López,Sueños y Pan,fwdbtn,fwdbtn,TRUE,TRUE
7uWPGOYJ5VD9ygh33Eemex,2024-08-16 04:44:09,android,1885,La Flor de la Canela (with Joaquín Sabina),Maria Dolores Pradera,Gracias A Vosotros,fwdbtn,fwdbtn,TRUE,TRUE
2gjB9GgSZFlj0YwItEACpQ,2024-08-16 04:44:11,android,1502,Silencio,Jorge Drexler,Salvavidas de hielo,fwdbtn,fwdbtn,TRUE,TRUE
6V78ktWCGcJIIB5DPJBoPn,2024-08-16 04:44:14,android,2913,19 Dias y 500 Noches,Joaquín Sabina,19 Dias Y 500 Noches,fwdbtn,fwdbtn,TRUE,TRUE
3cApCJqmVwE23cxYUADZpx,2024-08-16 04:44:15,android,1273,Pongamos que hablo de Martínez,Jorge Drexler,Salvavidas de hielo,fwdbtn,fwdbtn,TRUE,TRUE
54FxYkqJZEEYSwNDemLigt,2024-08-16 04:44:17,android,1907,Noches de Boda / Y Nos Dieron las Diez - Directo Luna Park,Joaquín Sabina,500 Noches para una Crisis (En Directo),fwdbtn,fwdbtn,TRUE,TRUE
1HX9kKDz6dG4fmLBuKVzOF,2024-08-16 04:44:19,android,1541,Quién Me Ha Robado el Mes de Abril,Joaquín Sabina,El Hombre Del Traje Gris,fwdbtn,fwdbtn,TRUE,TRUE
6OTGRlCpPGMpPM96g62d2R,2024-08-16 04:44:20,android,991,Grecia,Elsa y Elmar,Grecia,fwdbtn,fwdbtn,TRUE,TRUE
0x8BlHc0tPoiY8zAzsD2Wa,2024-08-16 04:44:26,android,6418,Tiramisu de Limon,Joaquín Sabina,Vinagre Y Rosas,fwdbtn,fwdbtn,TRUE,TRUE
2A0ZLZ2Bixhcnf9Jkdh5Xp,2024-08-16 04:44:28,android,1661,Yolanda,Pablo Milanés,Yo Me Quedo,fwdbtn,fwdbtn,TRUE,TRUE
3LXFi1Xk9qJsYXYEjDcuVH,2024-08-16 04:49:46,android,319053,19 Dias y 500 Noches - En Directo,Joaquín Sabina,Nos Sobran Los Motivos,fwdbtn,trackdone,TRUE,FALSE
2iLZUYfWFuSwPxOXdLHiwo,2024-08-16 04:49:50,android,2390,Colombina - Remastered,Jaime Roos,Estamos Rodeados,trackdone,fwdbtn,TRUE,TRUE
1w6mcMacExya7bvbElMuar,2024-08-16 04:49:52,android,1956,Óleo de Mujer Con Sombrero,Silvio Rodríguez,Al Final de Este Viaje...,fwdbtn,fwdbtn,TRUE,TRUE
0fAmpdONIYsxiP27CwnzLJ,2024-08-16 04:49:54,android,1839,Milonga de Ojos Dorados (Alfredo Zitarrosa) - Live on Pardelion Music,Jorge Drexler,Milonga de Ojos Dorados (Alfredo Zitarrosa),fwdbtn,fwdbtn,TRUE,TRUE
3S2ypj6FSu07jVKFSTAUjm,2024-08-16 06:00:45,android,179325,Se Me Olvidó Otra Vez - Unplugged; 2020 Remasterizado,Maná,MTV Unplugged,fwdbtn,logout,TRUE,FALSE
3S2ypj6FSu07jVKFSTAUjm,2024-08-16 06:18:04,android,45954,Se Me Olvidó Otra Vez - Unplugged; 2020 Remasterizado,Maná,MTV Unplugged,appload,trackdone,TRUE,FALSE
4SalVML4kHX3Kjlbq24EgZ,2024-08-16 06:18:27,android,22470,La Profecía,Guillem Roma,La Profecía,trackdone,fwdbtn,TRUE,TRUE
6NQvRUIZZ2z5EUaFd9OloQ,2024-08-16 06:18:31,android,3136,A la Orilla de la Chimenea,Joaquín Sabina,Fisica Y Quimica,fwdbtn,fwdbtn,TRUE,TRUE
0LxCY6cjKgjutOZaqyjrVQ,2024-08-16 06:18:32,android,1557,Hombre de ninguna parte,Xoel López,Atlántico,fwdbtn,fwdbtn,TRUE,TRUE
5omgFpiMt1CGHjQGfkwzvz,2024-08-16 06:18:34,android,1534,Agua,Jarabe De Palo,Depende,fwdbtn,fwdbtn,TRUE,TRUE
6mR0ZA4DxvAHBihaXgI3oD,2024-08-16 06:18:35,android,930,Tierra,Xoel López,Atlántico,fwdbtn,fwdbtn,TRUE,TRUE
3AR1c3Dssq51WlGGkuYJNj,2024-08-16 06:18:36,android,1335,El lado oscuro,Jarabe De Palo,La Flaca,fwdbtn,fwdbtn,TRUE,TRUE
1BGNm88t34PvklJDB1An4D,2024-08-16 06:18:39,android,3184,Papá Cuéntame Otra Vez,Ismael Serrano,20 Años de la Sala Galileo Galilei,fwdbtn,fwdbtn,TRUE,TRUE
1eCie6lwjb4crxeAvkRaSi,2024-08-16 06:23:41,android,302933,Y Nos Dieron las Diez,Joaquín Sabina,Fisica Y Quimica,fwdbtn,trackdone,TRUE,FALSE
5yIVcrwQXdIlDgTMc8pa6z,2024-08-16 06:25:14,android,91339,Contigo,Joaquín Sabina,"Yo, Mi, Me, Contigo",trackdone,fwdbtn,TRUE,TRUE
5nw6Uk1a2NkmTqfalBvMia,2024-08-16 06:25:16,android,1937,Dice la gente,Kiko Veneno,Dice la gente,fwdbtn,fwdbtn,TRUE,TRUE
40tFJtuES1da2fg0OurUdI,2024-08-16 06:25:30,android,13810,Eso Que Tú Me Das,Jarabe De Palo,Tragas o Escupes,fwdbtn,endplay,TRUE,TRUE
6Nd4WPRscBW9wGi2l7K1Ot,2024-08-16 06:28:28,android,177936,Bright Lights,The Killers,Bright Lights,clickrow,fwdbtn,TRUE,TRUE
1cqlBqJC2FL38DYTXgvQIW,2024-08-16 06:28:30,android,1822,Anoche Soñé Contigo,Kevin Johansen,Logo,fwdbtn,fwdbtn,TRUE,TRUE
18GiV1BaXzPVYpp9rmOg0E,2024-08-16 06:28:32,android,2448,Blowin' in the Wind,Bob Dylan,The Freewheelin' Bob Dylan,fwdbtn,fwdbtn,TRUE,TRUE
7vb1HJXTK7hR3ug25xtiuY,2024-08-16 06:28:34,android,1837,Na Na Na (Na Na Na Na Na Na Na Na Na),My Chemical Romance,May Death Never Stop You,fwdbtn,fwdbtn,TRUE,TRUE
5QYnNhTKsN3kE7OaqILA1U,2024-08-16 06:28:36,android,1220,First Times,Ed Sheeran,=,fwdbtn,fwdbtn,TRUE,TRUE
19478RhU7tV6UkD8sWcxo7,2024-08-16 06:28:37,android,1142,My Kind of Man,Vance Joy,Dream Your Life Away,fwdbtn,fwdbtn,TRUE,TRUE
3i25w2HOWoafnTIiWJCL71,2024-08-16 06:28:39,android,1644,Fool in the Rain - Remaster,Led Zeppelin,In Through the out Door,fwdbtn,fwdbtn,TRUE,TRUE
7fQ3PYTYdu208fQ3JEm2U7,2024-08-16 06:28:40,android,1781,Ain't That A Kick In The Head,Dean Martin,"Dean Martin: The Capitol Recordings, Vol. 11 (1960-1961)",fwdbtn,fwdbtn,TRUE,TRUE
6dUfUi14QkuIpGA0GFFPyC,2024-08-16 06:28:42,android,1435,Supersonic - 2014 Remaster,Oasis,Definitely Maybe,fwdbtn,fwdbtn,TRUE,TRUE
0CaBBQsaAiRHhiLmzi7ZRp,2024-08-16 06:28:44,android,1781,Two Of Us - Remastered 2009,The Beatles,Let It Be,fwdbtn,fwdbtn,TRUE,TRUE
35HSY6uzdUJd5ur9JtYkTA,2024-08-16 06:32:15,android,211733,The Cowboys' Christmas Ball,The Killers,Don't Waste Your Wishes,fwdbtn,trackdone,TRUE,FALSE
1jOLTO379yIu9aMnCkpMQl,2024-08-16 06:32:42,android,25625,You Never Give Me Your Money - Remastered 2009,The Beatles,Abbey Road,trackdone,fwdbtn,TRUE,TRUE
1UZOjK1BwmwWU14Erba9CZ,2024-08-16 06:47:02,android,56743,Malibu,Miley Cyrus,Younger Now,fwdbtn,logout,TRUE,FALSE
1UZOjK1BwmwWU14Erba9CZ,2024-08-16 21:14:37,android,176181,Malibu,Miley Cyrus,Younger Now,appload,trackdone,TRUE,FALSE
3J3QIu6iYhLYorved4Hb4k,2024-08-16 21:26:42,android,125720,I Don't Care If the Sun Don't Shine,Elvis Presley,For LP Fans Only,trackdone,fwdbtn,TRUE,TRUE
3L4j5qwEVSDj0KgFPrx8UL,2024-08-16 21:32:02,android,321226,Lovers' Eyes,Mumford & Sons,Babel,fwdbtn,trackdone,TRUE,FALSE
1CREYYq1k6c2JTo2WeFF4o,2024-08-16 21:46:25,android,76813,Keep On Wanting,The Fray,Helios,trackdone,logout,TRUE,FALSE
1CREYYq1k6c2JTo2WeFF4o,2024-08-17 02:00:37,android,97971,Keep On Wanting,The Fray,Helios,appload,endplay,TRUE,TRUE
4gj5Wv7rAJYhBrGPu01mxD,2024-08-17 02:10:50,android,249533,The Ballad Of Lucy Jordan,Marianne Faithfull,Broken English,clickrow,trackdone,TRUE,FALSE
3TQbr3G3U5wlwEJejmqC1F,2024-08-17 02:14:32,android,220866,Never on the Day You Leave,John Mayer,The Search for Everything,trackdone,trackdone,TRUE,FALSE
2TfSHkHiFO4gRztVIkggkE,2024-08-17 02:14:35,android,1418,"Sugar, We're Goin Down",Fall Out Boy,From Under The Cork Tree,trackdone,fwdbtn,TRUE,TRUE
1fOi6nfmNTYUJFEyvGNfkF,2024-08-17 02:17:56,android,200097,Caballo Prieto Azabache,Antonio Aguilar,15 Éxitos: Corridos de Caballos Famosos,fwdbtn,trackdone,TRUE,FALSE
1zi7xx7UVEFkmKfv06H8x0,2024-08-17 02:31:43,android,6481,One Dance,Drake,Views,trackdone,logout,TRUE,FALSE
1zi7xx7UVEFkmKfv06H8x0,2024-08-18 00:24:55,android,168516,One Dance,Drake,Views,appload,trackdone,TRUE,FALSE
7j31rVgGX9Q2blT92VBEA0,2024-08-18 00:27:37,android,161920,Teenagers,My Chemical Romance,The Black Parade,trackdone,trackdone,TRUE,FALSE
5OGPjlTOXvKFhnCy9zSdpv,2024-08-18 00:34:32,android,413906,In the Evening - Remaster,Led Zeppelin,In Through the out Door,trackdone,trackdone,TRUE,FALSE
0pCB9UWGXALpeXcns33vnL,2024-08-18 01:17:32,android,82083,Radioactive,Imagine Dragons,Night Visions,trackdone,logout,TRUE,FALSE
4Im6GRj17qa7NW76OsJh1s,2024-08-19 17:20:32,android,286386,I Guess I Just Feel Like,John Mayer,Sob Rock,clickrow,trackdone,TRUE,FALSE
1ZS5HBMAmZk3gjFcedts66,2024-08-19 17:24:25,android,232533,Sway - 2009 Mix,The Rolling Stones,Sticky Fingers,trackdone,trackdone,TRUE,FALSE
2Qh1VTOuNG3K9ORtkfYg02,2024-08-19 17:28:00,android,214093,The Old Man Down The Road,John Fogerty,Centerfield – 25th Anniversary,trackdone,trackdone,TRUE,FALSE
1RywwImkBFUEVcRTBmw7vL,2024-08-19 17:30:41,android,157586,The Age of Worry,John Mayer,Born and Raised,trackdone,trackdone,TRUE,FALSE
4cQIbDqCZrHknxlDUjRHZ0,2024-08-19 17:34:35,android,230226,Supersoaker,Kings of Leon,Mechanical Bull (Expanded Edition),trackdone,trackdone,TRUE,FALSE
6qeFKhT0Khb9ySbb5pNYT5,2024-08-19 17:38:01,android,205048,One of Us,Liam Gallagher,Why Me? Why Not.,trackdone,trackdone,TRUE,FALSE
4DZAH8eiqSAkMIE9l5D71U,2024-08-19 17:40:28,android,146000,Everybody's Trying To Be My Baby - Remastered 2009,The Beatles,Beatles For Sale - Remastered,trackdone,trackdone,TRUE,FALSE
6BIRIBJuEGLds1oAxvybLO,2024-08-19 17:44:14,android,226324,Fallaste Corazón,Pedro Infante,Mexico Gran Colección Ranchera: Pedro Infante,trackdone,trackdone,TRUE,FALSE
2d5vz9uU5Jan1rX8mkxw2w,2024-08-19 17:47:39,android,204226,Manhattan,Kings of Leon,Only By The Night,trackdone,trackdone,TRUE,FALSE
3Am0IbOxmvlSXro7N5iSfZ,2024-08-19 17:51:47,android,247320,Strawberry Fields Forever - Remastered 2009,The Beatles,Magical Mystery Tour,trackdone,trackdone,TRUE,FALSE
2nAWURSru31Cbaul6to7QY,2024-08-19 17:54:11,android,143053,Them Eyes,The Black Keys,The Big Come Up,trackdone,trackdone,TRUE,FALSE
0nWWxoOmEPUtAHRiFOSAMc,2024-08-19 17:56:53,android,161986,Little Games,The Colourist,The Colourist,trackdone,trackdone,TRUE,FALSE
6zD3VBPn2VNDdmLEg0coPt,2024-08-19 17:59:58,android,187466,Country Honk,The Rolling Stones,Let It Bleed,trackdone,trackdone,TRUE,FALSE
4Tt6GiWS2V9sQjZjS2xjp2,2024-08-19 18:03:18,android,199263,"Honey, I'm Good",Andy Grammer,Magazines Or Novels,trackdone,trackdone,TRUE,FALSE
5EMGRFIidh98v9eXj6QnOU,2024-08-19 18:07:44,android,266013,Dime Que No,Ricardo Arjona,Canciones De Amor,trackdone,trackdone,TRUE,FALSE
38aLVNQCL1nWPLhQgVuj1V,2024-08-19 18:10:28,android,163520,Hogwarts' March,Patrick Doyle,Harry Potter And The Goblet Of Fire (Original Motion Picture Soundtrack),trackdone,trackdone,TRUE,FALSE
36gPq8WG7tDxrblyGVUCiT,2024-08-19 18:13:11,android,161466,Up Around The Bend,Creedence Clearwater Revival,Cosmo's Factory,trackdone,trackdone,TRUE,FALSE
2RttW7RAu5nOAfq6YFvApB,2024-08-19 18:16:38,android,207520,Happier,Ed Sheeran,÷,trackdone,trackdone,TRUE,FALSE
5FDh0G5oQ2UD9JxWiDCT1x,2024-08-19 18:20:56,android,257386,Paper Doll,John Mayer,Paradise Valley,trackdone,trackdone,TRUE,FALSE
0pgqGG4w5SFqmOTO4npeLf,2024-08-19 18:23:18,android,141200,Pierce You Are a B,Eric Olsen,Community (Music from the Original Television Series),trackdone,trackdone,TRUE,FALSE
2fgbsGWU2Dum08uifQHhiB,2024-08-19 18:27:26,android,247515,Furr,Blitzen Trapper,Furr,trackdone,trackdone,TRUE,FALSE
1B8MHa0NveCF1ViBEOZWO5,2024-08-19 18:31:19,android,232066,Addicted,Simple Plan,"No Pads, No Helmets...Just Balls",trackdone,trackdone,TRUE,FALSE
19bzCjckArU2NZs9Ue3Dc2,2024-08-19 18:37:42,android,382717,Hunt You Down/Naked/C-Link,Paul McCartney,Egypt Station,trackdone,trackdone,TRUE,FALSE
6Aj3Y4Pr2Pm5Vz50uS2sy7,2024-08-19 18:41:01,android,199053,Magdalena,Brandon Flowers,Flamingo,trackdone,trackdone,TRUE,FALSE
5Z01UMMf7V1o0MzF86s6WJ,2024-08-19 18:47:27,android,326466,Lose Yourself,Eminem,Curtain Call: The Hits,trackdone,trackdone,TRUE,FALSE
5ruzrDWcT0vuJIOMW7gMnW,2024-08-19 18:52:37,android,309053,The Adults Are Talking,The Strokes,The New Abnormal,trackdone,trackdone,TRUE,FALSE
6moGMWt8K47pryh8li1YNF,2024-08-19 18:55:20,android,162973,It Ain't Right,John Mayall & The Bluesbreakers,Blues Breakers,trackdone,trackdone,TRUE,FALSE
1vFxgDgIM0hVxWUiKws1GV,2024-08-19 18:59:38,android,256546,Glamorous Indie Rock And Roll - Sawdust Version,The Killers,Sawdust,trackdone,trackdone,TRUE,FALSE
5LXj9Ch3O9ATm1NoHT8GXn,2024-08-19 19:05:33,android,355172,Hypnotised,Coldplay,Hypnotised,trackdone,trackdone,TRUE,FALSE
7ny2ATvjtKszCpLpfsGnVQ,2024-08-19 19:12:26,android,412200,A Hard Rain's A-Gonna Fall,Bob Dylan,The Freewheelin' Bob Dylan,trackdone,trackdone,TRUE,FALSE
3ygE9LnUvGOPuLLvUgTYyZ,2024-08-19 19:18:48,android,381232,Celluloid Heroes,The Kinks,Everybody's in Show-Biz,trackdone,trackdone,TRUE,FALSE
7HUj2KB6hQCZgTPHFGAJ0c,2024-08-19 20:41:53,android,207538,All Around the World - Remastered,Oasis,Be Here Now,trackdone,logout,TRUE,FALSE
7HUj2KB6hQCZgTPHFGAJ0c,2024-08-20 00:33:58,android,351680,All Around the World - Remastered,Oasis,Be Here Now,appload,trackdone,TRUE,FALSE
0G7Bj3TX20xvXCxudkoEcb,2024-08-20 00:34:07,android,7578,Much Missed Man,Gerry Marsden,Much Missed Man - A Tribute To John Lennon,trackdone,fwdbtn,TRUE,TRUE
4Qf7vSDyvETWAnthCwlLwM,2024-08-20 00:34:15,android,7846,México Lindo,Jorge Negrete,"50 Aniversario Luctuoso - Jorge Negrete ""El Charro Cantor"" Vol. 2",fwdbtn,fwdbtn,TRUE,TRUE
3pm1X3oQBKQ4vcp3i9PWRg,2024-08-20 00:34:18,android,2397,Things We Lost In The Fire,Bastille,Bad Blood,fwdbtn,fwdbtn,TRUE,TRUE
7ctca1Hz43SyMcI4qUrpY7,2024-08-20 00:34:22,android,4433,Waiting on Words,The Black Keys,Turn Blue,fwdbtn,fwdbtn,TRUE,TRUE
2MnLkFqY9Rpg9s3Zv6ZJdK,2024-08-20 00:37:35,android,197333,Botella Tras Botella,Gera MX,Botella Tras Botella,fwdbtn,trackdone,TRUE,FALSE
5U2g1j2zkUH5wgU4lBySCv,2024-08-20 00:39:44,android,128756,The Long Black Veil,Johnny Cash,Orange Blossom Special,trackdone,fwdbtn,TRUE,TRUE
5QfjjXpqTmWjzm9auqzQSJ,2024-08-20 00:39:45,android,1499,The Fall,Imagine Dragons,Smoke + Mirrors,fwdbtn,fwdbtn,TRUE,TRUE
4LGJ2pLDvTRnul3EcZoYkX,2024-08-20 00:39:48,android,3039,Like Real People Do,Hozier,Hozier,fwdbtn,fwdbtn,TRUE,TRUE
2AsGApoUuN8pTM17Lq9eUd,2024-08-20 00:39:50,android,1335,Yer Blues - Remastered 2009,The Beatles,The Beatles,fwdbtn,fwdbtn,TRUE,TRUE
3QZZ2aYdqBHFxsjYgGPk9F,2024-08-20 00:39:52,android,1913,Down River,The Temper Trap,Conditions,fwdbtn,fwdbtn,TRUE,TRUE
49ScE2M6RIqfeHnnP4v94B,2024-08-20 00:39:54,android,1959,No Expectations - 50th Anniversary Edition,The Rolling Stones,Beggars Banquet,fwdbtn,fwdbtn,TRUE,TRUE
4gs07VlJST4bdxGbBsXVue,2024-08-20 00:39:57,android,2387,Heartbreak Warfare,John Mayer,Battle Studies,fwdbtn,fwdbtn,TRUE,TRUE
76jtkq7829eEgEkoQrcjov,2024-08-20 00:39:59,android,2096,Brother,NEEDTOBREATHE,Rivers in the Wasteland,fwdbtn,fwdbtn,TRUE,TRUE
0rt63HYAAIzUZo5O2D0uA6,2024-08-20 00:40:00,android,1402,Visiting Hours,Ed Sheeran,=,fwdbtn,fwdbtn,TRUE,TRUE
4yVixayMpxm2MUGOePA192,2024-08-20 00:40:03,android,2523,Modern Girls & Old Fashion Men,The Strokes,Modern Girls & Old Fashion Men,fwdbtn,fwdbtn,TRUE,TRUE
3QHMxEOAGD51PDlbFPHLyJ,2024-08-20 00:40:05,android,2114,Vivir Mi Vida,Marc Anthony,3.0,fwdbtn,fwdbtn,TRUE,TRUE
614hm8VctyMAHqjSs6wCpi,2024-08-20 00:40:08,android,2318,Train Round the Bend - 2015 Remaster,The Velvet Underground,Loaded,fwdbtn,fwdbtn,TRUE,TRUE
0dGPGavyiPtOdAGGi11pt3,2024-08-20 00:40:10,android,2293,Thiskidsnotalright,AWOLNATION,Megalithic Symphony,fwdbtn,fwdbtn,TRUE,TRUE
1tM9TBNPjieSOZ2d5VAQ1y,2024-08-20 00:40:11,android,1261,Lady Madonna - Remastered 2009,The Beatles,Past Masters,fwdbtn,fwdbtn,TRUE,TRUE
1Ipr3KqyGfPGO4sd3BDuiT,2024-08-20 00:40:14,android,2866,El Amor,Ricardo Arjona,Independiente,fwdbtn,fwdbtn,TRUE,TRUE
2AKOOhml62GZNFWDN7VqzT,2024-08-20 00:43:13,android,179600,Killer Queen - Remastered 2011,Queen,Sheer Heart Attack,fwdbtn,trackdone,TRUE,FALSE
7oO2hXd8ancgNouU8w3b1N,2024-08-20 01:07:58,android,121319,Everything I Ask For,The Maine,Can't Stop Won't Stop,trackdone,endplay,TRUE,TRUE
7oO2hXd8ancgNouU8w3b1N,2024-08-20 01:57:05,android,37201,Everything I Ask For,The Maine,Can't Stop Won't Stop,remote,trackdone,TRUE,FALSE
3lysbLRK4bGbQRmYfN5S0o,2024-08-20 02:01:40,android,250506,Hope You're Feeling Better,Santana,Abraxas,trackdone,trackdone,TRUE,FALSE
3Jnxngdff0lVu2rza1GVx6,2024-08-20 02:04:29,android,167720,Paranoid - 2009 Remaster,Black Sabbath,Paranoid,trackdone,trackdone,TRUE,FALSE
5EPpnc3rnfwcZlVC1JaW04,2024-08-20 02:04:53,android,10611,Ruptured,Keuning,Prismism,trackdone,endplay,TRUE,TRUE
5EPpnc3rnfwcZlVC1JaW04,2024-08-20 02:15:03,android,189982,Ruptured,Keuning,Prismism,remote,trackdone,TRUE,FALSE
3gwRWIbr5ycEVLIAXrWaw7,2024-08-20 02:18:42,android,217560,I've Got A Feeling - Remastered 2009,The Beatles,Let It Be,trackdone,trackdone,TRUE,FALSE
6VqCe4PcokSekHPJQaDx0B,2024-08-20 02:32:55,android,136223,Blue Moon - Take 9/M,Elvis Presley,Elvis Presley,trackdone,logout,TRUE,FALSE
6VqCe4PcokSekHPJQaDx0B,2024-08-20 02:53:38,android,19623,Blue Moon - Take 9/M,Elvis Presley,Elvis Presley,appload,fwdbtn,TRUE,TRUE
4yffABDkB5A9flvr9vQFck,2024-08-20 02:56:49,android,191956,Howlin' for You,The Black Keys,Brothers,fwdbtn,trackdone,TRUE,FALSE
6dXlJ9dWFpEqQm10MlOAbL,2024-08-20 02:56:53,android,2610,That's What I Want to Hear,Phil Ochs,I Ain't Marching Anymore,trackdone,fwdbtn,TRUE,TRUE
5sQGo3fB2NoFalyy4uZjiu,2024-08-20 02:56:55,android,1363,Ojalá,Silvio Rodríguez,Al Final de Este Viaje...,fwdbtn,fwdbtn,TRUE,TRUE
4C9IP2e5tjrH60hwDVdpOu,2024-08-20 02:56:56,android,1491,Lover Of The Light,Mumford & Sons,Babel,fwdbtn,fwdbtn,TRUE,TRUE
4qQmFPd3JxXQPdUdERVudK,2024-08-20 02:56:58,android,1762,L.A. Freeway,Guy Clark,The Essential Guy Clark,fwdbtn,fwdbtn,TRUE,TRUE
0WT17Tp3QzUK9zqeGILkuL,2024-08-20 02:57:00,android,1570,Fire In Bone,The Killers,Imploding The Mirage,fwdbtn,fwdbtn,TRUE,TRUE
2izFPHr2dAsMiRyeQwhiLR,2024-08-20 02:57:03,android,2434,Long Live Rock & Roll,Daughtry,Baptized (Deluxe Version),trackerror,fwdbtn,TRUE,TRUE
63bmZnBN1CiJ9sA4qTEe8y,2024-08-20 03:01:15,android,199320,Adiós Amor,Christian Nodal,Me Dejé Llevar,fwdbtn,trackdone,TRUE,FALSE
1g1RmSl6D0I6m6MEtDvxYn,2024-08-20 03:01:20,android,3044,Signs of Life,Arcade Fire,Everything Now,trackdone,fwdbtn,TRUE,TRUE
4pFrn7MBtpwXlsyO5CbCj2,2024-08-20 03:01:24,android,3896,Por Tu Maldito Amor,Vicente Fernández,Por Tu Maldito Amor,fwdbtn,fwdbtn,TRUE,TRUE
5qsgK2wcodYCEbgbdCpYOG,2024-08-20 03:03:35,android,132173,How Do You?,Radiohead,Pablo Honey,fwdbtn,trackdone,TRUE,FALSE
4uhJps8XVlPZbdI5ZArAUO,2024-08-20 03:05:24,android,107988,You Gotta Move - 2009 Mix,The Rolling Stones,Sticky Fingers,trackdone,fwdbtn,TRUE,TRUE
7AsqUKKbPMxOFNIbRLBxHt,2024-08-20 03:05:26,android,1983,Halfway Gone,Lifehouse,Smoke & Mirrors,fwdbtn,fwdbtn,TRUE,TRUE
5TTBGJd8Fkr66OX8j8adCH,2024-08-20 03:05:29,android,2768,The Circle Game,Buffy Sainte-Marie,Quentin Tarantino's Once Upon a Time in Hollywood Original Motion Picture Soundtrack,fwdbtn,fwdbtn,TRUE,TRUE
6RwLKfndAAn4vr1AjN3UYd,2024-08-20 03:05:30,android,1007,Jealous Buffoon,AWOLNATION,Here Come the Runts,fwdbtn,fwdbtn,TRUE,TRUE
5TvFfDlVoUWZvfqrhTJzD7,2024-08-20 03:05:32,android,1142,One,Ed Sheeran,x,fwdbtn,fwdbtn,TRUE,TRUE
08TyPDbQ14NOoOWh13WJ2Z,2024-08-20 03:05:33,android,1498,Absolutely Sweet Marie,Bob Dylan,Blonde On Blonde,fwdbtn,fwdbtn,TRUE,TRUE
5UPskxTh8XhP5k2z8ylsX4,2024-08-20 03:05:34,android,1279,Denmark Street (2020 Stereo Remaster),The Kinks,"Lola Versus Powerman and the Moneygoround, Pt. 1",fwdbtn,fwdbtn,TRUE,TRUE
5GwSD4gZHdZBYa23zwqBia,2024-08-20 03:05:40,android,5529,Finger Back,Vampire Weekend,Modern Vampires of the City,fwdbtn,fwdbtn,TRUE,TRUE
2pJZ1v8HezrAoZ0Fhzby92,2024-08-20 03:05:41,android,1168,What Do I Know?,Ed Sheeran,÷,fwdbtn,fwdbtn,TRUE,TRUE
0joO6IeobvKP3cDz8xZfWe,2024-08-20 03:05:43,android,1474,Smoke And Mirrors,Imagine Dragons,Smoke + Mirrors,fwdbtn,fwdbtn,TRUE,TRUE
65hCfM8scU04cqyzgIPZPC,2024-08-20 03:05:44,android,1195,The Fountain,Keuning,The Fountain,fwdbtn,fwdbtn,TRUE,TRUE
2rQvZscmpb6a7ejDiKprcL,2024-08-20 03:05:45,android,1373,Yes It Is - Remastered 2009,The Beatles,Past Masters,fwdbtn,fwdbtn,TRUE,TRUE
4BP3uh0hFLFRb5cjsgLqDh,2024-08-20 03:05:47,android,2004,Fortunate Son,Creedence Clearwater Revival,Willy And The Poor Boys,fwdbtn,fwdbtn,TRUE,TRUE
3O6xCKNtVyHUcL6HhGWcXL,2024-08-20 03:05:50,android,2096,I'm So Free,Lou Reed,Transformer,fwdbtn,fwdbtn,TRUE,TRUE
77Kh98jRHI40rIAKnBs7cl,2024-08-20 03:05:52,android,1937,Sam's Town,The Killers,Sam's Town,fwdbtn,fwdbtn,TRUE,TRUE
1lgtuKQkhlOr0LySn892KY,2024-08-20 03:05:53,android,1308,Greedy Soul,Liam Gallagher,As You Were,fwdbtn,fwdbtn,TRUE,TRUE
48Z0fiq90vORl6e4iy3aGc,2024-08-20 03:05:55,android,1539,My Eyes,The Lumineers,Cleopatra,fwdbtn,fwdbtn,TRUE,TRUE
6CF9VxGntf2m5BltF2Rrim,2024-08-20 03:05:56,android,1254,Trouble Weighs A Ton,Dan Auerbach,Keep It Hid,fwdbtn,fwdbtn,TRUE,TRUE
4T2qnyKCo9UISjERbIeJQg,2024-08-20 03:06:00,android,4277,Life Support,Sam Smith,In The Lonely Hour,fwdbtn,fwdbtn,TRUE,TRUE
4yWl0tnEanf3zmZzl9kbQn,2024-08-20 03:06:02,android,1820,Forever Young - Slow Version,Bob Dylan,Planet Waves,fwdbtn,fwdbtn,TRUE,TRUE
23oUaizFBFVFI5PxJrkiO5,2024-08-20 03:06:04,android,1891,Anyone Can Play Guitar,Radiohead,Pablo Honey,fwdbtn,fwdbtn,TRUE,TRUE
4MeXE7YF459t1PbFTtAklF,2024-08-20 03:06:06,android,1760,"I Don't Need No Doctor - Live at the Nokia Theatre, Los Angeles, CA - December 2007",John Mayer,Where the Light Is: John Mayer Live In Los Angeles,fwdbtn,fwdbtn,TRUE,TRUE
4OKPaXNdYs8qwNAKBbTO9x,2024-08-20 03:06:31,android,24642,Dear Boy - Remastered 2012,Paul McCartney,Ram,fwdbtn,fwdbtn,TRUE,TRUE
7mgQok5XiPAqndci84Zr7p,2024-08-20 03:06:33,android,1866,I'll Be Your Mirror,The Velvet Underground,The Velvet Underground & Nico 45th Anniversary,fwdbtn,fwdbtn,TRUE,TRUE
3gTVZ87MqnpEQ9XGMYEYV8,2024-08-20 03:06:34,android,1441,Beautiful Night - 2020 Remaster,Paul McCartney,Flaming Pie,fwdbtn,fwdbtn,TRUE,TRUE
2wuxCm6QikYr215FwRMF1I,2024-08-20 03:51:28,android,184466,"100,000 People",Kings of Leon,When You See Yourself,fwdbtn,logout,TRUE,FALSE
2wuxCm6QikYr215FwRMF1I,2024-08-20 06:12:49,android,160562,"100,000 People",Kings of Leon,When You See Yourself,appload,trackdone,TRUE,FALSE
53LwBS4bovyljsMlLqGfd6,2024-08-20 06:16:24,android,214733,American Girl,Tom Petty and the Heartbreakers,Tom Petty And The Heatbreakers,trackdone,trackdone,TRUE,FALSE
2yaf46YMxA5y6bzmWUKgXC,2024-08-20 07:47:58,android,131241,"It Takes a Lot to Laugh, It Takes a Train to Cry",Bob Dylan,Highway 61 Revisited,trackdone,logout,TRUE,FALSE
2yaf46YMxA5y6bzmWUKgXC,2024-08-21 00:49:24,android,115148,"It Takes a Lot to Laugh, It Takes a Train to Cry",Bob Dylan,Highway 61 Revisited,appload,trackdone,TRUE,FALSE
0awvW9Pcq2skIqVOUdk5wX,2024-08-21 00:50:00,android,5141,Despite Repeated Warnings,Paul McCartney,Egypt Station,trackdone,endplay,TRUE,TRUE
0awvW9Pcq2skIqVOUdk5wX,2024-08-21 02:57:44,android,136371,Despite Repeated Warnings,Paul McCartney,Egypt Station,appload,logout,TRUE,FALSE
0awvW9Pcq2skIqVOUdk5wX,2024-08-22 00:55:53,android,225856,Despite Repeated Warnings,Paul McCartney,Egypt Station,appload,endplay,TRUE,TRUE
0awvW9Pcq2skIqVOUdk5wX,2024-08-22 01:54:30,android,9831,Despite Repeated Warnings,Paul McCartney,Egypt Station,remote,logout,TRUE,FALSE
4cQIbDqCZrHknxlDUjRHZ0,2024-08-22 14:28:03,android,230226,Supersoaker,Kings of Leon,Mechanical Bull (Expanded Edition),fwdbtn,trackdone,TRUE,FALSE
6qeFKhT0Khb9ySbb5pNYT5,2024-08-22 14:28:05,android,659,One of Us,Liam Gallagher,Why Me? Why Not.,trackdone,fwdbtn,TRUE,TRUE
4DZAH8eiqSAkMIE9l5D71U,2024-08-22 14:28:07,android,1830,Everybody's Trying To Be My Baby - Remastered 2009,The Beatles,Beatles For Sale - Remastered,fwdbtn,fwdbtn,TRUE,TRUE
6BIRIBJuEGLds1oAxvybLO,2024-08-22 14:38:57,android,226324,Fallaste Corazón,Pedro Infante,Mexico Gran Colección Ranchera: Pedro Infante,fwdbtn,trackdone,TRUE,FALSE
2d5vz9uU5Jan1rX8mkxw2w,2024-08-22 14:39:50,android,24680,Manhattan,Kings of Leon,Only By The Night,trackdone,endplay,TRUE,TRUE
2d5vz9uU5Jan1rX8mkxw2w,2024-08-22 15:12:49,android,179558,Manhattan,Kings of Leon,Only By The Night,remote,trackdone,TRUE,FALSE
3Am0IbOxmvlSXro7N5iSfZ,2024-08-22 15:28:04,android,104697,Strawberry Fields Forever - Remastered 2009,The Beatles,Magical Mystery Tour,trackdone,logout,TRUE,FALSE
3Am0IbOxmvlSXro7N5iSfZ,2024-08-22 15:40:50,android,143735,Strawberry Fields Forever - Remastered 2009,The Beatles,Magical Mystery Tour,appload,trackdone,TRUE,FALSE
0nWWxoOmEPUtAHRiFOSAMc,2024-08-22 15:40:57,android,5402,Little Games,The Colourist,The Colourist,trackdone,fwdbtn,TRUE,TRUE
6zD3VBPn2VNDdmLEg0coPt,2024-08-22 16:16:35,android,29373,Country Honk,The Rolling Stones,Let It Bleed,fwdbtn,logout,TRUE,FALSE
3arS1LEI0l0OwUZgIN1p6j,2024-08-23 02:21:14,android,33789,Country Honk,The Rolling Stones,Let It Bleed,appload,endplay,TRUE,TRUE
3arS1LEI0l0OwUZgIN1p6j,2024-08-23 03:50:23,android,94550,Country Honk,The Rolling Stones,Let It Bleed,appload,endplay,TRUE,TRUE
2WOjLF83vqjit2Zh4B69V3,2024-08-23 18:02:11,android,217400,"Don't Think Twice, It's All Right",Bob Dylan,The Freewheelin' Bob Dylan,clickrow,trackdone,TRUE,FALSE
4MM5vjxClOGUjR4Q1g0RTH,2024-08-23 18:06:02,android,230626,El Vendedor,Mocedades,Esencial Mocedades,trackdone,trackdone,TRUE,FALSE
63p86I7aYxgAM2xBgqlPEc,2024-08-23 18:09:26,android,203546,Jesus,The Velvet Underground,The Velvet Underground,trackdone,trackdone,TRUE,FALSE
4r8AQvzullpWTDpgv70KxD,2024-08-23 18:15:06,android,339474,The Rover - Remaster,Led Zeppelin,Physical Graffiti,trackdone,trackdone,TRUE,FALSE
7gMOe0gXYcELUoVugfMmHP,2024-08-23 18:19:19,android,253200,You May Be Right,Billy Joel,Glass Houses,trackdone,trackdone,TRUE,FALSE
6TfBA04WJ3X1d1wXhaCFVT,2024-08-23 18:22:18,android,177826,"You're Gonna Go Far, Kid",The Offspring,"Rise And Fall, Rage And Grace",trackdone,trackdone,TRUE,FALSE
7DD7eSuYSC5xk2ArU62esN,2024-08-23 18:24:38,android,139560,Help! - Remastered 2009,The Beatles,Help!,trackdone,trackdone,TRUE,FALSE
2ExEChLCSorn4k3FUxs7td,2024-08-23 18:29:17,android,278880,Where Do You Go To (My Lovely),Peter Sarstedt,The Darjeeling Limited,trackdone,trackdone,TRUE,FALSE
2gxnODNtIvc2qdlEVuV1iR,2024-08-23 18:33:34,android,255946,Bullet in the Brain,The Black Keys,Turn Blue,trackdone,trackdone,TRUE,FALSE
3pU1CUgPiFfxPCpscwIwQR,2024-08-23 18:36:40,android,163080,I Should Have Known Better - Remastered 2009,The Beatles,A Hard Day's Night,trackdone,trackdone,TRUE,FALSE
1lBKQqbkfM3LThaJYqygjy,2024-08-23 18:38:25,android,105000,"Giordano: Fedora: ""Amor ti vieta""",Umberto Giordano,Pavarotti Forever,trackdone,trackdone,TRUE,FALSE
34DIwlo2i3s5Piug6nHzK9,2024-08-23 18:42:14,android,227680,Postdata,Joaquín Sabina,Lo Niego Todo,trackdone,trackdone,TRUE,FALSE
3ZffCQKLFLUvYM59XKLbVm,2024-08-23 18:48:22,android,228752,Wake Me up When September Ends,Green Day,American Idiot,trackdone,backbtn,TRUE,TRUE
34DIwlo2i3s5Piug6nHzK9,2024-08-23 18:53:16,android,294380,Postdata,Joaquín Sabina,Lo Niego Todo,backbtn,trackdone,TRUE,FALSE
3ZffCQKLFLUvYM59XKLbVm,2024-08-23 18:54:31,android,73817,Wake Me up When September Ends,Green Day,American Idiot,trackdone,fwdbtn,TRUE,TRUE
3CmHvyZQQAGkKkTjTBFWN6,2024-08-23 18:54:33,android,1957,Have a Cigar,Pink Floyd,Wish You Were Here,fwdbtn,fwdbtn,TRUE,TRUE
6FvtSHS3hzjS8itHJPRzoJ,2024-08-23 18:54:36,android,2933,Diamonds On The Inside,Ben Harper,Diamonds On The Inside,fwdbtn,fwdbtn,TRUE,TRUE
1PYs14WcZ5quGBUBMtkXED,2024-08-23 18:54:38,android,1466,All I Need,AWOLNATION,Megalithic Symphony,fwdbtn,fwdbtn,TRUE,TRUE
4n1ZGm3TxYmoYe1YR8cMus,2024-08-23 19:05:59,android,681400,Desolation Row,Bob Dylan,Highway 61 Revisited,fwdbtn,trackdone,TRUE,FALSE
57hGTDy3A5JFzbmIzrSYxF,2024-08-23 19:10:24,android,264453,Why Do I Keep Counting?,The Killers,Sam's Town,trackdone,trackdone,TRUE,FALSE
5xXkyBtG1sNIhkpCIxF0Il,2024-08-23 19:35:47,android,197847,Lazy Boy,The Voidz,Virtue,trackdone,logout,TRUE,FALSE
5xXkyBtG1sNIhkpCIxF0Il,2024-08-23 19:57:34,android,14179,Lazy Boy,The Voidz,Virtue,appload,trackdone,TRUE,FALSE
137ffozqjw08NxTqOFwlqh,2024-08-23 19:57:57,android,21834,Home,Daughtry,Daughtry,trackdone,fwdbtn,TRUE,TRUE
1ZYWWz6ADzrCazzGFWbOOf,2024-08-23 20:03:57,android,276040,"Madama Butterfly, Act II: Un bel dì vedremo (Butterfly)",Giacomo Puccini,Madame Butterfly,fwdbtn,trackdone,TRUE,FALSE
4gUYV3ktbaOeAK5KrXMWV5,2024-08-23 20:04:00,android,2482,Run For Your Life - Remastered 2009,The Beatles,Rubber Soul,trackdone,fwdbtn,TRUE,TRUE
26yQ7ty7PQBHxqSFGoaORp,2024-08-23 20:21:09,android,232730,Boogie with Stu - Remaster,Led Zeppelin,Physical Graffiti,fwdbtn,trackdone,TRUE,FALSE
7eCDfoEl8UGeWqcpRO5lgz,2024-08-23 20:25:55,android,104755,Brillo Mio,Caloncho,Bálsamo,trackdone,unknown,TRUE,FALSE
7eCDfoEl8UGeWqcpRO5lgz,2024-08-23 20:27:32,android,93781,Brillo Mio,Caloncho,Bálsamo,remote,trackdone,TRUE,FALSE
7wmdHHnTw5NChtc4zmNLB5,2024-08-23 20:29:43,android,89265,Sun,Adrián Berenguer,Beyond,trackdone,fwdbtn,TRUE,TRUE
6RUKPb4LETWmmr3iAEQktW,2024-08-23 20:29:51,android,8293,Something Just Like This,The Chainsmokers,Memories...Do Not Open,fwdbtn,fwdbtn,TRUE,TRUE
0x6NRv1pZBsiu32w9sPAiX,2024-08-23 20:29:54,android,2906,Dela,Johnny Clegg,The Best Of Johnny Clegg & Savuka: In My African Dream,fwdbtn,fwdbtn,TRUE,TRUE
6XFkbEaLQI07UfkM2YW8x1,2024-08-23 20:29:57,android,2847,Hoy Hace Un Buen Dia,Fernando Delgadillo,Con Cierto Aire a Ti,fwdbtn,fwdbtn,TRUE,TRUE
7w87IxuO7BDcJ3YUqCyMTT,2024-08-23 20:29:59,android,1806,Pumped Up Kicks,Foster The People,Torches,fwdbtn,fwdbtn,TRUE,TRUE
0fwZjkgVQ9q8WbwnN36oZg,2024-08-23 20:30:03,android,3666,Pasaba Por Aquí (with Luis Eduardo Aute) - En Directo,Pedro Guerra,Pedro Guerra 30 Años,fwdbtn,fwdbtn,TRUE,TRUE
2I0t9apRfrVbkxr8Fym2yf,2024-08-23 20:30:06,android,2388,Sorry Now,Jill Andrews,Thirties,fwdbtn,fwdbtn,TRUE,TRUE
6ECp64rv50XVz93WvxXMGF,2024-08-23 20:30:10,android,3350,This Love,Maroon 5,Songs About Jane: 10th Anniversary Edition,fwdbtn,fwdbtn,TRUE,TRUE
7wWr0jb8Z1FZaEkb977AK0,2024-08-23 20:30:13,android,3558,My Ego Dies At The End,Jensen McRae,My Ego Dies At The End,fwdbtn,fwdbtn,TRUE,TRUE
64GMkUhGX3gp18F1tajKXg,2024-08-23 20:41:36,android,60100,Sleepwalker - Abridged,The Killers,Pressure Machine,fwdbtn,logout,TRUE,FALSE
65EhfozJEurgR34SyrNV3P,2024-08-26 20:02:00,android,200746,Why Did It Have To Be Me?,ABBA,Arrival,clickrow,trackdone,TRUE,FALSE
3N8RnWuuvGpozWyeqgGvU7,2024-08-26 20:04:26,android,145026,You're the One,The Vogues,At CO & CE - the Complete Singles & More,trackdone,trackdone,TRUE,FALSE
30qVCFYKBtAENjTIBA8FPZ,2024-08-26 20:08:34,android,247626,The River of Dreams,Billy Joel,River Of Dreams,trackdone,trackdone,TRUE,FALSE
1NoWKTDd0FnhUiIevfCU7u,2024-08-26 20:11:24,android,169853,Waiting on a Song,Dan Auerbach,Waiting on a Song,trackdone,trackdone,TRUE,FALSE
1x1XQqhBViz4opcpwc7FVs,2024-08-26 20:16:02,android,277467,Reelin' In The Years,Steely Dan,Can't Buy A Thrill,trackdone,trackdone,TRUE,FALSE
4w3tQBXhn5345eUXDGBWZG,2024-08-26 20:18:45,android,162466,9 to 5,Dolly Parton,9 To 5 And Odd Jobs,trackdone,trackdone,TRUE,FALSE
7yFvSYKk3g5g8e7Ffl16ws,2024-08-26 20:21:46,android,180266,Three Little Birds,Bob Marley & The Wailers,Exodus,trackdone,trackdone,TRUE,FALSE
22LGgFochmXJw5vVr5knDl,2024-08-26 20:25:18,android,212226,Optimista,Caloncho,Bálsamo,trackdone,trackdone,TRUE,FALSE
09nDcxFx9DAkpfxDjse4gZ,2024-08-26 20:28:19,android,179506,Shoegaze,Alabama Shakes,Sound & Color,trackdone,trackdone,TRUE,FALSE
0sKlV58cODrjxGFOyf9IXY,2024-08-26 20:33:17,android,298120,The Way You Make Me Feel - 2012 Remaster,Michael Jackson,Bad 25th Anniversary,trackdone,trackdone,TRUE,FALSE
1b7LMtXCXGc2EwOIplI35z,2024-08-26 20:36:42,android,203893,Stuck In The Middle With You,Stealers Wheel,Reservoir Dogs,trackdone,trackdone,TRUE,FALSE
3Cx4yrFaX8CeHwBMReOWXI,2024-08-26 20:41:30,android,287733,We Didn't Start the Fire,Billy Joel,Storm Front,trackdone,trackdone,TRUE,FALSE
1jDJFeK9x3OZboIAHsY9k2,2024-08-26 20:44:33,android,183440,I'm Still Standing,Elton John,Too Low For Zero,trackdone,trackdone,TRUE,FALSE
0GjEhVFGZW8afUYGChu3Rr,2024-08-26 20:48:25,android,230400,Dancing Queen,ABBA,Arrival,trackdone,trackdone,TRUE,FALSE
2TxCwUlqaOH3TIyJqGgR91,2024-08-26 20:51:58,android,213266,Mamma Mia,ABBA,Abba,trackdone,trackdone,TRUE,FALSE
0o1itZURoZ70rgXiLijzB0,2024-08-26 20:55:17,android,197760,Jambalaya (On The Bayou),John Fogerty,The Blue Ridge Rangers,trackdone,trackdone,TRUE,FALSE
72ahyckBJfTigJCFCviVN7,2024-08-26 20:59:21,android,243373,Don't Bring Me Down,Electric Light Orchestra,Discovery,trackdone,trackdone,TRUE,FALSE
798cuJeotvXP8UVa8GJPnD,2024-08-26 21:03:23,android,241920,"Knowing Me, Knowing You",ABBA,Arrival,trackdone,trackdone,TRUE,FALSE
7gMOe0gXYcELUoVugfMmHP,2024-08-26 21:07:37,android,253200,You May Be Right,Billy Joel,Glass Houses,trackdone,trackdone,TRUE,FALSE
7zMUCLm1TN9o9JlLISztxO,2024-08-26 21:10:27,android,170293,Burning Love,Elvis Presley,Elvis (Fool),trackdone,trackdone,TRUE,FALSE
64UioB4Nmwgn2f4cbIpAkl,2024-08-26 21:13:24,android,176440,It's Still Rock and Roll to Me,Billy Joel,Glass Houses,trackdone,trackdone,TRUE,FALSE
72Z17vmmeQKAg8bptWvpVG,2024-08-26 21:18:43,android,318026,Space Oddity - 2015 Remaster,David Bowie,David Bowie (aka Space Oddity),trackdone,trackdone,TRUE,FALSE
3CPID5jKTRXhTK3yHf66KX,2024-08-26 21:22:19,android,215533,Another One Bites The Dust,Queen,The Game,trackdone,trackdone,TRUE,FALSE
5BckPAYcKEJuYs1eV1BHHe,2024-08-26 21:26:23,android,243933,Take A Chance On Me,ABBA,The Album,trackdone,trackdone,TRUE,FALSE
40V54Cj1JFSTpaJi8UikZE,2024-08-26 21:32:12,android,347800,Radio Ga Ga,Queen,The Works,trackdone,trackdone,TRUE,FALSE
4kwsk1FTbZf5yTTtnMaELv,2024-08-26 21:35:50,android,218000,I'm Gonna Be Somebody,Jack Mack,The Best of Jack Mack & The Heart Attack,trackdone,trackdone,TRUE,FALSE
2RlgNHKcydI9sayD2Df2xp,2024-08-26 21:40:54,android,303373,Mr. Blue Sky,Electric Light Orchestra,Out of the Blue,trackdone,trackdone,TRUE,FALSE
7BvuV4c1BGhaRapcXvRu5z,2024-08-26 21:44:00,android,185026,You Might Think,The Cars,Heartbeat City,trackdone,trackdone,TRUE,FALSE
20OFwXhEXf12DzwXmaV7fj,2024-08-26 21:46:22,android,141600,Bad Moon Rising,Creedence Clearwater Revival,Green River,trackdone,trackdone,TRUE,FALSE
4o6BgsqLIBViaGVbx5rbRk,2024-08-26 21:49:33,android,190626,You Make My Dreams (Come True),Daryl Hall & John Oates,Voices,trackdone,trackdone,TRUE,FALSE
2OSfEYKhlSsLx6vn4O75RK,2024-08-26 21:52:32,android,178493,I Want You Back,The Jackson 5,Greatest Hits,trackdone,trackdone,TRUE,FALSE
5CG4RXjli90Zd1KDalPqeK,2024-08-26 21:56:25,android,232626,Crippled Inside - Remastered 2010,John Lennon,Imagine,trackdone,trackdone,TRUE,FALSE
0YdSIXOY8QWbRtWaBlnlNo,2024-08-26 22:01:22,android,296938,Did My Best,The Voidz,Did My Best,trackdone,trackdone,TRUE,FALSE
2Cy7QY8HPLk925AyNAt6OG,2024-08-26 22:04:46,android,202853,Black or White - Single Version,Michael Jackson,The Essential Michael Jackson,trackdone,trackdone,TRUE,FALSE
3gdewACMIVMEWVbyb8O9sY,2024-08-26 22:09:28,android,281613,"Rocket Man (I Think It's Going To Be A Long, Long Time)",Elton John,Honky Chateau,trackdone,trackdone,TRUE,FALSE
5cDHV67TxLrdz4ITUVQswH,2024-08-26 22:11:52,android,144200,Hang Loose,Alabama Shakes,Boys & Girls,trackdone,trackdone,TRUE,FALSE
6g4vHtdGqD5eEgpf7nKISk,2024-08-26 22:14:50,android,177360,Don't Ask Me Why,Billy Joel,Glass Houses,trackdone,trackdone,TRUE,FALSE
5Wj1rJnCLpMHdLaxsFtJLs,2024-08-26 22:20:13,android,322548,Bennie And The Jets - Remastered 2014,Elton John,Goodbye Yellow Brick Road - Remastered,trackdone,trackdone,TRUE,FALSE
2xabqm0YNQCTcPteQjJ22K,2024-08-26 22:31:51,android,85138,Only the Good Die Young,Billy Joel,The Stranger,trackdone,logout,TRUE,FALSE
54ZMu7omgz5h9xNbkGkAFG,2024-08-30 21:08:22,android,168080,Superdeli,Caloncho,Tofu,clickrow,trackdone,TRUE,FALSE
6TvxPS4fj4LUdjw2es4g21,2024-08-30 21:08:34,android,10880,Slipping Through My Fingers,ABBA,The Visitors,trackdone,endplay,TRUE,TRUE
65EhfozJEurgR34SyrNV3P,2024-08-30 21:19:40,android,157000,Why Did It Have To Be Me?,ABBA,Arrival,clickrow,endplay,TRUE,TRUE
0v9V4byYVgI8clB5qAGeJ8,2024-08-30 21:21:23,android,100334,Depression,Otxhello,Depression,clickrow,fwdbtn,FALSE,TRUE
3fJHbMUnzceimOnNjp63fF,2024-08-30 21:24:29,android,186455,Primera Cita,Carin Leon,Colmillo De Leche,fwdbtn,trackdone,FALSE,FALSE
3fqwjXwUGN6vbzIwvyFMhx,2024-08-30 21:29:23,android,293293,Tennessee Whiskey,Chris Stapleton,Traveller,trackdone,trackdone,FALSE,FALSE
0VBKbgt7Q8fvR4B5DrvVph,2024-08-30 21:33:15,android,231965,Crying Shame,The Teskey Brothers,Half Mile Harvest,trackdone,trackdone,FALSE,FALSE
1UZOjK1BwmwWU14Erba9CZ,2024-08-30 21:37:08,android,231906,Malibu,Miley Cyrus,Younger Now,trackdone,trackdone,FALSE,FALSE
21LpuJa9M1boZw437fPu7M,2024-08-30 21:42:07,android,299400,Billy 4,Bob Dylan,Pat Garrett & Billy The Kid,trackdone,trackdone,FALSE,FALSE
7GlGgZVvEI5oCpZGrEWyKN,2024-08-30 21:45:14,android,185611,Cadiz,Las Lagrimas,Cadiz,trackdone,trackdone,FALSE,FALSE
0o1itZURoZ70rgXiLijzB0,2024-08-30 21:47:14,android,112678,Jambalaya (On The Bayou),John Fogerty,The Blue Ridge Rangers,trackdone,fwdbtn,FALSE,TRUE
6981hdSOqG8tP6xTqaySa1,2024-08-30 21:47:16,android,2175,Ojos Verdes,Julión Álvarez y su Norteño Banda,Soy Lo Que Quiero... Indispensable,fwdbtn,fwdbtn,FALSE,TRUE
6UpqYTSz30LQREVtYeVQLR,2024-08-30 21:48:15,android,58743,Burn the Damn Thing Down,The Black Keys,Dropout Boogie,fwdbtn,endplay,FALSE,TRUE
2Xn7NadvZ56D0B2D7x2CSL,2024-08-30 21:50:46,android,152346,Crucify Your Mind,Rodríguez,Cold Fact,clickrow,trackdone,TRUE,FALSE
51wUFdgpNsV8cVzu7i6N0l,2024-08-30 21:56:32,android,314573,Nos Queda Mucho Dolor Por Recorrer,Ed Maverick,Nos Queda Mucho Dolor Por Recorrer,trackdone,trackdone,TRUE,FALSE
1xYBeQ5u8uaJ3oBWktjGyJ,2024-08-30 22:00:27,android,234080,Acurrucar,Ed Maverick,mix pa llorar en tu cuarto,trackdone,trackdone,TRUE,FALSE
2Jpw6uRsDncpCYkvdrfTTk,2024-08-30 22:03:51,android,203480,Karpe Diem,Ed Maverick,mix pa llorar en tu cuarto,trackdone,trackdone,TRUE,FALSE
0akyEssGRVHstqCSWXusJL,2024-08-30 22:07:18,android,207400,Fuentes de Ortiz,Ed Maverick,mix pa llorar en tu cuarto,trackdone,trackdone,TRUE,FALSE
6wmZ8nqB6WKL8sOqFoaqk9,2024-08-30 22:11:16,android,236693,All The Way - Live In Chicago,Eddie Vedder,All The Way,trackdone,trackdone,TRUE,FALSE
18bzuq8A21sRcI4w4gqGD2,2024-08-30 22:13:51,android,154893,I Ain't Marching Anymore,Phil Ochs,I Ain't Marching Anymore,trackdone,trackdone,TRUE,FALSE
5ruzrDWcT0vuJIOMW7gMnW,2024-08-30 22:19:01,android,309053,The Adults Are Talking,The Strokes,The New Abnormal,trackdone,trackdone,TRUE,FALSE
2t0wwvR15fc3K1ey8OiOaN,2024-08-30 22:22:43,android,222093,Selfless,The Strokes,The New Abnormal,trackdone,trackdone,TRUE,FALSE
2mDYYGaGd9uXKkK2YhDA3i,2024-08-30 22:26:39,android,235946,Brooklyn Bridge To Chorus,The Strokes,The New Abnormal,trackdone,trackdone,TRUE,FALSE
55N8cxpE1QDoeaaNqUnoZ2,2024-08-30 22:31:32,android,293360,Bad Decisions,The Strokes,The New Abnormal,trackdone,trackdone,TRUE,FALSE
6IRzBP4gVoV4D2zHmocoWy,2024-08-30 22:37:47,android,375320,Eternal Summer,The Strokes,The New Abnormal,trackdone,trackdone,TRUE,FALSE
7lu6YLrlB1MU7HW8DJSuPa,2024-08-30 22:42:58,android,310373,At The Door,The Strokes,The New Abnormal,trackdone,trackdone,TRUE,FALSE
1aOxOpH4AkGAd8OMrKjyNY,2024-08-30 23:27:27,android,233226,Why Are Sundays So Depressing,The Strokes,The New Abnormal,trackdone,logout,TRUE,FALSE
6Nd4WPRscBW9wGi2l7K1Ot,2024-09-03 02:39:28,android,13558,Bright Lights,The Killers,Bright Lights,clickrow,fwdbtn,TRUE,TRUE
5ncofiedz9Ej6YkvvXMKVn,2024-09-03 02:45:05,android,337333,Not The Same Anymore,The Strokes,The New Abnormal,fwdbtn,trackdone,TRUE,FALSE
1BLOVHYYlH4JUHQGcpt75R,2024-09-03 02:50:31,android,37846,Ode To The Mets,The Strokes,The New Abnormal,trackdone,unknown,TRUE,FALSE
1BLOVHYYlH4JUHQGcpt75R,2024-09-04 21:00:41,android,313959,Ode To The Mets,The Strokes,The New Abnormal,appload,trackdone,TRUE,FALSE
0DcrhZ12WcCqruCs8ibXSf,2024-09-04 21:03:26,android,164733,I Can See Clearly Now - Edit,Johnny Nash,I Can See Clearly Now,trackdone,trackdone,TRUE,FALSE
6WCeFNVAXUtNczb7lqLiZU,2024-09-04 21:48:13,android,80091,Crocodile Rock,Elton John,Don't Shoot Me I'm Only The Piano Player,trackdone,logout,TRUE,FALSE
6WCeFNVAXUtNczb7lqLiZU,2024-09-04 22:13:11,android,235440,Crocodile Rock,Elton John,Don't Shoot Me I'm Only The Piano Player,appload,trackdone,TRUE,FALSE
0Fnb2pfBfu0ka33d6Yki17,2024-09-04 22:13:47,android,35466,All Along the Watchtower,Bob Dylan,John Wesley Harding,trackdone,fwdbtn,TRUE,TRUE
7cX4PJz1old9fyFI8RlfgW,2024-09-04 22:15:31,android,97895,Read My Mind,The Killers,Sam's Town,fwdbtn,unknown,TRUE,FALSE
7cX4PJz1old9fyFI8RlfgW,2024-09-05 02:03:59,android,18420,Read My Mind,The Killers,Sam's Town,appload,logout,TRUE,FALSE
7cX4PJz1old9fyFI8RlfgW,2024-09-06 02:23:13,android,131339,Read My Mind,The Killers,Sam's Town,appload,trackdone,TRUE,FALSE
1pOIpxfrQ8AszXZdKR3aH3,2024-09-06 02:23:21,android,6332,Gangsta Gangsta,N.W.A.,Straight Outta Compton,trackdone,fwdbtn,TRUE,TRUE
30C1FoJzEhNUILsxghioGz,2024-09-06 02:23:22,android,1271,Lurgee,Radiohead,Pablo Honey,fwdbtn,fwdbtn,TRUE,TRUE
7gRZM3Tp4GJZLYaOKmGQBC,2024-09-06 02:25:47,android,145216,I Can't Make Your Way,The Yardbirds,Roger the Engineer (Expanded Edition),fwdbtn,trackdone,TRUE,FALSE
7uttm8Iurm5uK67Vr9G2Sp,2024-09-06 02:29:25,android,217480,Almost (Sweet Music),Hozier,"Wasteland, Baby!",trackdone,trackdone,TRUE,FALSE
37SxzqcjbwYfZxZlW8jZYA,2024-09-06 02:33:13,android,228000,Rag and Bone,The White Stripes,Icky Thump,trackdone,trackdone,TRUE,FALSE
60EFFQmSfrNMPUMGnfxBbO,2024-09-06 02:36:32,android,198173,Levitate - From The Original Motion Picture “Passengers”,Imagine Dragons,Levitate,trackdone,trackdone,TRUE,FALSE
1GcVa4jFySlun4jLSuMhiq,2024-09-06 02:41:05,android,272000,Angie - Remastered 2009,The Rolling Stones,Goats Head Soup - Remastered 2009,trackdone,trackdone,TRUE,FALSE
2rzk398EF8verl5lQPnXhW,2024-09-06 02:41:44,android,28291,"Battered, Black & Blue (Hole In My Heart)",AWOLNATION,Angel Miners & The Lightning Riders,trackdone,fwdbtn,TRUE,TRUE
2uZX6rf2otrXvGx8vby7Xd,2024-09-06 03:00:16,android,85751,Mátalas,Alejandro Fernández,Lo Esencial De Alejandro Fernández,fwdbtn,logout,TRUE,FALSE
2uZX6rf2otrXvGx8vby7Xd,2024-09-06 05:42:19,android,12736,Mátalas,Alejandro Fernández,Lo Esencial De Alejandro Fernández,appload,endplay,TRUE,TRUE
1UZOjK1BwmwWU14Erba9CZ,2024-09-06 05:46:10,android,231906,Malibu,Miley Cyrus,Younger Now,clickrow,trackdone,TRUE,FALSE
02JIdsrod3BYucThfUFDUX,2024-09-06 05:46:14,android,3514,Le Festin,Camille,Ratatouille,trackdone,fwdbtn,TRUE,TRUE
2vMQmBmcmFsdLQQgXl3PtE,2024-09-06 05:49:00,android,166053,Waterloo,ABBA,Waterloo,fwdbtn,trackdone,TRUE,FALSE
4hupcimlg3UBbW1kAQ6vrT,2024-09-06 05:49:13,android,12183,Ruby Tuesday,The Rolling Stones,Between The Buttons,trackdone,fwdbtn,TRUE,TRUE
3wYZ1oDtOxmIBDUlXeTIYM,2024-09-06 05:49:24,android,10747,Junior’s Farm - One Hand Clapping Sessions,Paul McCartney,One Hand Clapping,fwdbtn,fwdbtn,TRUE,TRUE
48JM82SHQTBYkhEYhMaOaa,2024-09-06 05:49:26,android,1662,She Loves You - Remastered 2009,The Beatles,Past Masters,fwdbtn,fwdbtn,TRUE,TRUE
4vhVDkSx9RSb2k6mWFMYNI,2024-09-06 05:49:27,android,971,You're My Best Friend - Remastered 2011,Queen,A Night At The Opera,fwdbtn,fwdbtn,TRUE,TRUE
68BTFws92cRztMS1oQ7Ewj,2024-09-06 05:49:31,android,3916,All You Need Is Love - Remastered 2009,The Beatles,Magical Mystery Tour,fwdbtn,fwdbtn,TRUE,TRUE
5NQYyej46WQkgCbnzGD21W,2024-09-06 05:53:27,android,235773,Dear Prudence - Remastered 2009,The Beatles,The Beatles,fwdbtn,trackdone,TRUE,FALSE
6gfkQq7A7jWitAumF0IVtm,2024-09-06 05:55:54,android,147911,Grown so Ugly,The Black Keys,Rubber Factory,trackdone,trackdone,TRUE,FALSE
2rhFaau65TFMv4mACtE9it,2024-09-06 06:03:32,android,456893,Scenes from an Italian Restaurant,Billy Joel,The Stranger,trackdone,trackdone,TRUE,FALSE
0hKRSZhUGEhKU6aNSPBACZ,2024-09-06 06:09:10,android,337413,A Day In The Life - Remastered 2009,The Beatles,Sgt. Pepper's Lonely Hearts Club Band,trackdone,trackdone,TRUE,FALSE
2hdNya0b6Cc2YJ8IyaQIWp,2024-09-06 06:24:50,android,11605,Livin' Thing,Electric Light Orchestra,A New World Record,trackdone,logout,TRUE,FALSE
2hdNya0b6Cc2YJ8IyaQIWp,2024-09-07 21:22:20,android,202052,Livin' Thing,Electric Light Orchestra,A New World Record,appload,trackdone,TRUE,FALSE
7tBAxQ6hD4mhr1sYQhwWDP,2024-09-07 21:24:36,android,135440,We Can Work It Out - Remastered 2009,The Beatles,Past Masters,trackdone,trackdone,TRUE,FALSE
3iKmdCDZK4XmqxIA9fVVGs,2024-09-07 21:26:03,android,85547,Beautiful War,Kings of Leon,Mechanical Bull (Expanded Edition),trackdone,fwdbtn,TRUE,TRUE
4uKop5eqeLow56qacdfO1P,2024-09-07 21:34:50,android,159333,Breakfast In America,Supertramp,Breakfast In America,fwdbtn,trackdone,TRUE,FALSE
1WETgXqmJ2NaziQhtav0pK,2024-09-07 21:43:03,android,256320,Moth's Wings,Passion Pit,Manners,trackdone,trackdone,TRUE,FALSE
1XvfGWC7xsuQyvsFZv6a1i,2024-09-07 21:44:32,android,88050,Xmas in February,Lou Reed,New York,trackdone,fwdbtn,TRUE,TRUE
2FO2Z7K49PcfQVs6Mghrqp,2024-09-07 21:44:43,android,10705,Riviera Paradise,Stevie Ray Vaughan,The Essential Stevie Ray Vaughan And Double Trouble,fwdbtn,fwdbtn,TRUE,TRUE
0dEPlb8waIqRtKpLb3l6So,2024-09-07 21:44:51,android,7800,Fotografía,Juanes,Un Día Normal,fwdbtn,fwdbtn,TRUE,TRUE
0x8BlHc0tPoiY8zAzsD2Wa,2024-09-07 21:44:59,android,8596,Tiramisu de Limon,Joaquín Sabina,Vinagre Y Rosas,fwdbtn,fwdbtn,TRUE,TRUE
0akyEssGRVHstqCSWXusJL,2024-09-07 21:48:26,android,207400,Fuentes de Ortiz,Ed Maverick,mix pa llorar en tu cuarto,fwdbtn,trackdone,TRUE,FALSE
6ZpkPahiQA2u63Jx9TnYNw,2024-09-07 21:52:31,android,243946,Don't Go Dark,Bleachers,Take the Sadness Out of Saturday Night,trackdone,trackdone,TRUE,FALSE
0QQIhT6PtJ5glyn4HKNKQ6,2024-09-07 21:57:01,android,269893,All the Pretty Girls,KALEO,A/B,trackdone,trackdone,TRUE,FALSE
5LZSXhywLD0CXBPQs3ULoL,2024-09-07 21:59:57,android,175546,The Bucket,Kings of Leon,Aha Shake Heartbreak,trackdone,trackdone,TRUE,FALSE
1lgtuKQkhlOr0LySn892KY,2024-09-07 22:03:33,android,214986,Greedy Soul,Liam Gallagher,As You Were,trackdone,trackdone,TRUE,FALSE
2rxUnZsfZAIuQ9vKO24Ute,2024-09-07 22:07:13,android,220538,"Young Lady, You're Scaring Me",Ron Gallo,HEAVY META,trackdone,trackdone,TRUE,FALSE
1ITQbrueGLl581a25XXm9c,2024-09-07 22:10:47,android,213106,Rocky Raccoon - Remastered 2009,The Beatles,The Beatles,trackdone,trackdone,TRUE,FALSE
0pgqGG4w5SFqmOTO4npeLf,2024-09-07 22:11:38,android,49846,Pierce You Are a B,Eric Olsen,Community (Music from the Original Television Series),trackdone,fwdbtn,TRUE,TRUE
3cApCJqmVwE23cxYUADZpx,2024-09-07 22:14:40,android,182453,Pongamos que hablo de Martínez,Jorge Drexler,Salvavidas de hielo,fwdbtn,trackdone,TRUE,FALSE
4hhQ96GYHtfhA6AzXlCXkT,2024-09-07 22:14:45,android,3728,Until You,AHI,Prospect,trackdone,fwdbtn,TRUE,TRUE
5FVd6KXrgO9B3JPmC8OPst,2024-09-07 22:14:48,android,2632,Do I Wanna Know?,Arctic Monkeys,AM,fwdbtn,fwdbtn,TRUE,TRUE
0oPDrdHQwkjaT0aytZavUO,2024-09-07 22:18:44,android,236773,Nothing Without Love,Nate Ruess,Grand Romantic,fwdbtn,trackdone,TRUE,FALSE
1UMoEbjcFhtSwZUNo2MK4y,2024-09-07 22:18:48,android,2728,Mrs. Vandebilt - 2010 Remaster,Paul McCartney,Band On The Run,trackdone,fwdbtn,TRUE,TRUE
05ascW5kZSLsGM7sdr9Eot,2024-09-07 22:18:50,android,2011,Lodo,Xoel López,Sueños y Pan,fwdbtn,fwdbtn,TRUE,TRUE
03Hx7AbnHvfGsTL8ACzWBE,2024-09-07 22:18:52,android,1870,Remedy,Zac Brown Band,JEKYLL + HYDE,fwdbtn,fwdbtn,TRUE,TRUE
3ZE3wv8V3w2T2f7nOCjV0N,2024-09-07 22:18:54,android,1839,Life on Mars? - 2015 Remaster,David Bowie,Hunky Dory,fwdbtn,fwdbtn,TRUE,TRUE
7pKfPomDEeI4TPT6EOYjn9,2024-09-07 22:18:55,android,1463,Imagine - Remastered 2010,John Lennon,Imagine,fwdbtn,fwdbtn,TRUE,TRUE
7EYp1lmf3zR0RW03ZP79Zh,2024-09-07 22:18:57,android,1572,The Late Great Johnny Ace,Paul Simon,The Essential Paul Simon,fwdbtn,fwdbtn,TRUE,TRUE
7nu8vnMZTtPv346WZU0PgA,2024-09-07 22:18:59,android,1554,Heartbreak Junky,Kyle Craft,Full Circle Nightmare,fwdbtn,fwdbtn,TRUE,TRUE
2EW0wwl6un7WXMgajiZQoa,2024-09-07 22:19:00,android,1515,Black Bear Lane,Couch,Black Bear Lane,fwdbtn,fwdbtn,TRUE,TRUE
2ecYJyAHF43oBSQ5Crcrel,2024-09-07 22:19:02,android,1752,Hogwarts' Hymn,Patrick Doyle,Harry Potter And The Goblet Of Fire (Original Motion Picture Soundtrack),fwdbtn,fwdbtn,TRUE,TRUE
1F10hpkS0xntdnTZ4bIjTp,2024-09-07 22:19:04,android,1697,The Song Is Over,The Who,Who's Next,fwdbtn,fwdbtn,TRUE,TRUE
0r6OYWJr2dyAlHshxuCAoA,2024-09-07 22:19:06,android,1691,Need The Sun To Break,James Bay,Chaos And The Calm,fwdbtn,fwdbtn,TRUE,TRUE
0nCAVzknkzRXRgB6LhRv04,2024-09-07 22:19:08,android,2139,Molly's Chambers,Kings of Leon,Youth And Young Manhood,fwdbtn,fwdbtn,TRUE,TRUE
3JLrri1xSCui3bzITDJbkk,2024-09-07 22:19:12,android,4475,The Rain Song - Remaster,Led Zeppelin,Houses of the Holy,fwdbtn,fwdbtn,TRUE,TRUE
4pW4DF1119GLHiuWE7Jcb4,2024-09-07 22:19:14,android,1971,Thank You - Remaster,Led Zeppelin,Led Zeppelin II,fwdbtn,fwdbtn,TRUE,TRUE
0pjCkLjbgSLn5c0Ilwuv8z,2024-09-07 22:19:16,android,1643,The Longest Wave,Red Hot Chili Peppers,The Getaway,fwdbtn,fwdbtn,TRUE,TRUE
5vamMB1r3rtCtGVe5LB9VM,2024-09-07 22:19:18,android,2121,Jet Lag (feat. Natasha Bedingfield),Simple Plan,Get Your Heart On!,fwdbtn,fwdbtn,TRUE,TRUE
56lhDZNQ5J47aog6mGKeGk,2024-09-07 23:03:22,android,231361,Thunder Road,Bruce Springsteen,Born To Run,fwdbtn,logout,TRUE,FALSE
56lhDZNQ5J47aog6mGKeGk,2024-09-08 18:33:54,android,57379,Thunder Road,Bruce Springsteen,Born To Run,appload,trackdone,TRUE,FALSE
3npbtkmTdUlRxGFxViDD0K,2024-09-08 18:38:09,android,254600,Canta Corazón,Alejandro Fernández,A Corazón Abierto,trackdone,trackdone,TRUE,FALSE
4MLBqAEzNN89o2M9h92Z26,2024-09-08 18:41:19,android,189386,Get Back - Remastered 2009,The Beatles,Let It Be,trackdone,trackdone,TRUE,FALSE
7zGc3mLdI4VKVMTB22qky3,2024-09-08 18:46:45,android,176000,Lies,J.J. Cale,Really,trackdone,trackdone,TRUE,FALSE
5sBf9nH3xxE6Wzr82HMNyA,2024-09-08 18:49:22,android,156573,You Don't Know My Name,The Kinks,Everybody's in Show-Biz,trackdone,trackdone,TRUE,FALSE
6bEsg3rzal9jDkut98dhiL,2024-09-08 18:51:17,android,113930,Terrible Thing - Abridged,The Killers,Pressure Machine,trackdone,fwdbtn,TRUE,TRUE
0ZvgXNstN4o2ZXPomtBYVp,2024-09-08 18:53:26,android,129133,"Good Golly, Miss Molly",Little Richard,Good Golly!,fwdbtn,trackdone,TRUE,FALSE
4LGJ2pLDvTRnul3EcZoYkX,2024-09-08 18:56:44,android,198029,Like Real People Do,Hozier,Hozier,trackdone,trackdone,TRUE,FALSE
3nKr8RbSnh68or0iKZ8GxG,2024-09-08 19:00:28,android,223160,Bleeding Out,Imagine Dragons,Night Visions,trackdone,trackdone,TRUE,FALSE
2pNllR1aL6MFh1npf0376T,2024-09-08 19:05:48,android,319933,"Vultures - Live at the Nokia Theatre, Los Angeles, CA - December 2007",John Mayer,Where the Light Is: John Mayer Live In Los Angeles,trackdone,trackdone,TRUE,FALSE
0mynYmSfl8q2KhjSp96G3w,2024-09-08 19:10:27,android,278013,Stray Cat Blues - 50th Anniversary Edition,The Rolling Stones,Beggars Banquet,trackdone,trackdone,TRUE,FALSE
23SZWX2IaDnxmhFsSLvkG2,2024-09-08 19:10:47,android,18439,Gorgeous,Kanye West,My Beautiful Dark Twisted Fantasy,trackdone,fwdbtn,TRUE,TRUE
22LvrrjoioPRebT2r4QXnV,2024-09-08 19:10:50,android,3508,Underdog,Imagine Dragons,Night Visions,fwdbtn,fwdbtn,TRUE,TRUE
0CaAWLSyeXMpsdSdMiPr5M,2024-09-08 19:13:47,android,177693,Desde Que Tú Te Has Ido,Mocedades,Esencial Mocedades,fwdbtn,trackdone,TRUE,FALSE
2DVswRuJlXu4QiZQfOoIx7,2024-09-08 19:14:01,android,12019,The Super-Natural,John Mayall & The Bluesbreakers,A Hard Road,trackdone,fwdbtn,TRUE,TRUE
7Ip3HgdNnXW1T73fmqX1zP,2024-09-08 19:14:03,android,2140,"Baby, Happy Birthday",Train,Bulletproof Picasso,fwdbtn,fwdbtn,TRUE,TRUE
1Ipyu3OiogrZVxmhAE7Jiy,2024-09-08 19:14:04,android,1561,Encore 2: One Day More - Live,"The ""Les Misérables"" 10th Anniversary Full Cast",Les Misérables (10th Anniversary Concert Live at Royal Albert Hall),fwdbtn,fwdbtn,TRUE,TRUE
52vA3CYKZqZVdQnzRrdZt6,2024-09-08 19:14:06,android,1640,The Times They Are A-Changin',Bob Dylan,The Times They Are A-Changin',fwdbtn,backbtn,TRUE,TRUE
1Ipyu3OiogrZVxmhAE7Jiy,2024-09-08 19:15:10,android,63919,Encore 2: One Day More - Live,"The ""Les Misérables"" 10th Anniversary Full Cast",Les Misérables (10th Anniversary Concert Live at Royal Albert Hall),backbtn,fwdbtn,TRUE,TRUE
52vA3CYKZqZVdQnzRrdZt6,2024-09-08 19:18:22,android,192053,The Times They Are A-Changin',Bob Dylan,The Times They Are A-Changin',fwdbtn,trackdone,TRUE,FALSE
5xMNjx7uqCzMpJZSo4Wq55,2024-09-08 19:22:16,android,233813,"A Boy Named Sue - Live at San Quentin State Prison, San Quentin, CA - February 1969",Johnny Cash,At San Quentin,trackdone,trackdone,TRUE,FALSE
5mc6EyF1OIEOhAkD0Gg9Lc,2024-09-08 19:22:22,android,4497,Closer,Nine Inch Nails,The Downward Spiral,trackdone,fwdbtn,TRUE,TRUE
4qI7AwulrYhRSVoXJht8U6,2024-09-08 19:22:23,android,1577,Brooklyn Bound,The Black Keys,The Big Come Up,fwdbtn,fwdbtn,TRUE,TRUE
7ny2ATvjtKszCpLpfsGnVQ,2024-09-08 19:29:15,android,412200,A Hard Rain's A-Gonna Fall,Bob Dylan,The Freewheelin' Bob Dylan,fwdbtn,trackdone,TRUE,FALSE
35QZaWQRkmnAVqBF1TLCxQ,2024-09-08 19:29:20,android,3479,Nancy Mulligan,Ed Sheeran,÷,trackdone,fwdbtn,TRUE,TRUE
73WX2V6JVfyQYYIG3K76i8,2024-09-08 19:29:23,android,2801,Amorcito corazón,Pedro Infante,15 Inmortales de Pedro Infante,fwdbtn,fwdbtn,TRUE,TRUE
2TdDRjNiF1HuRvnclprnce,2024-09-08 19:32:30,android,187733,Grace Kelly,MIKA,Life In Cartoon Motion,fwdbtn,trackdone,TRUE,FALSE
4HOryCnbme0zBnF8LWij3f,2024-09-08 19:36:34,android,244221,Getting Older,Billie Eilish,Happier Than Ever,trackdone,trackdone,TRUE,FALSE
1V82d4T5gadqzboNVWKcMj,2024-09-08 19:36:44,android,8052,Closer To The Edge,Thirty Seconds To Mars,This Is War,trackdone,fwdbtn,TRUE,TRUE
6yOYX1oEKWkGshyYtxlJ16,2024-09-08 19:36:46,android,2413,Cathy Come Home,Flyte,The Loved Ones,fwdbtn,fwdbtn,TRUE,TRUE
7BvuV4c1BGhaRapcXvRu5z,2024-09-08 19:39:51,android,185026,You Might Think,The Cars,Heartbeat City,fwdbtn,trackdone,TRUE,FALSE
3lysbLRK4bGbQRmYfN5S0o,2024-09-08 19:44:02,android,250506,Hope You're Feeling Better,Santana,Abraxas,trackdone,trackdone,TRUE,FALSE
4ha4sIWqzZ7SfsYUMLglXa,2024-09-08 19:45:48,android,105626,Another Man,John Mayall & The Bluesbreakers,Blues Breakers,trackdone,trackdone,TRUE,FALSE
6kUktzISXJLuUurOFhc2Ms,2024-09-08 19:48:53,android,185280,Taper Jean Girl,Kings of Leon,Aha Shake Heartbreak,trackdone,trackdone,TRUE,FALSE
7IgBLFklu75pp8Y1vphChS,2024-09-08 19:52:12,android,197704,The Crunge - Remaster,Led Zeppelin,Houses of the Holy,trackdone,trackdone,TRUE,FALSE
0ft7ppZbtp4diHB91RimIJ,2024-09-08 19:52:13,android,377,Awaiting on You All (2014 Remaster),George Harrison,All Things Must Pass,trackdone,fwdbtn,TRUE,TRUE
23BO6YozrAXUta1buxFZ80,2024-09-08 19:52:15,android,1591,Humankind,Coldplay,Music Of The Spheres,fwdbtn,fwdbtn,TRUE,TRUE
65PE3GVXjkiQOTM7V7NbfY,2024-09-08 19:52:16,android,1522,The Only One,The Black Keys,Brothers,fwdbtn,fwdbtn,TRUE,TRUE
1gFNm7cXfG1vSMcxPpSxec,2024-09-08 19:52:18,android,1267,"Ob-La-Di, Ob-La-Da - Remastered 2009",The Beatles,The Beatles,fwdbtn,fwdbtn,TRUE,TRUE
52a6VcF23v5HB7KfDEmBHq,2024-09-08 19:52:19,android,1556,Carried Away,Passion Pit,Gossamer,fwdbtn,fwdbtn,TRUE,TRUE
3EJgmtW7zLsXqSEqwxqE86,2024-09-08 19:52:21,android,1877,Run Me Down,The Black Keys,The Big Come Up,fwdbtn,fwdbtn,TRUE,TRUE
3K10pmwoFZt5N6ESWvDQkv,2024-09-08 19:52:23,android,1641,Gates of Eden,Bob Dylan,Bringing It All Back Home,fwdbtn,fwdbtn,TRUE,TRUE
7ueP5u2qkdZbIPN2YA6LR0,2024-09-08 19:52:25,android,1543,Sail,AWOLNATION,Megalithic Symphony,fwdbtn,fwdbtn,TRUE,TRUE
5Bh8l8evdBSIoaK6EP1bWI,2024-09-08 19:55:39,android,195760,Baby Driver,Simon & Garfunkel,Bridge Over Troubled Water,fwdbtn,trackdone,TRUE,FALSE
5sUSZx5d2bThAZa4iS7cfu,2024-09-08 20:00:20,android,211800,Paint the Town Green,The Script,No Sound Without Silence,trackdone,trackdone,TRUE,FALSE
2bItf9pag16H6HtjLOqzSS,2024-09-08 20:02:35,android,134573,"I Walk the Line - Live at San Quentin State Prison, San Quentin, CA - February 1969",Johnny Cash,At San Quentin,trackdone,trackdone,TRUE,FALSE
2rCB5HK3jZMabjE1YpYXb2,2024-09-08 20:05:50,android,193853,Pecan Tree,The Mud Howlers,Timeliness,trackdone,trackdone,TRUE,FALSE
00V8KJuZ0a089fa25Lc9t7,2024-09-08 20:05:51,android,320,Fine By Me,Andy Grammer,Andy Grammer,trackdone,fwdbtn,TRUE,TRUE
60OdLDvZpHe4kVDYwNtYh9,2024-09-08 20:05:53,android,1885,Sweet Black Angel,The Rolling Stones,Exile On Main Street,fwdbtn,fwdbtn,TRUE,TRUE
6ADSaE87h8Y3lccZlBJdXH,2024-09-08 20:05:55,android,1370,With Or Without You,U2,The Joshua Tree,fwdbtn,fwdbtn,TRUE,TRUE
7ACxUo21jtTHzy7ZEV56vU,2024-09-08 20:05:56,android,1799,Crazy Train,Ozzy Osbourne,Blizzard Of Ozz,fwdbtn,backbtn,TRUE,TRUE
6ADSaE87h8Y3lccZlBJdXH,2024-09-08 20:06:16,android,19285,With Or Without You,U2,The Joshua Tree,backbtn,fwdbtn,TRUE,TRUE
7ACxUo21jtTHzy7ZEV56vU,2024-09-08 20:11:08,android,293183,Crazy Train,Ozzy Osbourne,Blizzard Of Ozz,fwdbtn,trackdone,TRUE,FALSE
74sb4Gib0cL3TQeCjYF8vh,2024-09-08 20:45:38,android,117841,Lay Me Down,Sam Smith,In The Lonely Hour,trackdone,logout,TRUE,FALSE
74sb4Gib0cL3TQeCjYF8vh,2024-09-09 05:11:24,android,136368,Lay Me Down,Sam Smith,In The Lonely Hour,appload,trackdone,TRUE,FALSE
7K6xMPtAjTuLPNlJMLf5bS,2024-09-09 05:41:22,android,151447,"Another Brick in the Wall, Pt. 1",Pink Floyd,The Wall,trackdone,logout,TRUE,FALSE
7K6xMPtAjTuLPNlJMLf5bS,2024-09-09 20:06:03,android,41195,"Another Brick in the Wall, Pt. 1",Pink Floyd,The Wall,appload,trackdone,TRUE,FALSE
4tj0T53jJzNpk5f5AByEQR,2024-09-09 20:09:37,android,213373,Hangin' 'Round,Lou Reed,Transformer,trackdone,trackdone,TRUE,FALSE
51wUFdgpNsV8cVzu7i6N0l,2024-09-09 22:41:57,android,153123,Nos Queda Mucho Dolor Por Recorrer,Ed Maverick,Nos Queda Mucho Dolor Por Recorrer,trackdone,unexpected-exit-while-paused,TRUE,FALSE
51wUFdgpNsV8cVzu7i6N0l,2024-09-09 22:44:41,android,161452,Nos Queda Mucho Dolor Por Recorrer,Ed Maverick,Nos Queda Mucho Dolor Por Recorrer,appload,trackdone,TRUE,FALSE
2dq2J24oIF67Uvttut4dv7,2024-09-09 22:46:47,android,125893,Treat Her Right,Roy Head And The Traits,The Best Of Roy Head,trackdone,trackdone,TRUE,FALSE
7e2MR9NEW1XevN0ZUZIa55,2024-09-09 23:34:59,android,265413,Infatuation,Maroon 5,It Won't Be Soon Before Long,trackdone,trackdone,TRUE,FALSE
5wHaZHMw8PZQIoKqGqI7oE,2024-09-09 23:39:26,android,266933,Lost Stars,Adam Levine,V - Deluxe,trackdone,trackdone,TRUE,FALSE
2fyIS6GXMgUcSv4oejx63f,2024-09-10 00:45:55,android,57961,Mardy Bum,Arctic Monkeys,"Whatever People Say I Am, That's What I'm Not",trackdone,logout,TRUE,FALSE
2fyIS6GXMgUcSv4oejx63f,2024-09-10 16:47:21,android,118334,Mardy Bum,Arctic Monkeys,"Whatever People Say I Am, That's What I'm Not",appload,trackdone,TRUE,FALSE
3rpuor3iDjfx0yOcSfE63v,2024-09-10 16:47:53,android,30850,Song for Bob Dylan - 2015 Remaster,David Bowie,Hunky Dory,trackdone,fwdbtn,TRUE,TRUE
3mZGIXl8RrxiJzJp9F2wm1,2024-09-10 16:48:02,android,9689,Soul Wars,AWOLNATION,Megalithic Symphony,fwdbtn,fwdbtn,TRUE,TRUE
2fXKyAyPrEa24c6PJyqznF,2024-09-10 16:52:06,android,236054,Common People - Full Length Version,Pulp,Different Class,fwdbtn,endplay,TRUE,TRUE
2fXKyAyPrEa24c6PJyqznF,2024-09-10 18:45:28,android,116365,Common People - Full Length Version,Pulp,Different Class,appload,trackdone,TRUE,FALSE
5qfZRNjt2TkHEL12r3sDEU,2024-09-10 21:15:34,android,232060,Everglow,Coldplay,A Head Full of Dreams,trackdone,logout,TRUE,FALSE
5qfZRNjt2TkHEL12r3sDEU,2024-09-11 02:36:13,android,51517,Everglow,Coldplay,A Head Full of Dreams,appload,trackdone,TRUE,FALSE
5Zpy2HR2vYLjlTQVd81DLH,2024-09-11 02:40:20,android,246799,Paris 1919,John Cale,Paris 1919,trackdone,trackdone,TRUE,FALSE
6k5W7fsr5cKVmyjCZnzk2H,2024-09-11 02:42:45,android,144293,Teddy Boy - Remastered 2011,Paul McCartney,McCartney,trackdone,trackdone,TRUE,FALSE
4Vtl42qX97JBj68TKifBHR,2024-09-11 03:05:06,android,333586,Bargain,The Who,Who's Next - Deluxe Edition,trackdone,trackdone,TRUE,FALSE
0vAtUwwCnfrMKExDsPC0Lt,2024-09-11 03:06:35,android,89066,El Nicoya,Santana,Abraxas,trackdone,trackdone,TRUE,FALSE
6TZYGQ2djryNbg98vV5Prg,2024-09-11 03:08:45,android,129506,Mr. Spaceman,The Byrds,Fifth Dimension,trackdone,trackdone,TRUE,FALSE
2CQRYn5cTD2B9a1ONjhTN2,2024-09-11 03:11:12,android,145800,Wouldn't It Be Nice - Mono,The Beach Boys,Pet Sounds,trackdone,trackdone,TRUE,FALSE
72zmwnbXjx9fMUjw3mbDSs,2024-09-11 03:39:14,android,225560,All We Ever Knew,The Head And The Heart,Signs of Light,trackdone,trackdone,TRUE,FALSE
2pAD0PKMUMtxlMvz33tYzB,2024-09-11 03:56:54,android,150651,Is This It,The Strokes,Is This It,trackdone,trackdone,TRUE,FALSE
5EzvwjFwdP5Kfl5AZAemzu,2024-09-11 03:59:23,android,148786,I Need You - Remastered 2009,The Beatles,Help!,trackdone,trackdone,TRUE,FALSE
1KjbsVlpT9QESbQKJ4AgUO,2024-09-11 04:03:40,android,256746,Berlin,Kyle Craft,Dolls of Highland,trackdone,trackdone,TRUE,FALSE
67WTwafOMgegV6ABnBQxcE,2024-09-11 04:08:18,android,277040,Some Nights,fun.,Some Nights,trackdone,trackdone,TRUE,FALSE
2rzk398EF8verl5lQPnXhW,2024-09-11 04:11:34,android,195733,"Battered, Black & Blue (Hole In My Heart)",AWOLNATION,Angel Miners & The Lightning Riders,trackdone,trackdone,TRUE,FALSE
5LSss5LIF1zQKKZJ29ZYbS,2024-09-11 04:14:13,android,158613,That Would Be Something - Remastered 2011,Paul McCartney,McCartney,trackdone,trackdone,TRUE,FALSE
165FBpcm7ng4HPBiGg806H,2024-09-11 04:17:40,android,206558,Este Terco Corazón,Pepe Aguilar,Por El Amor De Siempre,trackdone,trackdone,TRUE,FALSE
2KkIINVFzKcxPTQTNoHM5i,2024-09-11 04:21:19,android,218306,Radical,AWOLNATION,Angel Miners & The Lightning Riders,trackdone,trackdone,TRUE,FALSE
3DXncPQOG4VBw3QHh3S817,2024-09-11 04:26:08,android,288600,"I'm the One (feat. Justin Bieber, Quavo, Chance the Rapper & Lil Wayne)",DJ Khaled,Grateful,trackdone,trackdone,TRUE,FALSE
2LsbizbOeNa4x6qsi2jAMb,2024-09-11 04:30:30,android,261200,La flaca,Jarabe De Palo,La Flaca,trackdone,trackdone,TRUE,FALSE
6duavkuHoy2DzyweOsHE2p,2024-09-11 04:34:44,android,254142,What’s The Deal?,The Nude Party,Midnight Manor,trackdone,trackdone,TRUE,FALSE
4WHaUo8JuELprxUmPFpSTe,2024-09-11 04:38:07,android,202120,En Un Sólo Dia,Morat,Sobre El Amor Y Sus Efectos Secundarios,trackdone,trackdone,TRUE,FALSE
3BQHpFgAp4l80e1XslIjNI,2024-09-11 04:40:13,android,125666,Yesterday - Remastered 2009,The Beatles,Help!,trackdone,trackdone,TRUE,FALSE
0HLWvLKQWpFdPhgk6ym58n,2024-09-11 04:43:09,android,175480,Who Says,John Mayer,Battle Studies,trackdone,trackdone,TRUE,FALSE
0P3XcK6fckxtGWlojkx5Mm,2024-09-11 04:47:01,android,231237,Culpable,David Bisbal,Tú Y Yo,trackdone,trackdone,TRUE,FALSE
7DUW5FRgH7c3RqhIGVDhSn,2024-09-11 04:50:09,android,187476,15 Years,Houndmouth,Little Neon Limelight,trackdone,trackdone,TRUE,FALSE
3Umg8CDhO8dOSj7yBTInYb,2024-09-11 04:55:14,android,304666,Within You Without You - Remastered 2009,The Beatles,Sgt. Pepper's Lonely Hearts Club Band,trackdone,trackdone,TRUE,FALSE
3jmqb9d6QW8hQHxAgI5u2X,2024-09-11 04:59:05,android,230346,The Ballad Of Michael Valentine,The Killers,Sawdust,trackdone,trackdone,TRUE,FALSE
6mIqd7D0OQZn1Fn3UoBdRW,2024-09-11 05:03:03,android,237946,Dónde Estás Corazón?,Mocedades,Personalidad,trackdone,trackdone,TRUE,FALSE
2fuYa3Lx06QQJAm0MjztKr,2024-09-11 05:23:38,android,255083,Let Down,Radiohead,OK Computer,trackdone,logout,TRUE,FALSE
2fuYa3Lx06QQJAm0MjztKr,2024-09-11 21:07:05,android,44494,Let Down,Radiohead,OK Computer,appload,trackdone,TRUE,FALSE
0vFOzaXqZHahrZp6enQwQb,2024-09-11 21:13:28,android,382834,Money,Pink Floyd,The Dark Side of the Moon,trackdone,trackdone,TRUE,FALSE
7hMhO4oenpVkVaM5bNkEbz,2024-09-11 21:16:44,android,194680,When the Ship Comes In,Bob Dylan,The Times They Are A-Changin',trackdone,trackdone,TRUE,FALSE
7tBAxQ6hD4mhr1sYQhwWDP,2024-09-11 21:18:59,android,135440,We Can Work It Out - Remastered 2009,The Beatles,Past Masters,trackdone,trackdone,TRUE,FALSE
01PjrDX13iIjeHc5iJZmb3,2024-09-11 21:41:47,android,66362,Empty Garden (Hey Hey Johnny) - Remastered 2003,Elton John,Jump Up!,trackdone,logout,TRUE,FALSE
01PjrDX13iIjeHc5iJZmb3,2024-09-11 22:53:22,android,242705,Empty Garden (Hey Hey Johnny) - Remastered 2003,Elton John,Jump Up!,appload,trackdone,TRUE,FALSE
75n7mraeMycQOl2sDGYaTe,2024-09-11 23:30:12,android,131076,Mad Sounds,Arctic Monkeys,AM,trackdone,logout,TRUE,FALSE
7y1hMqXNa0dKQLZH7CKbUG,2024-09-12 00:01:22,android,1882,Don't Bother Me - Remastered 2009,The Beatles,With The Beatles,fwdbtn,fwdbtn,TRUE,TRUE
6dnXePvKM5M7O1AjGaJOd7,2024-09-12 00:04:47,android,206213,She Wandered Through the Garden Fence - 2009 Remaster,Procol Harum,Procol Harum,fwdbtn,trackdone,TRUE,FALSE
5jH6P7e6RUGZnFGTeq3pUe,2024-09-12 00:08:19,android,211200,For the Love of Money,The Black Keys,Dropout Boogie,trackdone,trackdone,TRUE,FALSE
0fEKxq1mghyT0b867l4Jaf,2024-09-12 00:13:43,android,323639,To Be Alone,Hozier,Hozier,trackdone,trackdone,TRUE,FALSE
60AfChmQtASBtPorKPEsoI,2024-09-12 00:16:43,android,178805,El Corrido De Zacatecas,Antonio Aguilar,Bala Perdida,trackdone,trackdone,TRUE,FALSE
7gMOe0gXYcELUoVugfMmHP,2024-09-12 00:20:56,android,253200,You May Be Right,Billy Joel,Glass Houses,trackdone,trackdone,TRUE,FALSE
4LKH26q9AKr3TcKlDtk8fc,2024-09-12 00:23:22,android,145101,Chaparrita Consentida,Pepe Aguilar,Por Mujeres Como Tú,trackdone,trackdone,TRUE,FALSE
0d3BJRrklQ6sTfbmrojuZI,2024-09-12 00:26:58,android,215539,Don't Take The Money,Bleachers,Don't Take The Money,trackdone,trackdone,TRUE,FALSE
5imShWWzwqfAJ9gXFpGAQh,2024-09-12 00:30:20,android,201173,Waiting On the World to Change,John Mayer,Continuum,trackdone,trackdone,TRUE,FALSE
2EC9IJj7g0mN1Q5VrZkiYY,2024-09-12 00:34:55,android,274746,Rebel Rebel - 2016 Remaster,David Bowie,Diamond Dogs,trackdone,trackdone,TRUE,FALSE
31L9yLXSj6LpCFupyMV6CR,2024-09-12 00:41:41,android,405320,Up&Up,Coldplay,A Head Full of Dreams,trackdone,trackdone,TRUE,FALSE
5UnuaZofqTYKCsYbSnfHzB,2024-09-12 00:43:58,android,136560,First Youth,Ennio Morricone,Cinema Paradiso (Original Motion Picture Soundtrack),trackdone,trackdone,TRUE,FALSE
4OwSeTHiPX0IaIptOa8s6T,2024-09-12 00:46:51,android,172428,Heart Attack,Skegss,50 Push Ups For A Dollar,trackdone,trackdone,TRUE,FALSE
3VbGCXWRiouAq8VyMYN2MI,2024-09-12 00:49:13,android,141693,Love Me Do - Remastered 2009,The Beatles,Please Please Me,trackdone,trackdone,TRUE,FALSE
63OQupATfueTdZMWTxW03A,2024-09-12 00:53:37,android,264066,Karma Police,Radiohead,OK Computer,trackdone,trackdone,TRUE,FALSE
1EYzr2S8PJmqUsRMkX3cSP,2024-09-12 00:57:16,android,218000,I Found Out - Remastered 2010,John Lennon,Plastic Ono Band,trackdone,trackdone,TRUE,FALSE
6DiFE5a3ApjWhMGhMmKO9r,2024-09-12 00:58:23,android,66447,You're Gloating,Carlos Rafael Rivera,The Queen's Gambit (Music from the Netflix Limited Series),trackdone,trackdone,TRUE,FALSE
2Fxmhks0bxGSBdJ92vM42m,2024-09-12 01:01:37,android,194087,bad guy,Billie Eilish,"WHEN WE ALL FALL ASLEEP, WHERE DO WE GO?",trackdone,trackdone,TRUE,FALSE
2vLPGv0TAzbY68zYBbRCD3,2024-09-12 01:04:56,android,197533,I've Been Everywhere,Johnny Cash,American II: Unchained,trackdone,trackdone,TRUE,FALSE
5rfT032kGmLvbxZzfHlu5D,2024-09-12 01:08:18,android,202346,In the Aeroplane Over the Sea,Neutral Milk Hotel,In the Aeroplane Over the Sea,trackdone,trackdone,TRUE,FALSE
3QHMxEOAGD51PDlbFPHLyJ,2024-09-12 01:12:31,android,252346,Vivir Mi Vida,Marc Anthony,3.0,trackdone,trackdone,TRUE,FALSE
64UioB4Nmwgn2f4cbIpAkl,2024-09-12 01:15:28,android,176440,It's Still Rock and Roll to Me,Billy Joel,Glass Houses,trackdone,trackdone,TRUE,FALSE
7AtsEX4pJqmAaIajlMwaPU,2024-09-12 01:21:25,android,355733,"Neon - Live at the Nokia Theatre, Los Angeles, CA - December 2007",John Mayer,Where the Light Is: John Mayer Live In Los Angeles,trackdone,trackdone,TRUE,FALSE
7lXOqE38eCr979gp27O5wr,2024-09-12 01:23:38,android,132640,If I Knew,Bruno Mars,Unorthodox Jukebox,trackdone,trackdone,TRUE,FALSE
1lNgVbVhytRKmYNneZ01pG,2024-09-12 01:29:23,android,344800,Flesh And Bone - Jacques Lu Cont Remix,The Killers,Battle Born - Deluxe Edition,trackdone,trackdone,TRUE,FALSE
5ovYFa8Em47SgPmhBlZb5N,2024-09-12 01:31:57,android,153893,I'm Down - Remastered 2009,The Beatles,Past Masters,trackdone,trackdone,TRUE,FALSE
5zhfggnBHJA2iJAnBWYsau,2024-09-12 01:35:22,android,204026,What Kind of Fool Am I,Sammy Davis Jr.,I've Gotta Be Me: The Best Of Sammy Davis Jr.,trackdone,trackdone,TRUE,FALSE
6caCfb9Hg5NlUfXg9nRSnm,2024-09-12 01:42:57,android,454520,The Journey to the Grey Havens (feat. Sir James Galway),Howard Shore,The Lord of the Rings - The Return of the King - The Complete Recordings,trackdone,trackdone,TRUE,FALSE
6p6E3pMc9moSp5kV3BLN0y,2024-09-12 01:46:32,android,214382,The Long And Winding Road - Naked Version / Remastered 2013,The Beatles,Let It Be... Naked,trackdone,trackdone,TRUE,FALSE
5g4XgFRyTaz9cjSQhq37ey,2024-09-12 01:50:37,android,244346,Penitentiary,Houndmouth,From the Hills Below the City,trackdone,trackdone,TRUE,FALSE
22OTrlQy1sXdtdo1VgDUZb,2024-09-12 01:53:30,android,172626,I Just Want To See His Face,The Rolling Stones,Exile On Main Street,trackdone,trackdone,TRUE,FALSE
1rxD34LAtkafrMUHqHIV76,2024-09-12 01:57:50,android,259741,Bring It on Home - Remaster,Led Zeppelin,Led Zeppelin II,trackdone,trackdone,TRUE,FALSE
4lLtanYk6tkMvooU0tWzG8,2024-09-12 02:01:33,android,222091,Grenade,Bruno Mars,Doo-Wops & Hooligans,trackdone,trackdone,TRUE,FALSE
5kSzK5Dgk8obNYqaBQbi02,2024-09-12 02:05:05,android,211853,The Rager,Kyle Craft,Full Circle Nightmare,trackdone,trackdone,TRUE,FALSE
1tPZlhOHo1GOZRrJR3hGOx,2024-09-12 02:08:41,android,216200,All Your Love,John Mayall & The Bluesbreakers,Blues Breakers,trackdone,trackdone,TRUE,FALSE
6oGf2l3YdwCK9B8PShz7dG,2024-09-12 02:11:46,android,183840,Bad Instincts,Keuning,Bad Instincts,trackdone,trackdone,TRUE,FALSE
2ih2U8ttFzCjnQ5njF3SrR,2024-09-12 02:15:51,android,244493,Gorilla,Bruno Mars,Unorthodox Jukebox,trackdone,trackdone,TRUE,FALSE
5qWvQZewRB57giOKgvUE3F,2024-09-12 02:20:53,android,301880,Harry's Wondrous World,John Williams,Harry Potter and The Chamber of Secrets/ Original Motion Picture Soundtrack,trackdone,trackdone,TRUE,FALSE
4joiWvli4qJVEW6qZV2i2J,2024-09-12 02:23:02,android,127853,All My Loving - Remastered 2009,The Beatles,With The Beatles,trackdone,trackdone,TRUE,FALSE
2TjdnqlpwOjhijHCwHCP2d,2024-09-12 02:27:46,android,283872,The Great Gig in the Sky,Pink Floyd,The Dark Side of the Moon,trackdone,trackdone,TRUE,FALSE
6IBn2H6Axqg4mc4PZW6jRz,2024-09-12 02:32:11,android,264630,Black Country Woman - Remaster,Led Zeppelin,Physical Graffiti,trackdone,trackdone,TRUE,FALSE
0bhCGRZvzfAzm0z1c7M3jQ,2024-09-12 02:34:39,android,147586,From Here On Out,The Killers,Battle Born,trackdone,trackdone,TRUE,FALSE
1qRA5BS78u3gME0loMl9AA,2024-09-12 02:37:13,android,153693,For What It's Worth,Buffalo Springfield,Buffalo Springfield,trackdone,trackdone,TRUE,FALSE
1almCHdsfikRPfVB9VrEdT,2024-09-12 02:40:19,android,185200,Little Do You Know,Alex & Sierra,It's About Us,trackdone,trackdone,TRUE,FALSE
1lIcdDpGlc2mO2LYA0f5KM,2024-09-12 02:52:38,android,738080,"The Fellowship Reunited (feat. Sir James Galway, Viggo Mortensen and Renée Fleming)",Howard Shore,The Lord of the Rings - The Return of the King - The Complete Recordings,trackdone,trackdone,TRUE,FALSE
2O3l4X1yTua8oMMCtazkyo,2024-09-12 02:54:29,android,110826,The Happiest Days of Our Lives,Pink Floyd,The Wall,trackdone,trackdone,TRUE,FALSE
52VPecMGJQOxyWWWgnUvsI,2024-09-12 02:57:56,android,206546,I Will Remain,Matthew And The Atlas,To the North,trackdone,trackdone,TRUE,FALSE
28q8XYvQtuRtTnkZoKBTB1,2024-09-12 02:59:51,android,114746,"The Wall - Live at Folsom State Prison, Folsom, CA - January 1968",Johnny Cash,At Folsom Prison,trackdone,trackdone,TRUE,FALSE
6PJ8FF6UR8FZXfEvpHkIVN,2024-09-12 03:04:32,android,280533,How Would You Feel (Paean),Ed Sheeran,÷,trackdone,trackdone,TRUE,FALSE
3YubPkIjza38KmXTIGdk91,2024-09-12 03:07:11,android,158400,Te Solté la Rienda,José Alfredo Jimenez,El Cantinero,trackerror,trackdone,TRUE,FALSE
0F5w8f4VF8S600yDi7AhFQ,2024-09-12 03:11:41,android,269626,What'd I Say,John Mayall & The Bluesbreakers,Blues Breakers,trackdone,trackdone,TRUE,FALSE
10Wtj4WHh9APnWq5q21NDT,2024-09-12 03:17:00,android,318493,In A Week,Hozier,Hozier,trackdone,trackdone,TRUE,FALSE
4pKmkKqR9lBaOBvtPazIGT,2024-09-12 03:20:51,android,229800,Plain to See Plainsman,Colter Wall,Songs of the Plains,trackdone,trackdone,TRUE,FALSE
7xrODhgXFNVsRtKoyt5rJo,2024-09-12 03:23:55,android,183253,"Cocaine Blues - Live at Folsom State Prison, Folsom, CA - January 1968",Johnny Cash,At Folsom Prison,trackdone,trackdone,TRUE,FALSE
4f0xBbWvKWmuB17yebh24a,2024-09-12 03:27:34,android,219226,Til the Right One Comes,John Mayer,Sob Rock,trackdone,trackdone,TRUE,FALSE
4YinE8xH2spRqFOHhLFZHJ,2024-09-12 03:31:21,android,226516,High Places,Keuning,Prismism,trackdone,trackdone,TRUE,FALSE
4Q2UM2QSR7Gye03jvl4Rdw,2024-09-12 03:35:32,android,250013,I'm Outta Time,Oasis,Dig Out Your Soul,trackdone,trackdone,TRUE,FALSE
0QC9aeBqqctjQbsFk5E4YP,2024-09-12 03:38:26,android,173413,Timshel,Mumford & Sons,Sigh No More,trackdone,trackdone,TRUE,FALSE
0O8XCrGlVsaKnErfcTSSFU,2024-09-12 03:41:42,android,195666,Jerk It Out,Caesars,39 Minutes of Bliss (In An Otherwise Meaningless World),trackdone,trackdone,TRUE,FALSE
4HD9SLK4s9rwRyuFt3n8N7,2024-09-12 03:44:53,android,190451,Same Boat,Zac Brown Band,The Comeback,trackdone,trackdone,TRUE,FALSE
6RSVgjjYRtKg4FDyx2Lj1u,2024-09-12 03:48:37,android,223320,The Best,AWOLNATION,Angel Miners & The Lightning Riders,trackdone,trackdone,TRUE,FALSE
1w6mcMacExya7bvbElMuar,2024-09-12 03:51:02,android,144632,Óleo de Mujer Con Sombrero,Silvio Rodríguez,Al Final de Este Viaje...,trackdone,trackdone,TRUE,FALSE
6Vecwo7AHst9V2CE3kmwr0,2024-09-12 03:54:53,android,231466,No Such Thing,John Mayer,Room For Squares,trackdone,trackdone,TRUE,FALSE
5JPXVcoVUZd3JYTQEFf9ug,2024-09-12 03:57:44,android,170106,Se a Cabo,Santana,Abraxas,trackdone,trackdone,TRUE,FALSE
37JISltgxizbDAyNEEqkTY,2024-09-12 04:02:04,android,259200,Planet Telex,Radiohead,The Bends,trackdone,trackdone,TRUE,FALSE
3VhbXc2lxqGQyLmn1YfFd8,2024-09-12 04:07:22,android,317760,Devil's Sidewalk,Neil Young,Greendale,trackdone,trackdone,TRUE,FALSE
5IObx9f9zVxTGfzyRQWYSe,2024-09-12 04:11:55,android,272346,Jazz on the Autobahn,The Felice Brothers,From Dreams to Dust,trackdone,trackdone,TRUE,FALSE
49C6EGQhCUSgyADHYvJ7ez,2024-09-12 04:14:35,android,159300,Living Loving Maid (She's Just a Woman) - Remaster,Led Zeppelin,Led Zeppelin II,trackdone,trackdone,TRUE,FALSE
5PbdVk09VHHcvGa0pX86RP,2024-09-12 04:16:25,android,109735,Flowers In Your Hair,The Lumineers,The Lumineers,trackdone,trackdone,TRUE,FALSE
6qZjm61s6u8Ead9sWxCDro,2024-09-12 04:19:57,android,211226,Elephant,Tame Impala,Lonerism,trackdone,trackdone,TRUE,FALSE
0tkBOcK7oRVXQJY97zzSvr,2024-09-12 04:23:46,android,228293,Telescope,Cage The Elephant,Melophobia,trackdone,trackdone,TRUE,FALSE
5iWu0NAWYgWFK6V5Ylz42w,2024-09-12 04:27:06,android,199702,Plug Me In (2014 Remaster),George Harrison,All Things Must Pass,trackdone,trackdone,TRUE,FALSE
340t55txxJWQmTFK7wARZh,2024-09-12 04:29:52,android,165133,"If You Want To Sing Out, Sing Out",Yusuf / Cat Stevens,Tea For The Tillerman,trackdone,trackdone,TRUE,FALSE
6LbbHFEajG9e4m0G3L47c4,2024-09-12 04:32:53,android,180943,Pinball Wizard,The Who,Tommy,trackdone,trackdone,TRUE,FALSE
45B31c6tSg5Zw7PuF1WbEt,2024-09-12 04:36:40,android,226293,Without Those Songs,The Script,No Sound Without Silence,trackdone,trackdone,TRUE,FALSE
63OJHHu2ambZAvdrvhdT2b,2024-09-12 04:40:56,android,255680,I Found a Reason - 2015 Remaster,The Velvet Underground,Loaded,trackdone,trackdone,TRUE,FALSE
2GSr8anleCXKLNjjjijoMZ,2024-09-12 04:44:34,android,217986,Yo Quisiera,Reik,Reik,trackdone,trackdone,TRUE,FALSE
7oChm7YC5PS1NvEkRCgswG,2024-09-12 04:49:52,android,317413,Manifest,Andrew Bird,My Finest Work Yet,trackdone,trackdone,TRUE,FALSE
1LXL7uXCsUqGIBwZ8ic9Ul,2024-09-12 04:53:36,android,222906,Júrame,María Grever,50 Greatest Tracks,trackdone,trackdone,TRUE,FALSE
7kIwVGX93RF6c8ZLKpeiNN,2024-09-12 04:57:14,android,217693,Chemistry,Arcade Fire,Everything Now,trackdone,trackdone,TRUE,FALSE
2kRFrWaLWiKq48YYVdGcm8,2024-09-12 05:01:26,android,251426,Everything In Its Right Place,Radiohead,Kid A,trackdone,trackdone,TRUE,FALSE
27Nb6r8d0aiHVJyZDB9cNS,2024-09-12 05:05:23,android,236480,El Demonio en Casa,Ricardo Arjona,5to Piso,trackdone,trackdone,TRUE,FALSE
4G8j2QR2yq04sHeIsIljoJ,2024-09-12 05:09:00,android,217218,The Go Getter,The Black Keys,Brothers,trackdone,trackdone,TRUE,FALSE
5TTGoX70AFrTvuEtqHK37S,2024-09-12 05:13:04,android,243131,No. 1 Party Anthem,Arctic Monkeys,AM,trackdone,trackdone,TRUE,FALSE
4yVixayMpxm2MUGOePA192,2024-09-12 05:16:46,android,221626,Modern Girls & Old Fashion Men,The Strokes,Modern Girls & Old Fashion Men,trackdone,trackdone,TRUE,FALSE
2fgQ8COnxtEvaTcNbEtsUf,2024-09-12 05:21:03,android,256800,That's Where You're Wrong,Arctic Monkeys,Suck It and See,trackdone,trackdone,TRUE,FALSE
2lq81FsCIMHXxONi1cTx71,2024-09-12 05:23:48,android,164102,One After 909 - Naked Version / Remastered 2013,The Beatles,Let It Be... Naked,trackdone,trackdone,TRUE,FALSE
0nJW01T7XtvILxQgC5J7Wh,2024-09-12 05:27:22,android,213826,When I Was Your Man,Bruno Mars,Unorthodox Jukebox,trackdone,trackdone,TRUE,FALSE
6moGMWt8K47pryh8li1YNF,2024-09-12 05:30:06,android,162973,It Ain't Right,John Mayall & The Bluesbreakers,Blues Breakers,trackdone,trackdone,TRUE,FALSE
7DmiHaP1MxL9i1p0kHhXq2,2024-09-12 05:35:07,android,300973,Wasted Time,Vance Joy,Dream Your Life Away,trackdone,trackdone,TRUE,FALSE
1EuvOdyyzhFUP2z3gfr6xz,2024-09-12 05:38:54,android,226186,Hold On,Alabama Shakes,Boys & Girls,trackdone,trackdone,TRUE,FALSE
0ePDsEDDIPZNpbwRUEXKoX,2024-09-12 05:45:20,android,385266,Talkin' World War III Blues,Bob Dylan,The Freewheelin' Bob Dylan,trackdone,trackdone,TRUE,FALSE
2rOIwGrq4i6D4Lh3CsmdN0,2024-09-12 05:49:01,android,221160,The Gun,Lou Reed,The Blue Mask,trackdone,trackdone,TRUE,FALSE
6fNhZRFEkBfgW39W3wKARJ,2024-09-12 05:52:36,android,214147,Pompeii,Bastille,Bad Blood,trackdone,trackdone,TRUE,FALSE
3bgTFCt5CTfasvpigHAdL0,2024-09-12 05:55:32,android,175666,It Came Out Of The Sky,Creedence Clearwater Revival,Willy And The Poor Boys,trackdone,trackdone,TRUE,FALSE
4Qw41GUmS4rF7GR3am9Rt6,2024-09-12 05:59:30,android,236706,Leave a Tender Moment Alone,Billy Joel,An Innocent Man,trackdone,trackdone,TRUE,FALSE
4dnwtykvirYJPQOL0OgL6B,2024-09-12 06:02:42,android,192306,Badge And Gun,John Mayer,Paradise Valley,trackdone,trackdone,TRUE,FALSE
2mdkcujPED7xhV2MTtjYnD,2024-09-12 06:06:33,android,229773,BRIGHTSIDE,The Lumineers,BRIGHTSIDE,trackdone,trackdone,TRUE,FALSE
2oNhvMFZaXPKP6Yjyg8gD7,2024-09-12 06:10:10,android,216839,The Rubberband Man - Single Version,The Spinners,Smooth And Sweet,trackdone,trackdone,TRUE,FALSE
2dR5WkrpwylTuT3jRWNufa,2024-09-12 06:12:38,android,147146,Fly Me To The Moon,Frank Sinatra,Ultimate Sinatra,trackdone,trackdone,TRUE,FALSE
3oTYv0yShT4sjuPncoUXfK,2024-09-12 06:15:47,android,188966,❤️,Coldplay,Music Of The Spheres,trackdone,trackdone,TRUE,FALSE
7d6qX28ITEgBUhCJ86SeYq,2024-09-12 06:20:28,android,280213,Right Before My Eyes - Unpeeled,Cage The Elephant,Unpeeled,trackdone,trackdone,TRUE,FALSE
2A0ZLZ2Bixhcnf9Jkdh5Xp,2024-09-12 06:25:07,android,278825,Yolanda,Pablo Milanés,Yo Me Quedo,trackdone,trackdone,TRUE,FALSE
04jUWHa4mIZKn7duaD2gXW,2024-09-12 06:28:41,android,213680,My Wife,The Who,Who's Next - Deluxe Edition,trackdone,trackdone,TRUE,FALSE
6Vcwr9tb3ZLO63F8DL8cqu,2024-09-12 06:34:23,android,341626,Tangled up in Blue,Bob Dylan,Blood On The Tracks,trackdone,trackdone,TRUE,FALSE
19q0WSVYv3qjCKD9eUEXL6,2024-09-12 06:37:48,android,203906,Collide,James Bay,Chaos And The Calm,trackdone,trackdone,TRUE,FALSE
7dNZR3ieyGq50Xcr9gC2Aa,2024-09-12 06:41:00,android,191456,Otis,Houndmouth,Little Neon Limelight,trackdone,trackdone,TRUE,FALSE
1M0J45ZSv6qNaBSbGCIcGV,2024-09-12 06:44:57,android,236735,Come Dancing,The Kinks,State of Confusion,trackdone,trackdone,TRUE,FALSE
4faZbPZPQAmHADVtQNsv5E,2024-09-12 06:47:08,android,130333,Hotel Yorba,The White Stripes,White Blood Cells,trackdone,trackdone,TRUE,FALSE
1VRKBE1ssU5ZuBt90i3Jdy,2024-09-12 06:49:35,android,146613,Mae,Herb Alpert & The Tijuana Brass,!!Going Places!!,trackdone,trackdone,TRUE,FALSE
1jcPcDu2YawPfLhwjYnqK2,2024-09-12 06:52:19,android,163586,"Everybody's Talkin' - From ""Midnight Cowboy""",Harry Nilsson,Aerial Ballet,trackdone,trackdone,TRUE,FALSE
1GEOSS415bZVHNuXWlCT6b,2024-09-12 06:57:55,android,334893,Mother,Pink Floyd,The Wall,trackdone,trackdone,TRUE,FALSE
2o2RDduVgudcGSLrFaV1D0,2024-09-12 07:04:11,android,144752,Handyman,AWOLNATION,Here Come the Runts,trackdone,logout,TRUE,FALSE
2o2RDduVgudcGSLrFaV1D0,2024-09-12 22:28:00,android,57293,Handyman,AWOLNATION,Here Come the Runts,appload,trackdone,TRUE,FALSE
6flXEGuz9BVk7tuBPmwcGw,2024-09-12 22:32:45,android,284706,Pressure Machine - Abridged,The Killers,Pressure Machine,trackdone,trackdone,TRUE,FALSE
01OVvCmMDJ5E390NcDOx3v,2024-09-12 22:34:50,android,123506,That's The Story Of My Life,The Velvet Underground,The Velvet Underground,trackdone,trackdone,TRUE,FALSE
0832pFK9N12P1B0nuaUb2Z,2024-09-12 22:38:34,android,223786,Te Fuiste de Aquí,Reik,Peligro,trackdone,trackdone,TRUE,FALSE
5Asz9rHr2rViBdl6pkXpoq,2024-09-12 22:39:34,android,59933,Oo-De-Lally,Roger Miller,Walt Disney Records The Legacy Collection: Robin Hood,trackdone,trackdone,TRUE,FALSE
1MEPonmSAmoaShAVkbGSx8,2024-09-12 23:02:58,android,117632,Used To,Daughtry,Daughtry,trackdone,logout,TRUE,FALSE
1MEPonmSAmoaShAVkbGSx8,2024-09-12 23:29:46,android,95609,Used To,Daughtry,Daughtry,appload,trackdone,TRUE,FALSE
1CA0a2dcfsJfiUEH6qVomI,2024-09-12 23:29:48,android,1385,Pacific Coast Highway In The Movies,AWOLNATION,Angel Miners & The Lightning Riders,trackdone,fwdbtn,TRUE,TRUE
775OxWq9wfVzmVDS0n3zff,2024-09-12 23:32:12,android,144200,Statues,Alexandre Desplat,"Harry Potter and the Deathly Hallows, Pt. 2 (Original Motion Picture Soundtrack)",fwdbtn,trackdone,TRUE,FALSE
45tNymiGXb2afxk7opDlmA,2024-09-12 23:34:50,android,157258,The Door Is Still Open to My Heart,Dean Martin,The Essential Dean Martin,trackdone,fwdbtn,TRUE,TRUE
0Dx3pLp5cHb5RKvCNHKdlK,2024-09-12 23:34:53,android,2850,From Yesterday,Thirty Seconds To Mars,A Beautiful Lie,fwdbtn,fwdbtn,TRUE,TRUE
2ZTHcoY4zAaNe0D0gHjGZt,2024-09-12 23:34:56,android,2535,"She Said, She Said",The Black Keys,The Big Come Up,fwdbtn,fwdbtn,TRUE,TRUE
6UCFZ9ZOFRxK8oak7MdPZu,2024-09-12 23:34:58,android,1826,Her Majesty - Remastered 2009,The Beatles,Abbey Road,fwdbtn,fwdbtn,TRUE,TRUE
1G4s7WkhgmdQvYaGCHjw1G,2024-09-12 23:36:49,android,111773,"Theme from ""The Search for Everything""",John Mayer,The Search for Everything,fwdbtn,trackdone,TRUE,FALSE
2BMqay80iBzZTa608Y1eG1,2024-09-12 23:39:15,android,145586,I Me Mine - Remastered 2009,The Beatles,Let It Be,trackdone,trackdone,TRUE,FALSE
6v3wihX7hSonQaBVSYTBgW,2024-09-13 00:02:36,android,128383,91,Bleachers,Take the Sadness Out of Saturday Night,trackdone,logout,TRUE,FALSE
6v3wihX7hSonQaBVSYTBgW,2024-09-13 02:47:03,android,52471,91,Bleachers,Take the Sadness Out of Saturday Night,appload,trackdone,TRUE,FALSE
7kAzt3TcptRtX8vd5deWd9,2024-09-13 02:50:56,android,232690,40 Day Dream - 2019 Remaster,Edward Sharpe & The Magnetic Zeros,Up From Below - 10th Anniversary Edition,trackdone,trackdone,TRUE,FALSE
7IpROZzNQmCHpo2dasKmfc,2024-09-13 02:53:40,android,164030,The Night,Keuning,Prismism,trackdone,trackdone,TRUE,FALSE
2qKga0VHaH41ajUMbVofcb,2024-09-13 02:54:04,android,22215,The Scholar's Mate,Carlos Rafael Rivera,The Queen's Gambit (Music from the Netflix Limited Series),trackdone,fwdbtn,TRUE,TRUE
42dbDZX9bsEGqMZWYmnR7J,2024-09-13 02:54:06,android,1617,Perfectly Lonely,John Mayer,Battle Studies,fwdbtn,fwdbtn,TRUE,TRUE
1WQFOwtI6EfsvRz7wcDbQm,2024-09-13 02:54:09,android,3558,Gold,Imagine Dragons,Smoke + Mirrors,fwdbtn,fwdbtn,TRUE,TRUE
7GgWAITsYJaRM3r50rfh5w,2024-09-13 02:54:11,android,1775,When We Were Young,Adele,25,fwdbtn,fwdbtn,TRUE,TRUE
4alHo6RGd0D3OUbTPExTHN,2024-09-13 02:57:56,android,225626,Just What I Needed,The Cars,The Cars,fwdbtn,trackdone,TRUE,FALSE
7wMaLtWGYFmzWdKNi5daj5,2024-09-13 03:01:36,android,219093,Walk and Talk It,Lou Reed,Lou Reed,trackdone,trackdone,TRUE,FALSE
3vO2BbrhKNV2PDl276BUIZ,2024-09-13 03:04:33,android,177266,Cotton Fields,Creedence Clearwater Revival,Willy And The Poor Boys,trackdone,trackdone,TRUE,FALSE
1rkbMXhEjIytsUGbhoR5pn,2024-09-13 03:07:08,android,149133,Life in Technicolor,Coldplay,Viva La Vida or Death and All His Friends,trackdone,trackdone,TRUE,FALSE
5SUlhldQJtOhUr2GzH5RI7,2024-09-13 03:09:52,android,163693,Nowhere Man - Remastered 2009,The Beatles,Rubber Soul,trackdone,trackdone,TRUE,FALSE
4uhJps8XVlPZbdI5ZArAUO,2024-09-13 03:12:24,android,152106,You Gotta Move - 2009 Mix,The Rolling Stones,Sticky Fingers,trackdone,trackdone,TRUE,FALSE
7Ho3T7ERfooiAfvODaMQ2N,2024-09-13 03:14:56,android,151280,Rock And Roll Music - Remastered 2009,The Beatles,Beatles For Sale - Remastered,trackdone,trackdone,TRUE,FALSE
1evEO1ep4O4XDklg3baSqp,2024-09-13 03:19:24,android,267120,Age of Light,The Mud Howlers,Timeliness,trackdone,trackdone,TRUE,FALSE
4z21jCYxdhnEfvgqGSKByQ,2024-09-13 03:25:12,android,347666,Kings And Queens,Thirty Seconds To Mars,This Is War,trackdone,trackdone,TRUE,FALSE
0gd50I2gKioJ59C827EdAY,2024-09-13 04:15:38,android,32795,I'm Happy Just To Dance With You - Remastered 2009,The Beatles,A Hard Day's Night,trackdone,logout,TRUE,FALSE
0gd50I2gKioJ59C827EdAY,2024-09-13 04:46:03,android,1434,I'm Happy Just To Dance With You - Remastered 2009,The Beatles,A Hard Day's Night,appload,fwdbtn,TRUE,TRUE
6etp4PrIt0TmZdo010fuZ7,2024-09-13 04:50:37,android,221120,Whoever She Is,The Maine,Can't Stop Won't Stop,fwdbtn,trackdone,TRUE,FALSE
1Eolhana7nKHYpcYpdVcT5,2024-09-13 05:32:01,android,18459,Little Wing,Jimi Hendrix,Axis: Bold As Love,trackdone,logout,TRUE,FALSE
1Eolhana7nKHYpcYpdVcT5,2024-09-13 06:50:28,android,128274,Little Wing,Jimi Hendrix,Axis: Bold As Love,appload,trackdone,TRUE,FALSE
2ULL3VZf4WwBKO4vjwT7Bg,2024-09-13 06:53:29,android,180133,Sloop John B,The Beach Boys,Pet Sounds,trackdone,trackdone,TRUE,FALSE
0SMM9gTpeJqaOE9iUwH3F8,2024-09-13 06:54:23,android,53316,Ride Into the Sun,Lou Reed,Lou Reed,trackdone,fwdbtn,TRUE,TRUE
6g4vHtdGqD5eEgpf7nKISk,2024-09-13 06:57:59,android,177360,Don't Ask Me Why,Billy Joel,Glass Houses,fwdbtn,trackdone,TRUE,FALSE
7iL6o9tox1zgHpKUfh9vuC,2024-09-13 07:01:13,android,193466,In Da Club,50 Cent,Get Rich Or Die Tryin',trackdone,trackdone,TRUE,FALSE
64MmobYNviePoiaINMrbMn,2024-09-13 07:11:33,android,11470,Shots,Imagine Dragons,Smoke + Mirrors,trackdone,logout,TRUE,FALSE
64MmobYNviePoiaINMrbMn,2024-09-14 04:43:26,android,3176,Shots,Imagine Dragons,Smoke + Mirrors,appload,logout,TRUE,FALSE
64MmobYNviePoiaINMrbMn,2024-09-14 19:55:06,android,219921,Shots,Imagine Dragons,Smoke + Mirrors,remote,trackdone,TRUE,FALSE
4IYEJEpx1OvE4iKjQCiNcI,2024-09-14 19:55:19,android,11346,Going Down,Lou Reed,Lou Reed,trackdone,fwdbtn,TRUE,TRUE
2TVxnKdb3tqe1nhQWwwZCO,2024-09-14 20:01:35,android,377093,Tiny Dancer,Elton John,Madman Across The Water,fwdbtn,trackdone,TRUE,FALSE
4cQIbDqCZrHknxlDUjRHZ0,2024-09-14 21:17:11,android,100487,Supersoaker,Kings of Leon,Mechanical Bull (Expanded Edition),trackdone,logout,TRUE,FALSE
4cQIbDqCZrHknxlDUjRHZ0,2024-09-14 22:56:27,android,130796,Supersoaker,Kings of Leon,Mechanical Bull (Expanded Edition),appload,trackdone,TRUE,FALSE
5HWVpUfQaK3anCJ4Eq4urP,2024-09-14 23:00:01,android,213266,Blame It On The Girls,MIKA,The Boy Who Knew Too Much,trackdone,trackdone,TRUE,FALSE
2RttW7RAu5nOAfq6YFvApB,2024-09-14 23:03:47,android,207520,Happier,Ed Sheeran,÷,trackdone,trackdone,TRUE,FALSE
1Vk4yRsz0iBzDiZEoFMQyv,2024-09-14 23:04:22,android,34114,Mia & Sebastian’s Theme,Justin Hurwitz,La La Land,trackdone,fwdbtn,TRUE,TRUE
3JIqogHHQIQW1uJ5Yivb88,2024-09-14 23:04:25,android,3072,Otherside (feat. Fences) [Ryan Lewis Remix],Macklemore & Ryan Lewis,VS. Redux,fwdbtn,fwdbtn,TRUE,TRUE
7j91Me4PB3CLhuL4PKH9G8,2024-09-14 23:08:16,android,212857,We Are Golden,MIKA,The Boy Who Knew Too Much,fwdbtn,endplay,TRUE,TRUE
7j91Me4PB3CLhuL4PKH9G8,2024-09-14 23:54:51,android,26028,We Are Golden,MIKA,The Boy Who Knew Too Much,appload,trackdone,TRUE,FALSE
5yZQXR98v0kvhYQ7Adn8PK,2024-09-14 23:57:03,android,131866,Good Rockin' Tonight,Elvis Presley,Platinum - A Life In Music,trackdone,trackdone,TRUE,FALSE
41sMIRH4WBcDKIDw8RJUlc,2024-09-14 23:59:42,android,158573,Countdown,The Black Keys,The Big Come Up,trackerror,trackdone,TRUE,FALSE
6ie2Bw3xLj2JcGowOlcMhb,2024-09-15 00:12:06,android,234652,Green Light,Lorde,Melodrama,trackdone,trackdone,TRUE,FALSE
2foU3yN5SE5IUasPTs91YV,2024-09-15 00:40:18,android,38451,Out Of My Mind,The Killers,Wonderful Wonderful,trackdone,logout,TRUE,FALSE
2foU3yN5SE5IUasPTs91YV,2024-09-15 01:05:03,android,186237,Out Of My Mind,The Killers,Wonderful Wonderful,appload,trackdone,TRUE,FALSE
1Tu5fpEjGl78R4mA6pQ7Tk,2024-09-15 01:08:44,android,219946,I Don't Care (with Justin Bieber),Ed Sheeran,No.6 Collaborations Project,trackdone,trackdone,TRUE,FALSE
4439Mou4sRGUKSXpXBUOT2,2024-09-15 01:23:23,android,152610,Deep Is Love,The Band Of Heathens,Duende,trackdone,logout,TRUE,FALSE
4439Mou4sRGUKSXpXBUOT2,2024-09-15 22:57:25,android,228426,Deep Is Love,The Band Of Heathens,Duende,appload,trackdone,TRUE,FALSE
6KPaX2zvWAOXYZjvhqdQZj,2024-09-15 23:02:01,android,246253,Whispered Words (Pretty Lies),Dan Auerbach,Keep It Hid,trackdone,trackdone,TRUE,FALSE
74z9AsqO74WCnX3BlvbGAL,2024-09-15 23:05:34,android,213026,Obviously Five Believers,Bob Dylan,Blonde On Blonde,trackdone,trackdone,TRUE,FALSE
4DR5MStkWtDYf17jBUOo0V,2024-09-15 23:08:50,android,195333,Little Green Bag,George Baker Selection,The Tarantino Connection,trackdone,trackdone,TRUE,FALSE
5SwgE4wA0P7f6AEz2UQMB2,2024-09-15 23:10:36,android,94667,Uncle Albert / Admiral Halsey - Medley / 2012 Remaster,Paul McCartney,Ram,trackdone,endplay,TRUE,TRUE
5SwgE4wA0P7f6AEz2UQMB2,2024-09-16 00:09:07,android,201268,Uncle Albert / Admiral Halsey - Medley / 2012 Remaster,Paul McCartney,Ram,appload,trackdone,TRUE,FALSE
3N8RnWuuvGpozWyeqgGvU7,2024-09-16 00:11:36,android,120362,You're the One,The Vogues,At CO & CE - the Complete Singles & More,trackdone,endplay,TRUE,TRUE
3N8RnWuuvGpozWyeqgGvU7,2024-09-16 01:02:13,android,25672,You're the One,The Vogues,At CO & CE - the Complete Singles & More,appload,trackdone,TRUE,FALSE
0JC3C0VyfdXOWGvs49D0S6,2024-09-16 01:03:42,android,87617,There Is No Time,Lou Reed,New York,trackdone,fwdbtn,TRUE,TRUE
5dpRJkvY8oWMQmQbEQTXhO,2024-09-16 01:03:46,android,3804,For You Blue - Remastered 2009,The Beatles,Let It Be,fwdbtn,fwdbtn,TRUE,TRUE
38MS1Ch2ckFL4O29UVg7Nh,2024-09-16 01:04:14,android,28414,Dopamine,Franc Moody,Dance Moves,fwdbtn,fwdbtn,TRUE,TRUE
19bzCjckArU2NZs9Ue3Dc2,2024-09-16 01:04:17,android,2997,Hunt You Down/Naked/C-Link,Paul McCartney,Egypt Station,fwdbtn,fwdbtn,TRUE,TRUE
5xZjfKSfTooDP2rcAgjxlH,2024-09-16 01:08:54,android,278373,Carry On,fun.,Some Nights,fwdbtn,trackdone,TRUE,FALSE
2a6lmAMwH4RjNGDY01kytd,2024-09-16 01:09:09,android,13115,Greenback Boogie,Ima Robot,Greenback Boogie,trackdone,fwdbtn,TRUE,TRUE
5lIFsEWj9IjNEALbHnPosE,2024-09-16 01:09:16,android,6929,Up with the Birds,Coldplay,Mylo Xyloto,fwdbtn,fwdbtn,TRUE,TRUE
6W35n1UlkvqhfMZstB4BXs,2024-09-16 01:09:19,android,2350,Being For The Benefit Of Mr. Kite! - Remastered 2009,The Beatles,Sgt. Pepper's Lonely Hearts Club Band,fwdbtn,fwdbtn,TRUE,TRUE
50xwQXPtfNZFKFeZ0XePWc,2024-09-16 01:09:21,android,2137,Yellow Submarine - Remastered 2009,The Beatles,Revolver,fwdbtn,fwdbtn,TRUE,TRUE
3YllcvA3PW1DUwjckCVjIw,2024-09-16 01:09:23,android,2113,I Was Born To Love You,Ray LaMontagne,MONOVISION,fwdbtn,backbtn,TRUE,TRUE
50xwQXPtfNZFKFeZ0XePWc,2024-09-16 01:12:01,android,158880,Yellow Submarine - Remastered 2009,The Beatles,Revolver,backbtn,trackdone,TRUE,FALSE
3YllcvA3PW1DUwjckCVjIw,2024-09-16 01:16:14,android,251933,I Was Born To Love You,Ray LaMontagne,MONOVISION,trackdone,trackdone,TRUE,FALSE
3omXshBamrREltcf24gYDC,2024-09-16 02:06:36,android,40542,First,Cold War Kids,Hold My Home,trackdone,logout,TRUE,FALSE
4zkVFDUVmZpib8E1z4c4Sa,2024-09-17 17:22:48,android,115293,Junk - Remastered 2011,Paul McCartney,McCartney,clickrow,trackdone,TRUE,FALSE
7DUTYJGWHalTp97kFDmU64,2024-09-17 17:27:51,android,302218,Dominoes,Paul McCartney,Egypt Station,trackdone,trackdone,TRUE,FALSE
0Nux6Q8aJZ1i4vUpPDBvlX,2024-09-17 17:32:16,android,264405,What Is Life (2014 Remaster),George Harrison,All Things Must Pass,trackdone,trackdone,TRUE,FALSE
7kipZd4tWx6Mu8kBgB2Z2r,2024-09-17 17:36:29,android,252773,God - Remastered 2010,John Lennon,Plastic Ono Band,trackdone,trackdone,TRUE,FALSE
0dJajOxc0azdm1r329IJ2g,2024-09-17 17:40:17,android,227320,All Those Years Ago,George Harrison,Somewhere in England,trackdone,trackdone,TRUE,FALSE
4D40ZlFAWsvX7lua1Kablh,2024-09-17 17:44:26,android,248360,Jet - 2010 Remaster,Paul McCartney,Band On The Run,trackdone,trackdone,TRUE,FALSE
7zE7VClzAEYa9nUDC950pT,2024-09-17 17:47:00,android,153413,Every Night - Remastered 2011,Paul McCartney,McCartney,trackdone,trackdone,TRUE,FALSE
0yFwE99GFtFLJmNiLvB9KX,2024-09-17 17:50:22,android,202146,Eat At Home - Remastered 2012,Paul McCartney,Ram,trackdone,trackdone,TRUE,FALSE
0gDyuX5rdHulQTUyrIdSR1,2024-09-17 17:53:11,android,168106,Oh My Love - Remastered 2010,John Lennon,Imagine,trackdone,trackdone,TRUE,FALSE
5SwgE4wA0P7f6AEz2UQMB2,2024-09-17 17:58:07,android,295146,Uncle Albert / Admiral Halsey - Medley / 2012 Remaster,Paul McCartney,Ram,trackdone,trackdone,TRUE,FALSE
6qZMXw0fs9qI8b4Nl9ntEQ,2024-09-17 18:03:05,android,149586,Ram On - Remastered 2012,Paul McCartney,Ram,trackdone,trackdone,TRUE,FALSE
7afDukwRRDs0rmg3leQ8ti,2024-09-17 18:09:24,android,111592,Monkberry Moon Delight - Remastered 2012,Paul McCartney,Ram,trackdone,unknown,TRUE,FALSE
7afDukwRRDs0rmg3leQ8ti,2024-09-17 18:13:57,android,213439,Monkberry Moon Delight - Remastered 2012,Paul McCartney,Ram,remote,trackdone,TRUE,FALSE
2i04VnXg1v18K0dw7DqOt1,2024-09-17 18:15:03,android,42701,I Don't Know,Paul McCartney,Egypt Station,trackdone,unknown,TRUE,FALSE
2i04VnXg1v18K0dw7DqOt1,2024-09-17 18:24:31,android,225223,I Don't Know,Paul McCartney,Egypt Station,remote,trackdone,TRUE,FALSE
1AGridgU0QAWZykQReGWk5,2024-09-17 21:30:55,android,50326,All Things Must Pass (2014 Remaster),George Harrison,All Things Must Pass,trackdone,unexpected-exit-while-paused,TRUE,FALSE
1AGridgU0QAWZykQReGWk5,2024-09-17 22:24:26,android,176542,All Things Must Pass (2014 Remaster),George Harrison,All Things Must Pass,appload,trackdone,TRUE,FALSE
2ClxShq7gqoVRQBTS8atFR,2024-09-17 22:27:39,android,192262,Winter Bird / When Winter Comes,Paul McCartney,McCartney III,trackdone,trackdone,TRUE,FALSE
0JSSvxGMpEBnsDbs9BlM6R,2024-09-17 22:33:52,android,348986,Picasso’s Last Words (Drink to Me) - 2010 Remaster,Paul McCartney,Band On The Run,trackdone,trackdone,TRUE,FALSE
1BrbXIJ7b161oQ0PfC0K32,2024-09-17 22:37:26,android,212933,Woman - Remastered 2010,John Lennon,Double Fantasy,trackdone,trackdone,TRUE,FALSE
1H4idkmruFoJBg1DvUv2tY,2024-09-17 23:05:36,android,313026,Band On The Run - 2010 Remaster,Paul McCartney,Band On The Run,trackdone,trackdone,TRUE,FALSE
0ft7ppZbtp4diHB91RimIJ,2024-09-17 23:08:25,android,168044,Awaiting on You All (2014 Remaster),George Harrison,All Things Must Pass,trackdone,trackdone,TRUE,FALSE
5ct5gaiaobb1p9JmWluGFw,2024-09-17 23:11:59,android,214111,Happy With You,Paul McCartney,Egypt Station,trackdone,trackdone,TRUE,FALSE
1yKQBy7olMIqRpziyAzf8c,2024-09-17 23:15:47,android,227933,Working Class Hero - Remastered 2010,John Lennon,Plastic Ono Band,trackdone,trackdone,TRUE,FALSE
3sRQJYlA7P4oIRUwy8Im9r,2024-09-17 23:18:40,android,172253,Isolation - Remastered 2010,John Lennon,Plastic Ono Band,trackdone,trackdone,TRUE,FALSE
3lApcJC16V67JIJE7CCfth,2024-09-17 23:22:51,android,250666,Too Many People - Remastered 2012,Paul McCartney,Ram,trackdone,trackdone,TRUE,FALSE
6YU1CWbu43zkv21W0FyN10,2024-09-17 23:26:29,android,217746,I Live for You (2014 Remaster),George Harrison,All Things Must Pass,trackdone,trackdone,TRUE,FALSE
7xsr2OppItxPB4whucYr2G,2024-09-17 23:32:09,android,339186,How Do You Sleep? - Remastered 2010,John Lennon,Imagine,trackdone,trackdone,TRUE,FALSE
76xAOc4zSWzmUbWXw5ARHI,2024-09-17 23:35:10,android,180773,Pretty Boys,Paul McCartney,McCartney III,trackdone,trackdone,TRUE,FALSE
43Ud1IajwtBvw6ONj6aK2Q,2024-09-17 23:40:47,android,336306,Mother - Remastered 2010,John Lennon,Plastic Ono Band,trackdone,trackdone,TRUE,FALSE
5zWre4bc1WWXaKpmaZguPd,2024-09-17 23:45:11,android,263280,Tug Of War - Remixed 2015,Paul McCartney,Tug Of War,trackdone,trackdone,TRUE,FALSE
6k5W7fsr5cKVmyjCZnzk2H,2024-09-17 23:47:35,android,144293,Teddy Boy - Remastered 2011,Paul McCartney,McCartney,trackdone,trackdone,TRUE,FALSE
5LSss5LIF1zQKKZJ29ZYbS,2024-09-17 23:50:15,android,158613,That Would Be Something - Remastered 2011,Paul McCartney,McCartney,trackdone,trackdone,TRUE,FALSE
3jy5qC35tadeX65WWvAS1M,2024-09-17 23:53:54,android,219106,One Of These Days - Remastered 2011,Paul McCartney,McCartney II,trackdone,trackdone,TRUE,FALSE
5CG4RXjli90Zd1KDalPqeK,2024-09-17 23:57:47,android,232626,Crippled Inside - Remastered 2010,John Lennon,Imagine,trackdone,trackdone,TRUE,FALSE
04meQOdHsGUMmlgLHmq0Is,2024-09-18 00:01:19,android,210726,If Not for You (2014 Remaster),George Harrison,All Things Must Pass,trackdone,trackdone,TRUE,FALSE
4bN43jYf41eIjJZ3UXQpuA,2024-09-18 00:03:11,android,112040,Hold On - Remastered 2010,John Lennon,Plastic Ono Band,trackdone,trackdone,TRUE,FALSE
2y6mh0Q1gZC7BKThkY92bh,2024-09-18 00:06:16,android,184678,Confidante,Paul McCartney,Egypt Station,trackdone,trackdone,TRUE,FALSE
2t2gZb03AlCSlBzbWeeHsM,2024-09-18 00:10:33,android,256053,Take It Away - Remixed 2015,Paul McCartney,Tug Of War,trackdone,trackdone,TRUE,FALSE
2Vy7Ly22pMm4d5xax6gEwG,2024-09-18 00:14:26,android,232666,Smile Away - Remastered 2012,Paul McCartney,Ram,trackdone,trackdone,TRUE,FALSE
3r7fNAyIDaC65laCIMW5JU,2024-09-18 00:19:17,android,290893,Mamunia - 2010 Remaster,Paul McCartney,Band On The Run,trackdone,trackdone,TRUE,FALSE
7pKfPomDEeI4TPT6EOYjn9,2024-09-18 00:22:26,android,187866,Imagine - Remastered 2010,John Lennon,Imagine,trackdone,trackdone,TRUE,FALSE
6g4yCs8FvfkI3H8F79VU8X,2024-09-18 00:26:56,android,270173,Just Because - Remastered 2010,John Lennon,Rock 'N' Roll,trackdone,trackdone,TRUE,FALSE
3LhjNv5iXXelvLVxn1s5Di,2024-09-18 00:29:55,android,178160,Man We Was Lonely - Remastered 2011,Paul McCartney,McCartney,trackdone,trackdone,TRUE,FALSE
3D9iV6cYkYJRAPFO6DRKIE,2024-09-18 00:34:13,android,257786,Jealous Guy - Remastered 2010,John Lennon,Imagine,trackdone,trackdone,TRUE,FALSE
0mRQp2HsSqX1MZuMvonAPN,2024-09-18 00:39:04,android,289813,Let Me Roll It - 2010 Remaster,Paul McCartney,Band On The Run,trackdone,trackdone,TRUE,FALSE
61cIyn6vWbDDDGUY70o4t4,2024-09-18 00:41:40,android,155480,No Words - 2010 Remaster,Paul McCartney,Band On The Run,trackdone,trackdone,TRUE,FALSE
0QtnwXDziZN1K55fXuLN6q,2024-09-18 00:44:09,android,148853,Here Today - Remixed 2015,Paul McCartney,Tug Of War,trackdone,trackdone,TRUE,FALSE
1yxJyuOyBzOXbGDAZtT7BD,2024-09-18 00:45:28,android,22783,Who Cares,Paul McCartney,Egypt Station,trackdone,logout,TRUE,FALSE
1yxJyuOyBzOXbGDAZtT7BD,2024-09-18 21:23:03,android,170463,Who Cares,Paul McCartney,Egypt Station,appload,trackdone,TRUE,FALSE
4IJovoHQkKgwmH9SzAKcB8,2024-09-18 21:27:37,android,272960,Remember - Remastered 2010,John Lennon,Plastic Ono Band,trackdone,trackdone,TRUE,FALSE
3d2oiHuHm3rftzRDPeL5LU,2024-09-18 21:30:55,android,197813,Gimme Some Truth - Remastered 2010,John Lennon,Imagine,trackdone,trackdone,TRUE,FALSE
3ntrdR24dLkKrzSGRv1FlH,2024-09-18 21:34:27,android,211666,Stand By Me - Remastered 2010,John Lennon,Rock 'N' Roll,trackdone,trackdone,TRUE,FALSE
1Hp4Ee9PGjB1YFWJs87PIe,2024-09-19 00:39:43,android,228053,Queenie Eye,Paul McCartney,NEW,trackdone,trackdone,TRUE,FALSE
1Qa0Y05al633fG8f9Peytc,2024-09-19 00:43:34,android,229826,Maybe I’m Amazed - Remastered 2011,Paul McCartney,McCartney,trackdone,trackdone,TRUE,FALSE
3KNRbEm4Dvp3rqXBCNayDy,2024-09-19 00:46:27,android,172506,Nobody Knows - Remastered 2011,Paul McCartney,McCartney II,trackdone,trackdone,TRUE,FALSE
4zkVFDUVmZpib8E1z4c4Sa,2024-09-19 00:48:23,android,115293,Junk - Remastered 2011,Paul McCartney,McCartney,trackdone,trackdone,TRUE,FALSE
7DUTYJGWHalTp97kFDmU64,2024-09-19 00:53:25,android,302218,Dominoes,Paul McCartney,Egypt Station,trackdone,trackdone,TRUE,FALSE
0Nux6Q8aJZ1i4vUpPDBvlX,2024-09-19 00:57:48,android,233292,What Is Life (2014 Remaster),George Harrison,All Things Must Pass,trackdone,unknown,TRUE,FALSE
0Nux6Q8aJZ1i4vUpPDBvlX,2024-09-19 01:46:33,android,31941,What Is Life (2014 Remaster),George Harrison,All Things Must Pass,remote,trackdone,TRUE,FALSE
7kipZd4tWx6Mu8kBgB2Z2r,2024-09-19 01:50:47,android,252773,God - Remastered 2010,John Lennon,Plastic Ono Band,trackdone,trackdone,TRUE,FALSE
0dJajOxc0azdm1r329IJ2g,2024-09-19 01:54:35,android,227320,All Those Years Ago,George Harrison,Somewhere in England,trackdone,trackdone,TRUE,FALSE
4D40ZlFAWsvX7lua1Kablh,2024-09-19 01:56:05,android,63625,Jet - 2010 Remaster,Paul McCartney,Band On The Run,trackdone,unknown,TRUE,FALSE
7zE7VClzAEYa9nUDC950pT,2024-09-19 02:45:48,android,153413,Every Night - Remastered 2011,Paul McCartney,McCartney,fwdbtn,trackdone,TRUE,FALSE
0yFwE99GFtFLJmNiLvB9KX,2024-09-19 02:49:11,android,202146,Eat At Home - Remastered 2012,Paul McCartney,Ram,trackdone,trackdone,TRUE,FALSE
0gDyuX5rdHulQTUyrIdSR1,2024-09-19 03:05:37,android,22920,Oh My Love - Remastered 2010,John Lennon,Imagine,trackdone,logout,TRUE,FALSE
2rHUyJioDOKDshDDxzbISl,2024-09-19 23:04:39,android,184156,Espresso - Mark Ronson x FNZ Working Late Remix,Sabrina Carpenter,Espresso,clickrow,trackdone,FALSE,FALSE
480j122Gpi252OIfy4SNzm,2024-09-19 23:08:48,android,248000,Yamore,MoBlack,Yamore,trackdone,trackdone,FALSE,FALSE
1PH8at6E0jy3rFPH66aH9m,2024-09-19 23:17:10,android,502286,Back Together (feat. Ron Carroll) - Classic Mix,Hardsoul,Back Together (feat. Ron Carroll),trackdone,trackdone,FALSE,FALSE
086LXhF8zjtpNbpVhGryF2,2024-09-19 23:21:48,android,276693,Automatic,Satin Jackets,Solar Nights,trackdone,trackdone,FALSE,FALSE
0oiv4E896TUTTeQU0cmIui,2024-09-19 23:27:25,android,336924,Massive,Drake,"Honestly, Nevermind",trackdone,trackdone,FALSE,FALSE
5lfWrciYtohtIMVDVZd0Rf,2024-09-19 23:32:47,android,229282,"Stay With Me (with Justin Timberlake, Halsey, & Pharrell)",Calvin Harris,"Stay With Me (with Justin Timberlake, Halsey, & Pharrell)",trackdone,trackdone,FALSE,FALSE
2P6QV6D4E3TxcYoYYz8ANJ,2024-09-19 23:40:39,android,471995,Blind - Frankie Knuckles Remix,Hercules & Love Affair,Blind,trackdone,trackdone,FALSE,FALSE
1NNYIYUdced7d0RE7nTbet,2024-09-19 23:44:35,android,235402,Take It From Me,Satin Jackets,Take It From Me,trackdone,trackdone,FALSE,FALSE
3uwHKoEEnapfzOPUQYPL0v,2024-09-19 23:52:32,android,476065,Most Precious Love - Michael Gray Extended Remix,Blaze,Most Precious Love,trackdone,trackdone,FALSE,FALSE
2o6Hvjsgsuz5kUxRapbMKI,2024-09-19 23:57:05,android,273049,Play,Purple Disco Machine,Soulmatic,trackdone,trackdone,FALSE,FALSE
66tkDkPsznE5zIHNt4QkXB,2024-09-20 00:01:16,android,249956,Tieduprightnow,Parcels,Tieduprightnow,trackdone,trackdone,FALSE,FALSE
4GAQbmK7JhS2BXk9lYloWV,2024-09-20 00:05:42,android,265545,Cellophane - So Cruel,Miami Horror,All Possible Futures,trackdone,trackdone,FALSE,FALSE
6EDbh9lQr9DuZnPibOXgUp,2024-09-20 00:09:26,android,223466,Black and White,Paco Versailles,Dancemenco,trackdone,trackdone,FALSE,FALSE
5KLuaDgxoSzzBHt8RF0qz7,2024-09-20 00:13:35,android,248773,Amanecer,Bomba Estéreo,Amanecer,trackdone,trackdone,FALSE,FALSE
0srqmA11QZyqDk9rLSOM4d,2024-09-20 00:17:35,android,239333,ILYSB - Ferdinand Weber Remix,LANY,ILYSB (Ferdinand Weber Remix),trackdone,trackdone,FALSE,FALSE
6PuoZT4kgw5DrUEdnQ6e01,2024-09-20 00:21:15,android,219260,This Must Be The Place,Sure Sure,Sure Sure,trackdone,trackdone,FALSE,FALSE
3k3NWokhRRkEPhCzPmV8TW,2024-09-20 00:36:37,android,60002,Ojitos Lindos,Bad Bunny,Un Verano Sin Ti,trackdone,unexpected-exit,FALSE,FALSE
3k3NWokhRRkEPhCzPmV8TW,2024-09-20 00:40:55,android,256647,Ojitos Lindos,Bad Bunny,Un Verano Sin Ti,appload,trackdone,FALSE,FALSE
6RTbaJ1qPp6Jjy4OFuwid1,2024-09-20 00:44:51,android,235499,I'm With It,Satin Jackets,I'm With It,trackdone,trackdone,FALSE,FALSE
0L3XCv9i9IHs8cJEVhsJ3J,2024-09-20 00:50:49,android,357936,More Than A Woman - SG's Paradise Edit,Bee Gees,More Than A Woman,trackdone,trackdone,FALSE,FALSE
4Dvkj6JhhA12EX05fT7y2e,2024-09-20 00:53:37,android,167303,As It Was,Harry Styles,Harry's House,trackdone,trackdone,FALSE,FALSE
6ZHKeoIOkvmYUIfxHLtE2Z,2024-09-20 00:56:52,android,194160,Siesta Freestyle,Lewis OfMan,Dancy Party,trackdone,trackdone,FALSE,FALSE
6tS8RDCI7IcC8tf2BvR6np,2024-09-20 01:03:52,android,118413,Blanco Bootleg,Bruno Borlone,Blanco Bootleg,trackdone,trackdone,FALSE,FALSE
3OeHPk27py8JaMUqIebznh,2024-09-20 01:07:47,android,234493,Around The Sun,Poolside,Low Season,trackdone,trackdone,FALSE,FALSE
0E0DRHf5PfMeor0ZCwB3oT,2024-09-20 01:11:51,android,244443,Otro Atardecer,Bad Bunny,Un Verano Sin Ti,trackdone,trackdone,FALSE,FALSE
5X4OQwubdCpWeX2WcNH27w,2024-09-20 01:16:48,android,298536,Dreams (Deep Soul Mix),Ministry Of Funk,Soul Grooves II,trackdone,trackdone,FALSE,FALSE
0bRXwKfigvpKZUurwqAlEh,2024-09-20 01:20:50,android,254560,Lovely Day,Bill Withers,Menagerie,trackdone,trackdone,FALSE,FALSE
4DAaQ5InUO23d8yNRbB0Yj,2024-09-20 01:24:04,android,206073,6's to 9's,Big Wild,Superdream,trackdone,trackdone,FALSE,FALSE
0XMl0fVTh3PyPlwyJTn33n,2024-09-20 01:26:38,android,166005,Be Someone (feat. Ray X Ben),KVSH,Be Someone (feat. Ray X Ben),trackdone,trackdone,FALSE,FALSE
2GMo5c43OEo9MxJ6P0AGdz,2024-09-20 01:30:30,android,244378,Encore,Purple Disco Machine,Soulmatic,trackdone,trackdone,FALSE,FALSE
2pQJu37iItuenYXYNSY6St,2024-09-20 01:34:37,android,258229,Entre Palmeras,La Garfield,Todo Lo Rico,trackdone,trackdone,FALSE,FALSE
44ZKnfWEkp7wPs035j4Tua,2024-09-20 01:41:02,android,234369,Casio,Jungle,For Ever,trackdone,trackdone,FALSE,FALSE
4XTRWWCbB68WDeAHLfv2HP,2024-09-20 01:43:51,android,180960,Tus Ojos,Belanova,Cocktail,trackdone,trackdone,FALSE,FALSE
35U4PXL3W3XIkAjEUdhr36,2024-09-20 01:52:54,android,300121,Harvest Moon,Poolside,Pacific Standard Time,trackdone,unknown,FALSE,FALSE
35U4PXL3W3XIkAjEUdhr36,2024-09-20 17:24:41,android,69573,Harvest Moon,Poolside,Pacific Standard Time,appload,trackdone,FALSE,FALSE
5mCPDVBb16L4XQwDdbRUpz,2024-09-20 17:29:28,android,298940,Passionfruit,Drake,More Life,trackdone,trackdone,FALSE,FALSE
3QEYYJTIEd6Tv0HCrgHvri,2024-09-20 20:38:41,android,408800,Magic,Polo & Pan,Cyclorama,trackdone,trackdone,FALSE,FALSE
01DrXj5EAlZOeRUXihgtQE,2024-09-20 20:42:54,android,263859,Which Way To Paradise,Poolside,Heat,trackdone,trackdone,FALSE,FALSE
1PckUlxKqWQs3RlWXVBLw3,2024-09-20 20:57:08,android,191822,About Damn Time,Lizzo,About Damn Time,trackdone,trackdone,FALSE,FALSE
6xE6ZWzK1YDDSYzqOCoQlz,2024-09-20 21:01:50,android,270066,Last Train to London,Electric Light Orchestra,Discovery,trackdone,trackdone,FALSE,FALSE
1btQN0JRiAzQxdKdJXADUh,2024-09-20 21:07:35,android,318461,Leila - Poolside Remix,Miami Horror,Leila,trackdone,trackdone,FALSE,FALSE
0jGVEPscW8KmqktoHqv2Pa,2024-09-20 21:08:51,android,83833,Sunrise,Simply Red,Sunrise European Single,trackdone,unknown,FALSE,FALSE
0jGVEPscW8KmqktoHqv2Pa,2024-09-20 22:39:39,android,116361,Sunrise,Simply Red,Sunrise European Single,remote,trackdone,FALSE,FALSE
2ezQq2qWhGO6J6q5JwC50d,2024-09-20 22:42:29,android,182040,All Of The Time,Jungle,Loving In Stereo,trackdone,trackdone,FALSE,FALSE
5kVZxyMY1gfdCLiChsfjn1,2024-09-20 22:46:08,android,230704,Yo No Soy Celoso,Bad Bunny,Un Verano Sin Ti,trackdone,trackdone,FALSE,FALSE
4HqxTpbXpLO1jgKJppk8Gl,2024-09-20 22:50:25,android,269258,"Oh, Loretta!",Sex on Toast,"Oh, Loretta!",trackdone,trackdone,FALSE,FALSE
1UdzJEpgJxtuXAlCOvD4S0,2024-09-20 22:52:53,android,159849,Fuera del mercado,Danny Ocean,@dannocean,trackdone,trackdone,FALSE,FALSE
4jAIqgrPjKLTY9Gbez25Qb,2024-09-20 23:29:55,android,172213,Lights Up,Harry Styles,Fine Line,trackdone,trackdone,FALSE,FALSE
1RRlUJMxjp2FmkTExBT2T7,2024-09-20 23:29:55,android,11067,Fkn Around (feat. Megan Thee Stallion),Phony Ppl,Fkn Around (feat. Megan Thee Stallion),trackdone,logout,FALSE,FALSE
1RRlUJMxjp2FmkTExBT2T7,2024-09-21 00:09:24,android,232271,Fkn Around (feat. Megan Thee Stallion),Phony Ppl,Fkn Around (feat. Megan Thee Stallion),appload,trackdone,FALSE,FALSE
2I4AhSWdVku2SQsJXiIci6,2024-09-21 00:09:24,android,8433,Hanoï café,Bleu Toucan,Origami,trackdone,logout,FALSE,FALSE
2I4AhSWdVku2SQsJXiIci6,2024-09-21 04:23:30,android,19613,Hanoï café,Bleu Toucan,Origami,appload,fwdbtn,FALSE,TRUE
0iMhQB3iXc3I4Ef1261lrr,2024-09-21 04:23:31,android,706,Espérame (feat. Elastic Bond),Los Amigos Invisibles,El Paradise,fwdbtn,fwdbtn,FALSE,TRUE
1mbuSss0OVqfS00y7yCNCZ,2024-09-21 04:23:34,android,3071,Ruthless,The Marías,"Superclean, Vol. II",fwdbtn,fwdbtn,FALSE,TRUE
3fskmbfwbp3Qx0fqaYDMbn,2024-09-21 04:25:24,android,101672,Can't Stop The Stars,Jungle,Loving In Stereo,fwdbtn,fwdbtn,FALSE,TRUE
3VT2WolplCglmbxCdiFy5A,2024-09-21 04:25:54,android,8700,Northern Lights,Satin Jackets,Northern Lights,fwdbtn,fwdbtn,FALSE,TRUE
0qiz1TZkuI3NEgKDmxCMDp,2024-09-21 04:30:35,android,284327,When We Break,Total Giovanni,When We Break,fwdbtn,trackdone,FALSE,FALSE
76gUmNLXGQVOsGhfcshkFP,2024-09-21 04:33:48,android,205162,Madiba Riddim,Drake,More Life,trackdone,trackdone,FALSE,FALSE
3zNNXjjjeLrzIXSJZKalDi,2024-09-21 04:35:13,android,94107,I Follow Rivers - The Magician Remix,Lykke Li,Wounded Rhymes,trackdone,endplay,FALSE,TRUE
2vMQmBmcmFsdLQQgXl3PtE,2024-09-21 04:38:31,android,166053,Waterloo,ABBA,Waterloo,clickrow,trackdone,TRUE,FALSE
40V54Cj1JFSTpaJi8UikZE,2024-09-21 04:44:07,android,347800,Radio Ga Ga,Queen,The Works,trackdone,trackdone,TRUE,FALSE
7BvuV4c1BGhaRapcXvRu5z,2024-09-21 04:47:00,android,185026,You Might Think,The Cars,Heartbeat City,trackdone,trackdone,TRUE,FALSE
2Hh5bVMx6OXwnDTExj1qdW,2024-09-21 04:51:24,android,276133,Put Your Life on It,Kasabian,For Crying Out Loud (Deluxe),trackdone,trackdone,TRUE,FALSE
5IMtdHjJ1OtkxbGe4zfUxQ,2024-09-21 04:55:48,android,276493,Escape (The Pina Colada Song),Rupert Holmes,Partners In Crime,trackdone,trackdone,TRUE,FALSE
4ZoBC5MhSEzuknIgAkBaoT,2024-09-21 05:00:20,android,284000,My Life,Billy Joel,52nd Street,trackdone,trackdone,TRUE,FALSE
4w3tQBXhn5345eUXDGBWZG,2024-09-21 05:02:51,android,162466,9 to 5,Dolly Parton,9 To 5 And Odd Jobs,trackdone,trackdone,TRUE,FALSE
2Cy7QY8HPLk925AyNAt6OG,2024-09-21 05:06:01,android,202853,Black or White - Single Version,Michael Jackson,The Essential Michael Jackson,trackdone,trackdone,TRUE,FALSE
2RlgNHKcydI9sayD2Df2xp,2024-09-21 05:10:53,android,303373,Mr. Blue Sky,Electric Light Orchestra,Out of the Blue,trackdone,trackdone,TRUE,FALSE
54ZMu7omgz5h9xNbkGkAFG,2024-09-21 05:13:29,android,168080,Superdeli,Caloncho,Tofu,trackdone,trackdone,TRUE,FALSE
2OSfEYKhlSsLx6vn4O75RK,2024-09-21 05:16:16,android,178493,I Want You Back,The Jackson 5,Greatest Hits,trackdone,trackdone,TRUE,FALSE
0GjEhVFGZW8afUYGChu3Rr,2024-09-21 05:19:54,android,230400,Dancing Queen,ABBA,Arrival,trackdone,trackdone,TRUE,FALSE
1NoWKTDd0FnhUiIevfCU7u,2024-09-21 05:22:32,android,169853,Waiting on a Song,Dan Auerbach,Waiting on a Song,trackdone,trackdone,TRUE,FALSE
39S2xu12I1IwMVqSvoORSh,2024-09-21 05:25:52,android,211862,Brother Love's Travelling Salvation Show,Neil Diamond,Brother Love's Travelling Salvation Show,trackdone,trackdone,TRUE,FALSE
6kCJMxv445L2okuTiou1fR,2024-09-21 05:29:29,android,229200,Tell Her About It,Billy Joel,An Innocent Man,trackdone,trackdone,TRUE,FALSE
20OFwXhEXf12DzwXmaV7fj,2024-09-21 05:31:39,android,141600,Bad Moon Rising,Creedence Clearwater Revival,Green River,trackdone,trackdone,TRUE,FALSE
5Wj1rJnCLpMHdLaxsFtJLs,2024-09-21 05:36:49,android,322548,Bennie And The Jets - Remastered 2014,Elton John,Goodbye Yellow Brick Road - Remastered,trackdone,trackdone,TRUE,FALSE
60m29Z8TtocKOqDlQEbwUS,2024-09-21 05:40:18,android,221040,The Entertainer,Billy Joel,Streetlife Serenade,trackdone,trackdone,TRUE,FALSE
3Cx4yrFaX8CeHwBMReOWXI,2024-09-21 05:44:54,android,287733,We Didn't Start the Fire,Billy Joel,Storm Front,trackdone,trackdone,TRUE,FALSE
5CG4RXjli90Zd1KDalPqeK,2024-09-21 05:48:34,android,232626,Crippled Inside - Remastered 2010,John Lennon,Imagine,trackdone,trackdone,TRUE,FALSE
0o1itZURoZ70rgXiLijzB0,2024-09-21 05:51:40,android,197760,Jambalaya (On The Bayou),John Fogerty,The Blue Ridge Rangers,trackdone,trackdone,TRUE,FALSE
1jDJFeK9x3OZboIAHsY9k2,2024-09-21 05:54:32,android,183440,I'm Still Standing,Elton John,Too Low For Zero,trackdone,trackdone,TRUE,FALSE
1b7LMtXCXGc2EwOIplI35z,2024-09-21 05:57:43,android,203893,Stuck In The Middle With You,Stealers Wheel,Reservoir Dogs,trackdone,trackdone,TRUE,FALSE
2jNCofCae2Txs2zaegNLOt,2024-09-21 06:01:01,android,209160,Don't Stop Me Now,Queen,Jazz,trackdone,trackdone,TRUE,FALSE
3gdewACMIVMEWVbyb8O9sY,2024-09-21 06:05:30,android,281613,"Rocket Man (I Think It's Going To Be A Long, Long Time)",Elton John,Honky Chateau,trackdone,trackdone,TRUE,FALSE
6xdLJrVj4vIXwhuG8TMopk,2024-09-21 06:22:30,android,147849,Crazy Little Thing Called Love - Remastered 2011,Queen,The Game,trackdone,logout,TRUE,FALSE
1PH8at6E0jy3rFPH66aH9m,2024-09-21 22:24:55,android,39570,Back Together (feat. Ron Carroll) - Classic Mix,Hardsoul,Back Together (feat. Ron Carroll),clickrow,fwdbtn,FALSE,TRUE
086LXhF8zjtpNbpVhGryF2,2024-09-21 22:25:18,android,11940,Automatic,Satin Jackets,Solar Nights,fwdbtn,fwdbtn,FALSE,TRUE
0oiv4E896TUTTeQU0cmIui,2024-09-21 22:25:35,android,16906,Massive,Drake,"Honestly, Nevermind",fwdbtn,fwdbtn,FALSE,TRUE
5lfWrciYtohtIMVDVZd0Rf,2024-09-21 22:27:35,android,99400,"Stay With Me (with Justin Timberlake, Halsey, & Pharrell)",Calvin Harris,"Stay With Me (with Justin Timberlake, Halsey, & Pharrell)",fwdbtn,logout,FALSE,FALSE
2P6QV6D4E3TxcYoYYz8ANJ,2024-09-21 22:27:46,android,8141,Blind - Frankie Knuckles Remix,Hercules & Love Affair,Blind,fwdbtn,fwdbtn,FALSE,TRUE
1NNYIYUdced7d0RE7nTbet,2024-09-21 22:31:39,android,235402,Take It From Me,Satin Jackets,Take It From Me,fwdbtn,trackdone,FALSE,FALSE
3uwHKoEEnapfzOPUQYPL0v,2024-09-21 22:45:18,android,165217,Most Precious Love - Michael Gray Extended Remix,Blaze,Most Precious Love,trackdone,logout,FALSE,FALSE
3uwHKoEEnapfzOPUQYPL0v,2024-09-21 23:17:56,android,28077,Most Precious Love - Michael Gray Extended Remix,Blaze,Most Precious Love,appload,endplay,FALSE,TRUE
7FCiDC7ojdm19CJePq6QAe,2024-09-21 23:19:27,android,93356,Vera,Pink Floyd,The Wall,playbtn,trackdone,TRUE,FALSE
4MmiBCpdYhJvVU5EjNEnst,2024-09-21 23:21:13,android,95206,The River,Liam Gallagher,Why Me? Why Not.,trackdone,endplay,TRUE,TRUE
4MmiBCpdYhJvVU5EjNEnst,2024-09-21 23:38:28,android,3620,The River,Liam Gallagher,Why Me? Why Not.,remote,endplay,TRUE,TRUE
4MmiBCpdYhJvVU5EjNEnst,2024-09-21 23:40:17,android,112468,The River,Liam Gallagher,Why Me? Why Not.,remote,trackdone,TRUE,FALSE
3Zwu2K0Qa5sT6teCCHPShP,2024-09-21 23:48:30,android,203506,Thnks fr th Mmrs,Fall Out Boy,Infinity On High,trackdone,trackdone,TRUE,FALSE
21s2FWRApO7LxvhunUoPNm,2024-09-21 23:52:07,android,185321,My Mind,Skegss,My Own Mess,trackdone,trackdone,TRUE,FALSE
2GSr8anleCXKLNjjjijoMZ,2024-09-21 23:52:07,android,9354,Yo Quisiera,Reik,Reik,trackdone,endplay,TRUE,TRUE
1kZklN5swy3NGwOf5NTICP,2024-09-22 01:11:03,android,244459,Feel Alright,Poolside,Heat,playbtn,trackdone,TRUE,FALSE
3RiRFyvasDtAv8n0AQUKFG,2024-09-22 01:14:45,android,230163,Feel My Needs - Purple Disco Machine Remix,WEISS,Feel My Needs (Purple Disco Machine Remix),trackdone,trackdone,TRUE,FALSE
1vMGIZbIkpaLSagdF2ygcV,2024-09-22 01:17:51,android,198305,Music Sounds Better with You,NEIL FRANCES,Music Sounds Better with You,trackdone,trackdone,TRUE,FALSE
4NpJL7yrDXaL5OGhvcPSi3,2024-09-22 01:21:40,android,240933,Forget,Karnaval Blues,Forget,trackdone,trackdone,TRUE,FALSE
6UelLqGlWMcVH1E5c4H7lY,2024-09-22 01:24:22,android,174000,Watermelon Sugar,Harry Styles,Fine Line,trackdone,trackdone,TRUE,FALSE
2UkX27EXS59qpKUXrMTZlK,2024-09-22 01:28:11,android,240640,Feel Good,Polo & Pan,Cyclorama,trackdone,trackdone,TRUE,FALSE
1xx7iMgSyLnbDUi170lVbb,2024-09-22 01:32:15,android,256645,Attention (with Justin Bieber) - Disclosure Remix,Omah Lay,Attention (with Justin Bieber),trackdone,trackdone,TRUE,FALSE
7u7EEK1938YLwisU38x8j8,2024-09-22 01:37:22,android,266977,Move On,Satin Jackets,Move On,trackdone,trackdone,TRUE,FALSE
1UdzJEpgJxtuXAlCOvD4S0,2024-09-22 01:39:50,android,159849,Fuera del mercado,Danny Ocean,@dannocean,trackdone,trackdone,TRUE,FALSE
0L3XCv9i9IHs8cJEVhsJ3J,2024-09-22 01:45:35,android,357936,More Than A Woman - SG's Paradise Edit,Bee Gees,More Than A Woman,trackdone,trackdone,TRUE,FALSE
6EDbh9lQr9DuZnPibOXgUp,2024-09-22 01:49:07,android,223466,Black and White,Paco Versailles,Dancemenco,trackdone,trackdone,TRUE,FALSE
0jGVEPscW8KmqktoHqv2Pa,2024-09-22 01:52:15,android,200173,Sunrise,Simply Red,Sunrise European Single,trackdone,trackdone,TRUE,FALSE
1kZklN5swy3NGwOf5NTICP,2024-09-22 01:56:27,android,244459,Feel Alright,Poolside,Heat,trackdone,trackdone,TRUE,FALSE
5KLuaDgxoSzzBHt8RF0qz7,2024-09-22 02:00:24,android,248773,Amanecer,Bomba Estéreo,Amanecer,trackdone,trackdone,TRUE,FALSE
6d9UZvhiqIAmtZ6EIse1LW,2024-09-22 02:01:31,android,76006,At Night - Purple Disco Machine Extended Remix,Shakedown,At Night,trackdone,fwdbtn,TRUE,TRUE
6xE6ZWzK1YDDSYzqOCoQlz,2024-09-22 02:05:59,android,270066,Last Train to London,Electric Light Orchestra,Discovery,fwdbtn,trackdone,TRUE,FALSE
6tS8RDCI7IcC8tf2BvR6np,2024-09-22 02:07:38,android,97633,Blanco Bootleg,Bruno Borlone,Blanco Bootleg,trackdone,fwdbtn,TRUE,TRUE
0oiv4E896TUTTeQU0cmIui,2024-09-22 02:08:11,android,25708,Massive,Drake,"Honestly, Nevermind",fwdbtn,fwdbtn,TRUE,TRUE
2o6Hvjsgsuz5kUxRapbMKI,2024-09-22 02:08:12,android,1760,Play,Purple Disco Machine,Soulmatic,fwdbtn,backbtn,TRUE,TRUE
0oiv4E896TUTTeQU0cmIui,2024-09-22 02:13:47,android,336924,Massive,Drake,"Honestly, Nevermind",backbtn,trackdone,TRUE,FALSE
2o6Hvjsgsuz5kUxRapbMKI,2024-09-22 02:18:08,android,273049,Play,Purple Disco Machine,Soulmatic,trackdone,trackdone,TRUE,FALSE
66tkDkPsznE5zIHNt4QkXB,2024-09-22 02:22:23,android,249956,Tieduprightnow,Parcels,Tieduprightnow,trackdone,trackdone,TRUE,FALSE
0E0DRHf5PfMeor0ZCwB3oT,2024-09-22 02:26:15,android,244444,Otro Atardecer,Bad Bunny,Un Verano Sin Ti,trackdone,trackdone,TRUE,FALSE
1xx7iMgSyLnbDUi170lVbb,2024-09-22 02:30:40,android,256645,Attention (with Justin Bieber) - Disclosure Remix,Omah Lay,Attention (with Justin Bieber),trackdone,trackdone,TRUE,FALSE
1PH8at6E0jy3rFPH66aH9m,2024-09-22 02:39:09,android,502286,Back Together (feat. Ron Carroll) - Classic Mix,Hardsoul,Back Together (feat. Ron Carroll),trackdone,trackdone,TRUE,FALSE
2ezQq2qWhGO6J6q5JwC50d,2024-09-22 02:41:59,android,182040,All Of The Time,Jungle,Loving In Stereo,trackdone,trackdone,TRUE,FALSE
1ggw9UUKZE9om4IUd0oVoo,2024-09-22 02:46:58,android,311518,Sad Girls - Dub Mix,TheDjLawyer,Sad Girls,trackdone,trackdone,TRUE,FALSE
2pQJu37iItuenYXYNSY6St,2024-09-22 02:51:05,android,258229,Entre Palmeras,La Garfield,Todo Lo Rico,trackdone,trackdone,TRUE,FALSE
3QEYYJTIEd6Tv0HCrgHvri,2024-09-22 02:55:13,android,257261,Magic,Polo & Pan,Cyclorama,trackdone,fwdbtn,TRUE,TRUE
4HqxTpbXpLO1jgKJppk8Gl,2024-09-22 02:55:15,android,2426,"Oh, Loretta!",Sex on Toast,"Oh, Loretta!",fwdbtn,fwdbtn,TRUE,TRUE
5lfWrciYtohtIMVDVZd0Rf,2024-09-22 02:59:01,android,229282,"Stay With Me (with Justin Timberlake, Halsey, & Pharrell)",Calvin Harris,"Stay With Me (with Justin Timberlake, Halsey, & Pharrell)",fwdbtn,trackdone,TRUE,FALSE
086LXhF8zjtpNbpVhGryF2,2024-09-22 03:03:51,android,276693,Automatic,Satin Jackets,Solar Nights,trackdone,trackdone,TRUE,FALSE
0srqmA11QZyqDk9rLSOM4d,2024-09-22 03:07:55,android,239333,ILYSB - Ferdinand Weber Remix,LANY,ILYSB (Ferdinand Weber Remix),trackdone,trackdone,TRUE,FALSE
3fskmbfwbp3Qx0fqaYDMbn,2024-09-22 03:11:25,android,221626,Can't Stop The Stars,Jungle,Loving In Stereo,trackdone,trackdone,TRUE,FALSE
5kVZxyMY1gfdCLiChsfjn1,2024-09-22 03:15:04,android,230704,Yo No Soy Celoso,Bad Bunny,Un Verano Sin Ti,trackdone,trackdone,TRUE,FALSE
0iMhQB3iXc3I4Ef1261lrr,2024-09-22 03:19:07,android,255240,Espérame (feat. Elastic Bond),Los Amigos Invisibles,El Paradise,trackdone,trackdone,TRUE,FALSE
3RiRFyvasDtAv8n0AQUKFG,2024-09-22 03:22:45,android,230163,Feel My Needs - Purple Disco Machine Remix,WEISS,Feel My Needs (Purple Disco Machine Remix),trackdone,trackdone,TRUE,FALSE
1RRlUJMxjp2FmkTExBT2T7,2024-09-22 03:26:37,android,244048,Fkn Around (feat. Megan Thee Stallion),Phony Ppl,Fkn Around (feat. Megan Thee Stallion),trackdone,trackdone,TRUE,FALSE
4NpJL7yrDXaL5OGhvcPSi3,2024-09-22 03:30:26,android,240933,Forget,Karnaval Blues,Forget,trackdone,trackdone,TRUE,FALSE
4Dvkj6JhhA12EX05fT7y2e,2024-09-22 03:33:01,android,167303,As It Was,Harry Styles,Harry's House,trackdone,trackdone,TRUE,FALSE
3uwHKoEEnapfzOPUQYPL0v,2024-09-22 03:40:45,android,476065,Most Precious Love - Michael Gray Extended Remix,Blaze,Most Precious Love,trackdone,trackdone,TRUE,FALSE
3OeHPk27py8JaMUqIebznh,2024-09-22 03:44:28,android,234493,Around The Sun,Poolside,Low Season,trackdone,trackdone,TRUE,FALSE
4XTRWWCbB68WDeAHLfv2HP,2024-09-22 03:47:17,android,180960,Tus Ojos,Belanova,Cocktail,trackdone,trackdone,TRUE,FALSE
01DrXj5EAlZOeRUXihgtQE,2024-09-22 03:51:29,android,263859,Which Way To Paradise,Poolside,Heat,trackdone,trackdone,TRUE,FALSE
6PuoZT4kgw5DrUEdnQ6e01,2024-09-22 03:54:56,android,219260,This Must Be The Place,Sure Sure,Sure Sure,trackdone,trackdone,TRUE,FALSE
3VT2WolplCglmbxCdiFy5A,2024-09-22 03:58:59,android,255792,Northern Lights,Satin Jackets,Northern Lights,trackdone,trackdone,TRUE,FALSE
0qiz1TZkuI3NEgKDmxCMDp,2024-09-22 04:03:32,android,284327,When We Break,Total Giovanni,When We Break,trackdone,trackdone,TRUE,FALSE
1PckUlxKqWQs3RlWXVBLw3,2024-09-22 04:06:32,android,191822,About Damn Time,Lizzo,About Damn Time,trackdone,trackdone,TRUE,FALSE
5X4OQwubdCpWeX2WcNH27w,2024-09-22 04:11:18,android,298536,Dreams (Deep Soul Mix),Ministry Of Funk,Soul Grooves II,trackdone,trackdone,TRUE,FALSE
3k3NWokhRRkEPhCzPmV8TW,2024-09-22 04:15:24,android,258298,Ojitos Lindos,Bad Bunny,Un Verano Sin Ti,trackdone,trackdone,TRUE,FALSE
0PofevU5H5TlLi1SIBdiA9,2024-09-22 04:19:10,android,237564,muero x ti,Noah Pino Palo,muero x ti,trackdone,trackdone,TRUE,FALSE
2rHUyJioDOKDshDDxzbISl,2024-09-22 04:22:02,android,184156,Espresso - Mark Ronson x FNZ Working Late Remix,Sabrina Carpenter,Espresso,trackdone,trackdone,TRUE,FALSE
76gUmNLXGQVOsGhfcshkFP,2024-09-22 04:25:16,android,205162,Madiba Riddim,Drake,More Life,trackdone,trackdone,TRUE,FALSE
6ZHKeoIOkvmYUIfxHLtE2Z,2024-09-22 04:28:18,android,194160,Siesta Freestyle,Lewis OfMan,Dancy Party,trackdone,trackdone,TRUE,FALSE
6RTbaJ1qPp6Jjy4OFuwid1,2024-09-22 04:32:01,android,235499,I'm With It,Satin Jackets,I'm With It,trackdone,trackdone,TRUE,FALSE
4GAQbmK7JhS2BXk9lYloWV,2024-09-22 04:36:15,android,265545,Cellophane - So Cruel,Miami Horror,All Possible Futures,trackdone,trackdone,TRUE,FALSE
3zNNXjjjeLrzIXSJZKalDi,2024-09-22 04:40:42,android,279635,I Follow Rivers - The Magician Remix,Lykke Li,Wounded Rhymes,trackdone,trackdone,TRUE,FALSE
4jAIqgrPjKLTY9Gbez25Qb,2024-09-22 04:43:23,android,172213,Lights Up,Harry Styles,Fine Line,trackdone,trackdone,TRUE,FALSE
480j122Gpi252OIfy4SNzm,2024-09-22 04:47:19,android,248000,Yamore,MoBlack,Yamore,trackdone,trackdone,TRUE,FALSE
5mCPDVBb16L4XQwDdbRUpz,2024-09-22 04:52:05,android,298940,Passionfruit,Drake,More Life,trackdone,trackdone,TRUE,FALSE
1NNYIYUdced7d0RE7nTbet,2024-09-22 04:55:49,android,235402,Take It From Me,Satin Jackets,Take It From Me,trackdone,trackdone,TRUE,FALSE
0bRXwKfigvpKZUurwqAlEh,2024-09-22 04:59:52,android,254560,Lovely Day,Bill Withers,Menagerie,trackdone,trackdone,TRUE,FALSE
1mbuSss0OVqfS00y7yCNCZ,2024-09-22 05:03:47,android,247455,Ruthless,The Marías,"Superclean, Vol. II",trackdone,trackdone,TRUE,FALSE
2P6QV6D4E3TxcYoYYz8ANJ,2024-09-22 05:11:27,android,471995,Blind - Frankie Knuckles Remix,Hercules & Love Affair,Blind,trackdone,trackdone,TRUE,FALSE
1btQN0JRiAzQxdKdJXADUh,2024-09-22 05:16:33,android,318461,Leila - Poolside Remix,Miami Horror,Leila,trackdone,trackdone,TRUE,FALSE
2GMo5c43OEo9MxJ6P0AGdz,2024-09-22 05:20:47,android,244378,Encore,Purple Disco Machine,Soulmatic,trackdone,trackdone,TRUE,FALSE
2I4AhSWdVku2SQsJXiIci6,2024-09-22 05:23:49,android,194082,Hanoï café,Bleu Toucan,Origami,trackdone,trackdone,TRUE,FALSE
44ZKnfWEkp7wPs035j4Tua,2024-09-22 05:27:31,android,234369,Casio,Jungle,For Ever,trackdone,trackdone,TRUE,FALSE
4DAaQ5InUO23d8yNRbB0Yj,2024-09-22 05:30:45,android,206073,6's to 9's,Big Wild,Superdream,trackdone,trackdone,TRUE,FALSE
0XMl0fVTh3PyPlwyJTn33n,2024-09-22 05:33:19,android,166005,Be Someone (feat. Ray X Ben),KVSH,Be Someone (feat. Ray X Ben),trackdone,trackdone,TRUE,FALSE
35U4PXL3W3XIkAjEUdhr36,2024-09-22 05:34:47,android,96565,Harvest Moon,Poolside,Pacific Standard Time,trackdone,fwdbtn,TRUE,TRUE
7u7EEK1938YLwisU38x8j8,2024-09-22 05:34:51,android,4030,Move On,Satin Jackets,Move On,fwdbtn,fwdbtn,TRUE,TRUE
1UdzJEpgJxtuXAlCOvD4S0,2024-09-22 05:37:28,android,159849,Fuera del mercado,Danny Ocean,@dannocean,fwdbtn,trackdone,TRUE,FALSE
0L3XCv9i9IHs8cJEVhsJ3J,2024-09-22 05:43:14,android,357936,More Than A Woman - SG's Paradise Edit,Bee Gees,More Than A Woman,trackdone,trackdone,TRUE,FALSE
6EDbh9lQr9DuZnPibOXgUp,2024-09-22 05:46:45,android,223466,Black and White,Paco Versailles,Dancemenco,trackdone,trackdone,TRUE,FALSE
0jGVEPscW8KmqktoHqv2Pa,2024-09-22 05:49:54,android,200173,Sunrise,Simply Red,Sunrise European Single,trackdone,trackdone,TRUE,FALSE
1kZklN5swy3NGwOf5NTICP,2024-09-22 05:53:46,android,244459,Feel Alright,Poolside,Heat,trackdone,trackdone,TRUE,FALSE
5KLuaDgxoSzzBHt8RF0qz7,2024-09-22 05:57:43,android,248773,Amanecer,Bomba Estéreo,Amanecer,trackdone,trackdone,TRUE,FALSE
6d9UZvhiqIAmtZ6EIse1LW,2024-09-22 06:04:39,android,428610,At Night - Purple Disco Machine Extended Remix,Shakedown,At Night,trackdone,trackdone,TRUE,FALSE
6xE6ZWzK1YDDSYzqOCoQlz,2024-09-22 06:08:57,android,270066,Last Train to London,Electric Light Orchestra,Discovery,trackdone,trackdone,TRUE,FALSE
6tS8RDCI7IcC8tf2BvR6np,2024-09-22 06:10:44,android,118413,Blanco Bootleg,Bruno Borlone,Blanco Bootleg,trackdone,trackdone,TRUE,FALSE
0oiv4E896TUTTeQU0cmIui,2024-09-22 06:16:53,android,336924,Massive,Drake,"Honestly, Nevermind",trackdone,trackdone,TRUE,FALSE
2o6Hvjsgsuz5kUxRapbMKI,2024-09-22 06:21:14,android,273049,Play,Purple Disco Machine,Soulmatic,trackdone,trackdone,TRUE,FALSE
66tkDkPsznE5zIHNt4QkXB,2024-09-22 06:25:12,android,249956,Tieduprightnow,Parcels,Tieduprightnow,trackdone,trackdone,TRUE,FALSE
0E0DRHf5PfMeor0ZCwB3oT,2024-09-22 06:26:12,android,68659,Otro Atardecer,Bad Bunny,Un Verano Sin Ti,trackdone,fwdbtn,TRUE,TRUE
1xx7iMgSyLnbDUi170lVbb,2024-09-22 06:26:21,android,8733,Attention (with Justin Bieber) - Disclosure Remix,Omah Lay,Attention (with Justin Bieber),fwdbtn,fwdbtn,TRUE,TRUE
1PH8at6E0jy3rFPH66aH9m,2024-09-22 06:34:40,android,502286,Back Together (feat. Ron Carroll) - Classic Mix,Hardsoul,Back Together (feat. Ron Carroll),fwdbtn,trackdone,TRUE,FALSE
2ezQq2qWhGO6J6q5JwC50d,2024-09-22 06:36:58,android,146017,All Of The Time,Jungle,Loving In Stereo,trackdone,fwdbtn,TRUE,TRUE
1ggw9UUKZE9om4IUd0oVoo,2024-09-22 06:37:02,android,3464,Sad Girls - Dub Mix,TheDjLawyer,Sad Girls,fwdbtn,fwdbtn,TRUE,TRUE
2pQJu37iItuenYXYNSY6St,2024-09-22 06:37:08,android,6752,Entre Palmeras,La Garfield,Todo Lo Rico,fwdbtn,fwdbtn,TRUE,TRUE
3QEYYJTIEd6Tv0HCrgHvri,2024-09-22 06:43:55,android,408800,Magic,Polo & Pan,Cyclorama,fwdbtn,trackdone,TRUE,FALSE
4HqxTpbXpLO1jgKJppk8Gl,2024-09-22 06:48:31,android,269283,"Oh, Loretta!",Sex on Toast,"Oh, Loretta!",trackdone,trackdone,TRUE,FALSE
5lfWrciYtohtIMVDVZd0Rf,2024-09-22 06:52:09,android,229282,"Stay With Me (with Justin Timberlake, Halsey, & Pharrell)",Calvin Harris,"Stay With Me (with Justin Timberlake, Halsey, & Pharrell)",trackdone,trackdone,TRUE,FALSE
086LXhF8zjtpNbpVhGryF2,2024-09-22 06:56:33,android,276693,Automatic,Satin Jackets,Solar Nights,trackdone,trackdone,TRUE,FALSE
0srqmA11QZyqDk9rLSOM4d,2024-09-22 07:00:21,android,239333,ILYSB - Ferdinand Weber Remix,LANY,ILYSB (Ferdinand Weber Remix),trackdone,trackdone,TRUE,FALSE
3fskmbfwbp3Qx0fqaYDMbn,2024-09-22 07:02:11,android,119234,Can't Stop The Stars,Jungle,Loving In Stereo,trackdone,fwdbtn,TRUE,TRUE
5kVZxyMY1gfdCLiChsfjn1,2024-09-22 07:05:59,android,230704,Yo No Soy Celoso,Bad Bunny,Un Verano Sin Ti,fwdbtn,trackdone,TRUE,FALSE
0iMhQB3iXc3I4Ef1261lrr,2024-09-22 07:10:02,android,255240,Espérame (feat. Elastic Bond),Los Amigos Invisibles,El Paradise,trackdone,trackdone,TRUE,FALSE
3RiRFyvasDtAv8n0AQUKFG,2024-09-22 07:13:40,android,230163,Feel My Needs - Purple Disco Machine Remix,WEISS,Feel My Needs (Purple Disco Machine Remix),trackdone,trackdone,TRUE,FALSE
1RRlUJMxjp2FmkTExBT2T7,2024-09-22 07:17:32,android,244048,Fkn Around (feat. Megan Thee Stallion),Phony Ppl,Fkn Around (feat. Megan Thee Stallion),trackdone,trackdone,TRUE,FALSE
4NpJL7yrDXaL5OGhvcPSi3,2024-09-22 07:21:21,android,240933,Forget,Karnaval Blues,Forget,trackdone,trackdone,TRUE,FALSE
4Dvkj6JhhA12EX05fT7y2e,2024-09-22 07:23:56,android,167303,As It Was,Harry Styles,Harry's House,trackdone,trackdone,TRUE,FALSE
3uwHKoEEnapfzOPUQYPL0v,2024-09-22 07:31:40,android,476065,Most Precious Love - Michael Gray Extended Remix,Blaze,Most Precious Love,trackdone,trackdone,TRUE,FALSE
3OeHPk27py8JaMUqIebznh,2024-09-22 07:35:23,android,234493,Around The Sun,Poolside,Low Season,trackdone,trackdone,TRUE,FALSE
4XTRWWCbB68WDeAHLfv2HP,2024-09-22 07:38:12,android,180960,Tus Ojos,Belanova,Cocktail,trackdone,trackdone,TRUE,FALSE
01DrXj5EAlZOeRUXihgtQE,2024-09-22 07:42:24,android,263859,Which Way To Paradise,Poolside,Heat,trackdone,trackdone,TRUE,FALSE
6PuoZT4kgw5DrUEdnQ6e01,2024-09-22 07:45:51,android,219260,This Must Be The Place,Sure Sure,Sure Sure,trackdone,trackdone,TRUE,FALSE
3VT2WolplCglmbxCdiFy5A,2024-09-22 07:49:55,android,255792,Northern Lights,Satin Jackets,Northern Lights,trackdone,trackdone,TRUE,FALSE
0qiz1TZkuI3NEgKDmxCMDp,2024-09-22 07:52:56,android,190217,When We Break,Total Giovanni,When We Break,trackdone,fwdbtn,TRUE,TRUE
1PckUlxKqWQs3RlWXVBLw3,2024-09-22 07:52:59,android,2892,About Damn Time,Lizzo,About Damn Time,fwdbtn,fwdbtn,TRUE,TRUE
5X4OQwubdCpWeX2WcNH27w,2024-09-22 07:53:01,android,2697,Dreams (Deep Soul Mix),Ministry Of Funk,Soul Grooves II,fwdbtn,fwdbtn,TRUE,TRUE
3k3NWokhRRkEPhCzPmV8TW,2024-09-22 07:57:36,android,258298,Ojitos Lindos,Bad Bunny,Un Verano Sin Ti,fwdbtn,trackdone,TRUE,FALSE
0PofevU5H5TlLi1SIBdiA9,2024-09-22 07:58:28,android,60421,muero x ti,Noah Pino Palo,muero x ti,trackdone,logout,TRUE,FALSE
0PofevU5H5TlLi1SIBdiA9,2024-09-22 08:01:25,android,177158,muero x ti,Noah Pino Palo,muero x ti,appload,trackdone,TRUE,FALSE
2rHUyJioDOKDshDDxzbISl,2024-09-22 08:04:17,android,184156,Espresso - Mark Ronson x FNZ Working Late Remix,Sabrina Carpenter,Espresso,trackdone,trackdone,TRUE,FALSE
76gUmNLXGQVOsGhfcshkFP,2024-09-22 08:07:30,android,205162,Madiba Riddim,Drake,More Life,trackdone,trackdone,TRUE,FALSE
6ZHKeoIOkvmYUIfxHLtE2Z,2024-09-22 08:10:32,android,194160,Siesta Freestyle,Lewis OfMan,Dancy Party,trackdone,trackdone,TRUE,FALSE
6RTbaJ1qPp6Jjy4OFuwid1,2024-09-22 08:14:16,android,235499,I'm With It,Satin Jackets,I'm With It,trackdone,trackdone,TRUE,FALSE
4GAQbmK7JhS2BXk9lYloWV,2024-09-22 08:18:29,android,265545,Cellophane - So Cruel,Miami Horror,All Possible Futures,trackdone,trackdone,TRUE,FALSE
3zNNXjjjeLrzIXSJZKalDi,2024-09-22 08:22:57,android,279635,I Follow Rivers - The Magician Remix,Lykke Li,Wounded Rhymes,trackdone,trackdone,TRUE,FALSE
4jAIqgrPjKLTY9Gbez25Qb,2024-09-22 08:25:37,android,172213,Lights Up,Harry Styles,Fine Line,trackdone,trackdone,TRUE,FALSE
480j122Gpi252OIfy4SNzm,2024-09-22 08:29:33,android,248000,Yamore,MoBlack,Yamore,trackdone,trackdone,TRUE,FALSE
5mCPDVBb16L4XQwDdbRUpz,2024-09-22 08:34:20,android,298940,Passionfruit,Drake,More Life,trackdone,trackdone,TRUE,FALSE
1NNYIYUdced7d0RE7nTbet,2024-09-22 08:38:04,android,235402,Take It From Me,Satin Jackets,Take It From Me,trackdone,trackdone,TRUE,FALSE
0bRXwKfigvpKZUurwqAlEh,2024-09-22 08:42:06,android,254560,Lovely Day,Bill Withers,Menagerie,trackdone,trackdone,TRUE,FALSE
1mbuSss0OVqfS00y7yCNCZ,2024-09-22 08:43:42,android,105453,Ruthless,The Marías,"Superclean, Vol. II",trackdone,fwdbtn,TRUE,TRUE
2P6QV6D4E3TxcYoYYz8ANJ,2024-09-22 08:51:32,android,471995,Blind - Frankie Knuckles Remix,Hercules & Love Affair,Blind,fwdbtn,trackdone,TRUE,FALSE
1btQN0JRiAzQxdKdJXADUh,2024-09-22 08:56:56,android,318461,Leila - Poolside Remix,Miami Horror,Leila,trackdone,trackdone,TRUE,FALSE
2GMo5c43OEo9MxJ6P0AGdz,2024-09-22 09:00:49,android,244378,Encore,Purple Disco Machine,Soulmatic,trackdone,trackdone,TRUE,FALSE
2I4AhSWdVku2SQsJXiIci6,2024-09-22 09:02:27,android,107532,Hanoï café,Bleu Toucan,Origami,trackdone,fwdbtn,TRUE,TRUE
5LhI8m7n8xlQmNe3b7Rwis,2024-09-22 09:05:31,android,187087,Madonna,Natanael Cano,Madonna,fwdbtn,trackdone,TRUE,FALSE
44ZKnfWEkp7wPs035j4Tua,2024-09-22 09:06:56,android,93259,Casio,Jungle,For Ever,trackdone,fwdbtn,TRUE,TRUE
4DAaQ5InUO23d8yNRbB0Yj,2024-09-22 09:06:58,android,1826,6's to 9's,Big Wild,Superdream,fwdbtn,fwdbtn,TRUE,TRUE
0XMl0fVTh3PyPlwyJTn33n,2024-09-22 09:07:00,android,2658,Be Someone (feat. Ray X Ben),KVSH,Be Someone (feat. Ray X Ben),fwdbtn,fwdbtn,TRUE,TRUE
35U4PXL3W3XIkAjEUdhr36,2024-09-22 09:09:10,android,129797,Harvest Moon,Poolside,Pacific Standard Time,fwdbtn,fwdbtn,TRUE,TRUE
7u7EEK1938YLwisU38x8j8,2024-09-22 09:09:13,android,2770,Move On,Satin Jackets,Move On,fwdbtn,fwdbtn,TRUE,TRUE
1UdzJEpgJxtuXAlCOvD4S0,2024-09-22 09:09:39,android,25765,Fuera del mercado,Danny Ocean,@dannocean,fwdbtn,endplay,TRUE,TRUE
3QEYYJTIEd6Tv0HCrgHvri,2024-09-22 09:16:25,android,408800,Magic,Polo & Pan,Cyclorama,clickrow,trackdone,TRUE,FALSE
1PckUlxKqWQs3RlWXVBLw3,2024-09-22 09:16:59,android,43574,About Damn Time,Lizzo,About Damn Time,trackdone,fwdbtn,TRUE,TRUE
6PuoZT4kgw5DrUEdnQ6e01,2024-09-22 09:17:14,android,14882,This Must Be The Place,Sure Sure,Sure Sure,fwdbtn,fwdbtn,TRUE,TRUE
3k3NWokhRRkEPhCzPmV8TW,2024-09-22 09:19:45,android,150962,Ojitos Lindos,Bad Bunny,Un Verano Sin Ti,fwdbtn,fwdbtn,TRUE,TRUE
2P6QV6D4E3TxcYoYYz8ANJ,2024-09-22 09:20:24,android,38540,Blind - Frankie Knuckles Remix,Hercules & Love Affair,Blind,fwdbtn,endplay,TRUE,TRUE
7mXuWTczZNxG5EDcjFEuJR,2024-09-22 09:23:54,android,212878,LADY GAGA,Peso Pluma,GÉNESIS,clickrow,trackdone,FALSE,FALSE
5GTBdEjZe7zEDp1N0eCZE4,2024-09-22 09:25:02,android,76953,HOLLYWOOD,Peso Pluma,ÉXODO,trackdone,fwdbtn,FALSE,TRUE
5ySxlyvySBhIEvoO2xx7uT,2024-09-22 09:30:08,android,305572,Querida,Juan Gabriel,Recuerdos II,fwdbtn,endplay,FALSE,TRUE
7u7EEK1938YLwisU38x8j8,2024-09-22 09:30:29,android,20957,Move On,Satin Jackets,Move On,clickrow,endplay,TRUE,TRUE
2qSkIjg1o9h3YT9RAgYN75,2024-09-22 09:33:23,android,175459,Espresso,Sabrina Carpenter,Espresso,clickrow,trackdone,TRUE,FALSE
2qSkIjg1o9h3YT9RAgYN75,2024-09-22 09:36:06,android,175459,Espresso,Sabrina Carpenter,Espresso,trackdone,trackdone,TRUE,FALSE
2qSkIjg1o9h3YT9RAgYN75,2024-09-22 09:38:50,android,175459,Espresso,Sabrina Carpenter,Espresso,trackdone,trackdone,TRUE,FALSE
2qSkIjg1o9h3YT9RAgYN75,2024-09-22 09:41:33,android,175459,Espresso,Sabrina Carpenter,Espresso,trackdone,trackdone,TRUE,FALSE
2qSkIjg1o9h3YT9RAgYN75,2024-09-22 09:41:50,android,26379,Espresso,Sabrina Carpenter,Espresso,trackdone,fwdbtn,TRUE,TRUE
2qSkIjg1o9h3YT9RAgYN75,2024-09-22 09:41:53,android,2360,Espresso,Sabrina Carpenter,Espresso,fwdbtn,fwdbtn,TRUE,TRUE
2qSkIjg1o9h3YT9RAgYN75,2024-09-22 09:42:01,android,8108,Espresso,Sabrina Carpenter,Espresso,fwdbtn,fwdbtn,TRUE,TRUE
2qSkIjg1o9h3YT9RAgYN75,2024-09-22 09:42:05,android,3490,Espresso,Sabrina Carpenter,Espresso,fwdbtn,fwdbtn,TRUE,TRUE
2qSkIjg1o9h3YT9RAgYN75,2024-09-22 09:42:39,android,27510,Espresso,Sabrina Carpenter,Espresso,fwdbtn,fwdbtn,TRUE,TRUE
2rHUyJioDOKDshDDxzbISl,2024-09-22 09:43:01,android,2353,Espresso - Mark Ronson x FNZ Working Late Remix,Sabrina Carpenter,Espresso,playbtn,endplay,TRUE,TRUE
2rHUyJioDOKDshDDxzbISl,2024-09-22 09:43:02,android,670,Espresso - Mark Ronson x FNZ Working Late Remix,Sabrina Carpenter,Espresso,clickrow,endplay,TRUE,TRUE
480j122Gpi252OIfy4SNzm,2024-09-22 09:43:04,android,2271,Yamore,MoBlack,Yamore,clickrow,fwdbtn,TRUE,TRUE
2pQJu37iItuenYXYNSY6St,2024-09-22 09:43:06,android,1330,Entre Palmeras,La Garfield,Todo Lo Rico,fwdbtn,fwdbtn,TRUE,TRUE
5KLuaDgxoSzzBHt8RF0qz7,2024-09-22 09:43:07,android,880,Amanecer,Bomba Estéreo,Amanecer,fwdbtn,backbtn,TRUE,TRUE
2pQJu37iItuenYXYNSY6St,2024-09-22 09:43:36,android,29643,Entre Palmeras,La Garfield,Todo Lo Rico,backbtn,fwdbtn,TRUE,TRUE
5KLuaDgxoSzzBHt8RF0qz7,2024-09-22 09:44:34,android,57191,Amanecer,Bomba Estéreo,Amanecer,fwdbtn,fwdbtn,TRUE,TRUE
1kZklN5swy3NGwOf5NTICP,2024-09-22 09:44:39,android,5123,Feel Alright,Poolside,Heat,fwdbtn,fwdbtn,TRUE,TRUE
4DAaQ5InUO23d8yNRbB0Yj,2024-09-22 09:45:04,android,25225,6's to 9's,Big Wild,Superdream,fwdbtn,endplay,TRUE,TRUE
5pVJ3IlnpIorU44oXizzG5,2024-09-22 09:49:05,android,240964,Orion,Boza,Orion,clickrow,trackdone,FALSE,FALSE
6WatFBLVB0x077xWeoVc2k,2024-09-22 09:55:41,android,195824,Si Antes Te Hubiera Conocido,KAROL G,Si Antes Te Hubiera Conocido,clickrow,trackdone,FALSE,FALSE
6WatFBLVB0x077xWeoVc2k,2024-09-22 10:10:56,android,776,Si Antes Te Hubiera Conocido,KAROL G,Si Antes Te Hubiera Conocido,trackdone,fwdbtn,TRUE,TRUE
0ESIjVxnDnCDaTPo6sStHm,2024-09-22 10:11:28,android,5115,Till There Was You - Remastered 2009,The Beatles,With The Beatles,playbtn,endplay,TRUE,TRUE
1mea3bSkSGXuIRvnydlB5b,2024-09-22 10:11:31,android,3464,Viva La Vida,Coldplay,Viva La Vida or Death and All His Friends,playbtn,fwdbtn,TRUE,TRUE
1Ag8YqvKOcwapkaRJG66p8,2024-09-22 10:11:40,android,8438,Mother's Daughter,Santana,Abraxas,fwdbtn,endplay,TRUE,TRUE
1mvSAErzXn6okJxHAw4XHD,2024-09-22 10:11:42,android,1804,Daktari Walk,The Daktaris,Soul Explosion,playbtn,fwdbtn,TRUE,TRUE
0mmI8HaXjgzxrtKDmvAN7R,2024-09-22 10:15:44,android,245173,Emergency on Planet Earth,Jamiroquai,Emergency on Planet Earth,fwdbtn,trackdone,TRUE,FALSE
3ucuvljJdZCnsdIYen5d0e,2024-09-22 10:18:05,android,149613,You Just Be You,Into New Dimensions,Into New Dimensions,trackdone,fwdbtn,TRUE,TRUE
6mN6yAvnnbYakYhnr5ae1k,2024-09-22 10:18:07,android,2197,こんな優しい雨の日は,Yukari Itou,DIGGIN' VICTOR (The Compilation) Deep Into The Vaults Of Japanese Fusion & AOR selected by MURO,fwdbtn,fwdbtn,TRUE,TRUE
0M1KH335INKCl524yVNiWT,2024-09-22 10:18:09,android,2005,Lipstick (Shout),J.M. Black,"France chébran: French Boogie (1982 - 1989), Vol. 2",fwdbtn,fwdbtn,TRUE,TRUE
4zPg39vgZAvdzY1UjmK78U,2024-09-22 10:18:13,android,3831,Living in the Jungle,John Tropea,Faith Presents TK Disco,fwdbtn,fwdbtn,TRUE,TRUE
2upVjOqdWGkmieeqBy2A5g,2024-09-22 10:21:40,android,205906,Issues,The Brooks,Any Day Now,fwdbtn,fwdbtn,TRUE,TRUE
5TA4he79xD3fpvy0sidiOV,2024-09-22 10:23:35,android,115044,Open Your Eyes,Bobby Caldwell,Cat in the Hat,fwdbtn,fwdbtn,TRUE,TRUE
6b37xrsNCWYIUphFBazqD6,2024-09-22 10:23:44,android,8871,Me Gustas Tu,Manu Chao,Próxima Estación: Esperanza,fwdbtn,fwdbtn,TRUE,TRUE
6YyvylVEWMdmv78Q6nAwHV,2024-09-22 10:23:45,android,1643,Granada,The Mike De León Band,Elegante!,fwdbtn,fwdbtn,TRUE,TRUE
5U3i59kbTLrxo46TU1FRnF,2024-09-22 10:23:47,android,1318,People Get Up And Drive Your Funky Soul - Remix,James Brown,Motherlode,fwdbtn,fwdbtn,TRUE,TRUE
1KUqyZaFMpglFfxXzv4Aj6,2024-09-22 10:23:49,android,1943,Aleluia,Robson Jorge,Robson Jorge e Lincoln Olivetti,fwdbtn,fwdbtn,TRUE,TRUE
1x1XQqhBViz4opcpwc7FVs,2024-09-22 10:25:19,android,90033,Reelin' In The Years,Steely Dan,Can't Buy A Thrill,fwdbtn,fwdbtn,TRUE,TRUE
3MFa9idQuY4iJLWsZl3tIQ,2024-09-22 10:25:20,android,1584,Young Hearts Run Free,Candi Staton,Young Hearts Run Free,fwdbtn,fwdbtn,TRUE,TRUE
3kXoKlD84c6OmIcOLfrfEs,2024-09-22 10:25:48,android,26964,September,"Earth, Wind & Fire",September (sped up + slowed),fwdbtn,endplay,TRUE,TRUE
5TA4he79xD3fpvy0sidiOV,2024-09-22 10:26:39,android,42095,Open Your Eyes,Bobby Caldwell,Cat in the Hat,clickrow,endplay,TRUE,TRUE
7FmBwIeAdryNLXChbhI0Ls,2024-09-22 10:27:42,android,62948,Tequila - Extended Mix Remastered,Bo Boss,Tequila,clickrow,endplay,TRUE,TRUE
0GjEhVFGZW8afUYGChu3Rr,2024-09-22 10:31:31,android,230400,Dancing Queen,ABBA,Arrival,clickrow,trackdone,FALSE,FALSE
3vkQ5DAB1qQMYO4Mr9zJN6,2024-09-22 10:32:16,android,54589,Gimme! Gimme! Gimme! (A Man After Midnight),ABBA,Voulez-Vous,trackdone,endplay,FALSE,TRUE
4btKuUUEjPNVD6yOKGlY9j,2024-09-22 10:34:06,android,109762,Super Trouper - From 'Mamma Mia!' Original Motion Picture Soundtrack,Meryl Streep,Mamma Mia! The Movie Soundtrack,clickrow,endplay,FALSE,TRUE
6P4XyViJkq9QGEHtzfMIrH,2024-09-22 10:37:11,android,187360,"Honey, Honey - From 'Mamma Mia!' Original Motion Picture Soundtrack",Amanda Seyfried,Mamma Mia! The Movie Soundtrack,clickrow,trackdone,FALSE,FALSE
77bIDfQElFrLQjp2ZdTaam,2024-09-22 10:38:10,android,68261,I Have A Dream - From 'Mamma Mia!' Original Motion Picture Soundtrack,Amanda Seyfried,Mamma Mia! The Movie Soundtrack,trackdone,endplay,FALSE,TRUE
4uytiW8D73yWQHkg1PzYlB,2024-09-22 10:40:08,android,118227,"The Winner Takes It All - From ""Mamma Mia!""",Meryl Streep,Mamma Mia! The Movie Soundtrack,clickrow,endplay,FALSE,TRUE
0kC2yXWu4diXBsiGpHew0S,2024-09-22 10:45:02,android,295666,Querida,Juan Gabriel,Eternamente...,clickrow,trackdone,TRUE,FALSE
6KrAcoSDnceA8HrQ61FJPN,2024-09-22 10:48:36,android,223471,La Frontera,Juan Gabriel,La Frontera,trackdone,endplay,TRUE,TRUE
6nOJ1EJYDa5QCI6RGBuozw,2024-09-22 10:48:50,android,12336,Así Fue - En Vivo [Desde el Instituto Nacional de Bellas Artes],Juan Gabriel,Celebrando 25 Años De Juan Gabriel En El Palacio De Bellas Artes,clickrow,endplay,FALSE,TRUE
1tNpbQmMK79ZXcDGiaGBc9,2024-09-22 10:51:31,android,164013,Me Nace del Corazón (En Vivo) - En el Palacio de Bellas Artes,Juan Gabriel,En el Palacio de Bellas Artes,clickrow,trackdone,FALSE,FALSE
1PMQ1MHatQH0RT8V1aiVS6,2024-09-22 10:57:52,android,393106,Costumbres - En Vivo [Desde el Instituto Nacional de Bellas Artes],Juan Gabriel,Celebrando 25 Años De Juan Gabriel En El Palacio De Bellas Artes,trackdone,trackdone,FALSE,FALSE
55LmsCprSozlCgM2XbmhhW,2024-09-22 11:01:53,android,253080,El Noa Noa,Juan Gabriel,Juan Gabriel - 40 Aniversario,trackdone,trackdone,FALSE,FALSE
1AOZ8a9adHcbI7MUrYQMKS,2024-09-22 11:04:38,android,176480,Será Mañana,Juan Gabriel,Juan Gabriel,trackdone,trackdone,FALSE,FALSE
6RxC3waOdRWE7GbNEuZ2Qa,2024-09-22 11:07:41,android,194666,Estoy Enamorado de Ti,Juan Gabriel,Con El Mariachi Vargas De Tecalitlan (with El Mariachi Vargas de Tecalitlán),trackdone,trackdone,FALSE,FALSE
4oXBnMgYcvU87uKq30Reyq,2024-09-22 11:09:48,android,139906,No Discutamos,Juan Gabriel,Los Dúo 2,trackdone,trackdone,FALSE,FALSE
2j5bHQAndEClzp0kvICy3w,2024-09-22 11:13:44,android,248146,Bésame,Juan Gabriel,Recuerdos II,trackdone,trackdone,FALSE,FALSE
0ctucPlIsYbNGeQuZUAQFe,2024-09-22 11:18:28,android,295266,Querida,Juan Gabriel,Los Dúo - Colección Completa,trackdone,trackdone,FALSE,FALSE
09pG26LmLnCyDZGEpdnvo1,2024-09-22 11:20:48,android,152440,Me Gustas Mucho,Juan Gabriel,Juan Gabriel Con Banda... El Recodo,trackdone,trackdone,FALSE,FALSE
1vGTXll8t4co7lsSXy80x4,2024-09-22 11:26:50,android,374106,Ya No Vivo por Vivir (feat. Natalia Lafourcade),Juan Gabriel,50 Años de Ser el Divo de Juárez,trackdone,trackdone,FALSE,FALSE
4cusMbDIB1bt7Z3F8YXxXX,2024-09-22 11:30:48,android,249546,Con Tu Amor,Juan Gabriel,Con Tu Amor,trackdone,trackdone,FALSE,FALSE
6wPd7lZD1D6xFN1osRO752,2024-09-22 11:33:56,android,199706,En Esta Primavera,Juan Gabriel,Juan Gabriel el Alma Joven Vol. III,trackdone,trackdone,FALSE,FALSE
6DAlU6VmY22PDAI8KpLRT2,2024-09-22 11:37:09,android,203120,Te Voy a Olvidar,Juan Gabriel,Con Mariachi Vol.2 (with El Mariachi México '70 de Pepe López),trackdone,trackdone,FALSE,FALSE
68pE8830rWrd5LSSfKcRqn,2024-09-23 19:40:20,android,12142,¿Por Qué Me Haces Llorar?,Juan Gabriel,Juan Gabriel,appload,endplay,FALSE,TRUE
6Nd4WPRscBW9wGi2l7K1Ot,2024-09-23 19:40:27,android,5638,Bright Lights,The Killers,Bright Lights,playbtn,endplay,TRUE,TRUE
6Nd4WPRscBW9wGi2l7K1Ot,2024-09-23 19:44:35,android,250973,Bright Lights,The Killers,Bright Lights,clickrow,trackdone,TRUE,FALSE
2OCoH12t6olzx9bT1PEC8F,2024-09-23 19:46:07,android,102800,Let It Rock,Chuck Berry,Rockin' At The Hops,trackdone,trackdone,TRUE,FALSE
7EUcOIbJSePmXGvAe7G79C,2024-09-23 19:52:06,android,217440,Black Treacle,Arctic Monkeys,Suck It and See,trackdone,trackdone,TRUE,FALSE
6C6y4OWK1Ki3FVF1TIonxW,2024-09-23 21:59:40,android,135547,What You're Doing - Remastered 2009,The Beatles,Beatles For Sale - Remastered,trackdone,fwdbtn,TRUE,TRUE
44XOaCclKIIsC1hTjHA4lP,2024-09-23 22:02:45,android,185075,What Do All the People Know? (Complete Song and Extra Lyrics - From Original Monroes of the 80's),The Monroes,What Do All the People Know?,fwdbtn,fwdbtn,TRUE,TRUE
389QX9Q1eUOEZ19vtzzI9O,2024-09-23 22:25:17,android,138857,While My Guitar Gently Weeps - Remastered 2009,The Beatles,The Beatles,fwdbtn,logout,TRUE,FALSE
389QX9Q1eUOEZ19vtzzI9O,2024-09-23 22:33:04,android,147185,While My Guitar Gently Weeps - Remastered 2009,The Beatles,The Beatles,appload,trackdone,TRUE,FALSE
5NfzVueIjM2uwu7UWTvZAU,2024-09-23 22:38:07,android,315507,Down by the Seaside - Remaster,Led Zeppelin,Physical Graffiti,trackdone,trackdone,TRUE,FALSE
5OGPjlTOXvKFhnCy9zSdpv,2024-09-23 22:49:02,android,62787,In the Evening - Remaster,Led Zeppelin,In Through the out Door,trackdone,logout,TRUE,FALSE
5OGPjlTOXvKFhnCy9zSdpv,2024-09-25 03:21:05,android,321301,In the Evening - Remaster,Led Zeppelin,In Through the out Door,appload,endplay,TRUE,TRUE
5OGPjlTOXvKFhnCy9zSdpv,2024-09-25 03:29:14,android,29848,In the Evening - Remaster,Led Zeppelin,In Through the out Door,remote,trackdone,TRUE,FALSE
3YNFRvI0WnbvFdxUCQiKjR,2024-09-25 03:33:39,android,276333,Say Goodbye to Hollywood,Billy Joel,Turnstiles,trackdone,trackdone,TRUE,FALSE
3YubPkIjza38KmXTIGdk91,2024-09-25 03:40:57,android,67374,Te Solté la Rienda,José Alfredo Jimenez,El Cantinero,trackdone,fwdbtn,TRUE,TRUE
68KdvPllp9Pug8ZG6AByFY,2024-09-25 03:41:00,android,3134,"Gravity - Live at the Nokia Theatre, Los Angeles, CA - December 2007",John Mayer,Where the Light Is: John Mayer Live In Los Angeles,fwdbtn,fwdbtn,TRUE,TRUE
4tmcqEopxvOrzquyoYhRAz,2024-09-25 03:41:05,android,5075,Smile Like You Mean It - Live From The Royal Albert Hall / 2009,The Killers,Live From The Royal Albert Hall,fwdbtn,fwdbtn,TRUE,TRUE
3tA0K5valodHMjA9bCsFtj,2024-09-25 03:41:12,android,6370,Beautiful Drug,Zac Brown Band,JEKYLL + HYDE,fwdbtn,fwdbtn,TRUE,TRUE
0Zrug5Ry3x6x60lohpEU0C,2024-09-25 06:13:22,android,159015,Roll it on Home,John Mayer,The Search for Everything,fwdbtn,logout,TRUE,FALSE
1XcKztnLHUiUC17VRAMEyc,2024-09-25 18:32:03,android,262360,Run Run Run,The Velvet Underground,The Velvet Underground & Nico 45th Anniversary,playbtn,trackdone,TRUE,FALSE
4fUKE8EULjQdHF4zb0M8FO,2024-09-25 18:33:54,android,122893,Sgt. Pepper's Lonely Hearts Club Band - Remastered 2009,The Beatles,Sgt. Pepper's Lonely Hearts Club Band,trackdone,trackdone,TRUE,FALSE
2iGtdYI4lI0jDpnxJOqZRw,2024-09-25 18:40:52,android,429933,Hey Jude - Remastered 2009,The Beatles,Past Masters,trackdone,trackdone,TRUE,FALSE
1H7gMYGykdtwZOV6s1N0by,2024-09-25 18:42:44,android,124693,Norwegian Wood (This Bird Has Flown) - Remastered 2009,The Beatles,Rubber Soul,trackdone,trackdone,TRUE,FALSE
1h04XMpzGzmAudoI6VHBgA,2024-09-25 18:45:33,android,180893,Penny Lane - Remastered 2009,The Beatles,Magical Mystery Tour,trackdone,trackdone,TRUE,FALSE
5eZrW59C3UgBhkqNlowEID,2024-09-25 18:47:00,android,96466,Carry That Weight - Remastered 2009,The Beatles,Abbey Road,trackdone,trackdone,TRUE,FALSE
7DD7eSuYSC5xk2ArU62esN,2024-09-25 18:59:43,android,139560,Help! - Remastered 2009,The Beatles,Help!,trackdone,trackdone,TRUE,FALSE
6dGnYIeXmHdcikdzNNDMm2,2024-09-25 19:02:50,android,185733,Here Comes The Sun - Remastered 2009,The Beatles,Abbey Road,trackdone,trackdone,TRUE,FALSE
0kfjZ0JCXU9sSg99gbQpbJ,2024-09-25 19:05:36,android,166106,Good Times Bad Times - Remaster,Led Zeppelin,Led Zeppelin,trackdone,trackdone,TRUE,FALSE
4ZSJs1cqeincEi2KjUGmZC,2024-09-25 19:15:53,android,616560,Lucille,B.B. King,Lucille,trackdone,trackdone,TRUE,FALSE
2WOjLF83vqjit2Zh4B69V3,2024-09-25 19:19:31,android,217400,"Don't Think Twice, It's All Right",Bob Dylan,The Freewheelin' Bob Dylan,trackdone,trackdone,TRUE,FALSE
2PzU4IB8Dr6mxV3lHuaG34,2024-09-25 19:23:15,android,222813,(I Can't Get No) Satisfaction - Mono Version,The Rolling Stones,Out Of Our Heads,trackdone,trackdone,TRUE,FALSE
2aoo2jlRnM3A0NyLQqMN2f,2024-09-25 19:27:16,android,240800,All Along the Watchtower,Jimi Hendrix,Electric Ladyland,trackdone,trackdone,TRUE,FALSE
7C6hdDIz90Uf5YmdZnYbJJ,2024-09-25 19:29:38,android,142266,If I Needed Someone - Remastered 2009,The Beatles,Rubber Soul,trackdone,trackdone,TRUE,FALSE
721ekzqDYU4h7Y17ywUCFf,2024-09-25 19:33:43,android,244253,I'm Set Free,The Velvet Underground,The Velvet Underground,trackdone,trackdone,TRUE,FALSE
121AmMmQnBWZh8HNjZwuK6,2024-09-25 19:36:19,android,154848,Get Back - Naked Version / Remastered 2013,The Beatles,Let It Be... Naked,trackdone,trackdone,TRUE,FALSE
5ATUmaVJWUTTagmPwQLck3,2024-09-25 19:38:57,android,157524,One Too Many Mornings,Bob Dylan,The Times They Are A-Changin',trackdone,trackdone,TRUE,FALSE
3KfbEIOC7YIv90FIfNSZpo,2024-09-25 19:41:24,android,146333,In My Life - Remastered 2009,The Beatles,Rubber Soul,trackdone,trackdone,TRUE,FALSE
7qbRP2jO0Sq3kTYdEW1v00,2024-09-25 19:44:13,android,169146,Day Tripper - Remastered 2009,The Beatles,Past Masters,trackdone,trackdone,TRUE,FALSE
3RkQ3UwOyPqpIiIvGVewuU,2024-09-25 19:49:44,android,330533,Mr. Tambourine Man,Bob Dylan,Bringing It All Back Home,trackdone,trackdone,TRUE,FALSE
2idijP1bI3eqkU0gbVMdjU,2024-09-25 19:54:27,android,282720,I Can't Quit You Baby - Remaster,Led Zeppelin,Led Zeppelin,trackdone,trackdone,TRUE,FALSE
1Q7gCIpOjIIU0bUKcGzrG4,2024-09-25 19:56:48,android,139680,I Feel Fine - Remastered 2009,The Beatles,Past Masters,trackdone,trackdone,TRUE,FALSE
5Bh8l8evdBSIoaK6EP1bWI,2024-09-25 20:00:04,android,195760,Baby Driver,Simon & Garfunkel,Bridge Over Troubled Water,trackdone,trackdone,TRUE,FALSE
389QX9Q1eUOEZ19vtzzI9O,2024-09-25 20:04:49,android,285000,While My Guitar Gently Weeps - Remastered 2009,The Beatles,The Beatles,trackdone,trackdone,TRUE,FALSE
4qh4lu4xf4r3ZkBoyeajuc,2024-09-25 20:08:14,android,204560,Revolution - Remastered 2009,The Beatles,Past Masters,trackdone,trackdone,TRUE,FALSE
7nDdOteeLpysxhVjpZsptm,2024-09-25 20:12:55,android,280080,Beginning To See The Light,The Velvet Underground,The Velvet Underground,trackdone,trackdone,TRUE,FALSE
4F1AgKpuFRMLEgtPETVwZk,2024-09-25 20:15:04,android,129120,You've Got To Hide Your Love Away - Remastered 2009,The Beatles,Help!,trackdone,trackdone,TRUE,FALSE
7EXgO1bRnEArE58rtrgMWB,2024-09-25 20:18:20,android,195146,Street Fighting Man - 50th Anniversary Edition,The Rolling Stones,Beggars Banquet,trackdone,trackdone,TRUE,FALSE
6os5B6xjuke9YfBKH3tu1e,2024-09-25 20:21:47,android,205826,Highway 61 Revisited,Bob Dylan,Highway 61 Revisited,trackdone,trackdone,TRUE,FALSE
3KiexfmhxHvG5IgAElmTkd,2024-09-25 20:24:41,android,173946,I Saw Her Standing There - Remastered 2009,The Beatles,Please Please Me,trackdone,trackdone,TRUE,FALSE
3OuMIIFP5TxM8tLXMWYPGV,2024-09-25 20:30:16,android,334555,Whole Lotta Love - Remaster,Led Zeppelin,Led Zeppelin II,trackdone,trackdone,TRUE,FALSE
3vO2BbrhKNV2PDl276BUIZ,2024-09-25 20:33:14,android,177266,Cotton Fields,Creedence Clearwater Revival,Willy And The Poor Boys,trackdone,trackdone,TRUE,FALSE
1L4RtuEiAiwdX5taX4meLI,2024-09-25 20:35:56,android,161466,"Corrina, Corrina",Bob Dylan,The Freewheelin' Bob Dylan,trackdone,trackdone,TRUE,FALSE
031rVKYjBhsaVM8o1i1vK0,2024-09-25 20:48:50,android,143630,Proud Mary,Creedence Clearwater Revival,Chronicle: 20 Greatest Hits,trackdone,logout,TRUE,FALSE
536L9C0N7vhYdibCJx3cI2,2024-09-26 01:40:51,android,12600,The Wreck of the Edmund Fitzgerald,Gordon Lightfoot,Summertime Dream,clickrow,logout,TRUE,FALSE
536L9C0N7vhYdibCJx3cI2,2024-09-26 01:58:57,android,208479,The Wreck of the Edmund Fitzgerald,Gordon Lightfoot,Summertime Dream,appload,endplay,TRUE,TRUE
4KcH1ZRV2W1q7Flq0QqC76,2024-09-26 02:01:11,android,134466,Blitzkrieg Bop - 2016 Remaster,Ramones,Ramones,playbtn,trackdone,TRUE,FALSE
5Z3Rd1fMcaty8g5Pn7yhBQ,2024-09-26 02:01:31,android,18415,The Continuing Story Of Bungalow Bill - Remastered 2009,The Beatles,The Beatles,trackdone,fwdbtn,TRUE,TRUE
6FGVd5yS155IEvtD1TFONX,2024-09-26 02:01:33,android,1547,Per Elena,Ennio Morricone,Nuovo Cinema Paradiso (Original Motion Picture Soundtrack),fwdbtn,fwdbtn,TRUE,TRUE
5VWC7v2dC2K0SIIjT9WTLN,2024-09-26 02:01:34,android,1541,Welcome to the Machine,Pink Floyd,Wish You Were Here,fwdbtn,fwdbtn,TRUE,TRUE
0rE8nugfCMtsC3mzNukV8Z,2024-09-26 02:01:36,android,1596,"Dark as the Dungeon - Live at Folsom State Prison, Folsom, CA - January 1968",Johnny Cash,At Folsom Prison,fwdbtn,fwdbtn,TRUE,TRUE
3BsNxZnM79oJPjhCdUDab9,2024-09-26 02:05:38,android,243000,The Kids Don't Stand a Chance,Vampire Weekend,Vampire Weekend,fwdbtn,trackdone,TRUE,FALSE
7D5WsIISgiaBTfgubAuU4Z,2024-09-26 02:05:42,android,2316,"Give My Love to Rose - Live at Folsom State Prison, Folsom, CA - January 1968",Johnny Cash,At Folsom Prison,trackdone,fwdbtn,TRUE,TRUE
2EZvArENO4nZq7Re0zhEAA,2024-09-26 02:05:44,android,1750,Why Me? Why Not.,Liam Gallagher,Why Me? Why Not.,fwdbtn,fwdbtn,TRUE,TRUE
4C4Pduzp8LfAtQXHAGQWM5,2024-09-26 02:05:51,android,6839,Sedated,Hozier,Hozier,fwdbtn,fwdbtn,TRUE,TRUE
0jvN7eQJJt4nxQzgQfZ1SP,2024-09-26 02:09:53,android,242893,Spirit In The Sky - Deluxe Edition,Norman Greenbaum,Spirit In The Sky,fwdbtn,trackdone,TRUE,FALSE
2zdpz8sk3rkh0fLYabLjmj,2024-09-26 02:09:56,android,1510,I Can't Stay,The Killers,Day & Age - Bonus Tracks,trackdone,fwdbtn,TRUE,TRUE
30C1FoJzEhNUILsxghioGz,2024-09-26 02:09:57,android,1294,Lurgee,Radiohead,Pablo Honey,fwdbtn,fwdbtn,TRUE,TRUE
165FBpcm7ng4HPBiGg806H,2024-09-26 02:09:59,android,1900,Este Terco Corazón,Pepe Aguilar,Por El Amor De Siempre,fwdbtn,fwdbtn,TRUE,TRUE
50ruR1ueH4wroJBpJOnjQS,2024-09-26 02:13:23,android,205395,Everlasting Light,The Black Keys,Brothers,fwdbtn,trackdone,TRUE,FALSE
0wzt5Ql7PDySTQviZdLvZ4,2024-09-26 02:28:11,android,184131,Wagon Wheel,Lou Reed,Transformer,trackdone,logout,TRUE,FALSE
0wzt5Ql7PDySTQviZdLvZ4,2024-09-26 05:02:09,android,16401,Wagon Wheel,Lou Reed,Transformer,appload,trackdone,TRUE,FALSE
0bQsNfzUMg134oWkAclfeK,2024-09-26 05:02:21,android,10052,Running Towards A Place,The Killers,Imploding The Mirage,trackdone,fwdbtn,TRUE,TRUE
1fSYMWd6g0podYjeEAJDbd,2024-09-26 05:05:24,android,183673,Mustang,Skegss,Everyone Is Good At Something,fwdbtn,trackdone,TRUE,FALSE
4401c08DdNwwGEg8WGCkQf,2024-09-26 05:07:43,android,138560,Paperback Writer - Remastered 2009,The Beatles,Past Masters,trackdone,trackdone,TRUE,FALSE
6iX1QW1gGIVNEItnqyvFfH,2024-09-26 05:12:55,android,311703,Blue Sky,Allman Brothers Band,Eat A Peach,trackdone,trackdone,TRUE,FALSE
6uya0AiJA1Avd4DY2XFlVm,2024-09-26 05:15:38,android,163045,I Walk The Line - Single Version,Johnny Cash,With His Hot and Blue Guitar,trackdone,trackdone,TRUE,FALSE
2eSlBeOIKaT5LvPplw9aPN,2024-09-26 05:19:29,android,230586,Month of May,Arcade Fire,The Suburbs (Deluxe),trackdone,trackdone,TRUE,FALSE
1IdTIzkTK6CcpKKgMUGbg7,2024-09-26 05:20:27,android,56280,Vultures,John Mayer,Continuum,trackdone,fwdbtn,TRUE,TRUE
3hb2ScEVkGchcAQqrPLP0R,2024-09-26 05:24:45,android,258920,Photograph,Nickelback,All the Right Reasons,fwdbtn,trackdone,TRUE,FALSE
1EsgUWQsxGBwnu3NATDjiU,2024-09-26 05:25:20,android,27105,The Modern Age,The Strokes,Is This It,trackdone,endplay,TRUE,TRUE
5hhVpGIBlqAU5yJEOmrk5o,2024-09-26 18:35:11,android,353720,All My Love - Remaster,Led Zeppelin,In Through the out Door,fwdbtn,trackdone,TRUE,FALSE
6VqCe4PcokSekHPJQaDx0B,2024-09-26 18:37:53,android,162213,Blue Moon - Take 9/M,Elvis Presley,Elvis Presley,trackdone,trackdone,TRUE,FALSE
4NfK33ReDnc5qJluvErGnF,2024-09-26 18:42:16,android,261426,Out on the Town - Bonus Track,fun.,Some Nights,trackdone,trackdone,TRUE,FALSE
38BtUFtq4oxdB0Sku1iInh,2024-09-26 18:45:37,android,201240,Worship You,Vampire Weekend,Modern Vampires of the City,trackdone,trackdone,TRUE,FALSE
1762dIWIA8MIboSnpN6fzx,2024-09-26 18:49:16,android,218266,Love Lost,The Temper Trap,Conditions,trackdone,trackdone,TRUE,FALSE
1B8MHa0NveCF1ViBEOZWO5,2024-09-26 18:53:08,android,232066,Addicted,Simple Plan,"No Pads, No Helmets...Just Balls",trackdone,trackdone,TRUE,FALSE
5qnOCQW9EwKd6kG6HVecHo,2024-09-26 18:55:43,android,153986,Busted,The Black Keys,The Big Come Up,trackdone,trackdone,TRUE,FALSE
0lP4HYLmvowOKdsQ7CVkuq,2024-09-26 18:59:35,android,231533,The Kill,Thirty Seconds To Mars,A Beautiful Lie,trackdone,trackdone,TRUE,FALSE
3O6xCKNtVyHUcL6HhGWcXL,2024-09-26 19:02:45,android,189533,I'm So Free,Lou Reed,Transformer,trackdone,trackdone,TRUE,FALSE
4pXyK9GW7fuT645U0DLYYF,2024-09-26 19:05:54,android,188313,"Alone, Together",The Strokes,Is This It,trackdone,trackdone,TRUE,FALSE
0WZZJ0mDKIkLfL0710ssZt,2024-09-26 19:10:43,android,288333,Neighborhood #1 (Tunnels),Arcade Fire,Funeral,trackdone,trackdone,TRUE,FALSE
1SW1BedvKrjZBDRRirzBCK,2024-09-26 19:14:50,android,247000,Little Lion Man,Mumford & Sons,Sigh No More,trackdone,trackdone,TRUE,FALSE
2ULL3VZf4WwBKO4vjwT7Bg,2024-09-26 19:17:51,android,180133,Sloop John B,The Beach Boys,Pet Sounds,trackdone,trackdone,TRUE,FALSE
242E7zj2wWWegVlurGpaVz,2024-09-26 19:19:44,android,112706,Rip It Up,Elvis Presley,Elvis,trackdone,trackdone,TRUE,FALSE
7fQ3PYTYdu208fQ3JEm2U7,2024-09-26 19:22:12,android,147293,Ain't That A Kick In The Head,Dean Martin,"Dean Martin: The Capitol Recordings, Vol. 11 (1960-1961)",trackdone,trackdone,TRUE,FALSE
5HlLgmHL8qafp46jMtlxZJ,2024-09-26 19:26:28,android,255701,Custard Pie - Remaster,Led Zeppelin,Physical Graffiti,trackdone,trackdone,TRUE,FALSE
3sRQJYlA7P4oIRUwy8Im9r,2024-09-26 19:29:21,android,172253,Isolation - Remastered 2010,John Lennon,Plastic Ono Band,trackdone,trackdone,TRUE,FALSE
3LtQFkTESnyalJrfqzNJkH,2024-09-26 19:32:04,android,162560,Sea Of Heartbreak,Johnny Cash,American II: Unchained,trackdone,trackdone,TRUE,FALSE
6DUe3XqMPk2OMsT3QQfcVE,2024-09-26 19:34:53,android,168840,Little Lotte / The Mirror (Angel Of Music),Andrew Lloyd Webber,The Phantom Of The Opera,trackdone,trackdone,TRUE,FALSE
2WprqxEZnMjAdFxekmyMCl,2024-09-26 19:38:41,android,227395,Beautiful Mistakes (feat. Megan Thee Stallion),Maroon 5,JORDI,trackdone,trackdone,TRUE,FALSE
747LeNCUC3bF2h43E73rFh,2024-09-26 19:41:50,android,187896,Monday,Imagine Dragons,Mercury - Acts 1 & 2,trackdone,trackdone,TRUE,FALSE
1HFoO5EdFw6emUIf8GofxH,2024-09-26 19:44:36,android,166213,Who Loves the Sun - 2015 Remaster,The Velvet Underground,Loaded,trackdone,trackdone,TRUE,FALSE
7bcy34fBT2ap1L4bfPsl9q,2024-09-26 19:47:15,android,158463,I Didn't Change My Number,Billie Eilish,Happier Than Ever,trackdone,trackdone,TRUE,FALSE
0hocZSv0Fbfqf09t2UcCKn,2024-09-26 19:50:05,android,169533,Old Tyme Religion,Hugo,Old Tyme Religion,trackdone,trackdone,TRUE,FALSE
4GtwsI12udoBup7wWj7uEa,2024-09-26 19:53:55,android,229013,"Carmen / Act II: Toreador Song: ""Votre toast, je peux vous le rendre"" (from Carmen / Act 2)",Georges Bizet,Bryn Terfel sings Favourites,trackdone,trackdone,TRUE,FALSE
3cRTt4jCzcyRLe6nh6c5io,2024-09-26 19:54:47,android,51800,My Mummy's Dead - Remastered 2010,John Lennon,Plastic Ono Band,trackdone,trackdone,TRUE,FALSE
1244xKUG27TnmQhUJlo3gU,2024-09-26 20:01:40,android,359520,Reapers,Muse,Drones,trackdone,trackdone,TRUE,FALSE
0sKlV58cODrjxGFOyf9IXY,2024-09-26 20:06:39,android,298120,The Way You Make Me Feel - 2012 Remaster,Michael Jackson,Bad 25th Anniversary,trackdone,trackdone,TRUE,FALSE
2QwObYJWyJTiozvs0RI7CF,2024-09-26 20:10:53,android,253853,Street Spirit (Fade Out),Radiohead,The Bends,trackdone,trackdone,TRUE,FALSE
3YvSaCeNvGlFzIU1cFC5mG,2024-09-26 20:15:24,android,246413,Crawl,Kings of Leon,Only By The Night,trackdone,trackdone,TRUE,FALSE
1aOxOpH4AkGAd8OMrKjyNY,2024-09-26 20:20:00,android,275666,Why Are Sundays So Depressing,The Strokes,The New Abnormal,trackdone,trackdone,TRUE,FALSE
7hefVXaGsFPesbK6fKwS6F,2024-09-26 20:22:06,android,125360,Another Girl - Remastered 2009,The Beatles,Help!,trackdone,trackdone,TRUE,FALSE
7faybsF8gIVvWtAp9hUcI2,2024-09-26 20:25:55,android,228840,Soul Survivor,The Rolling Stones,Exile On Main Street,trackdone,trackdone,TRUE,FALSE
09eg3FGzsZQbZk8qEXhJIA,2024-09-26 20:30:31,android,274773,Stop Breaking Down,The Rolling Stones,Exile On Main Street,trackdone,trackdone,TRUE,FALSE
2iGtdYI4lI0jDpnxJOqZRw,2024-09-26 20:37:41,android,429933,Hey Jude - Remastered 2009,The Beatles,Past Masters,trackdone,trackdone,TRUE,FALSE
2zLLGT8WWT1dl73TlVL9qs,2024-09-26 20:42:04,android,262925,Mariposa Traicionera - 2020 Remasterizado,Maná,Revolución De Amor,trackdone,trackdone,TRUE,FALSE
2pJZ1v8HezrAoZ0Fhzby92,2024-09-26 20:46:02,android,237333,What Do I Know?,Ed Sheeran,÷,trackdone,trackdone,TRUE,FALSE
5GjPQ0eI7AgmOnADn1EO6Q,2024-09-26 20:48:09,android,126533,Eleanor Rigby - Remastered 2009,The Beatles,Revolver,trackdone,trackdone,TRUE,FALSE
2kR18wsL3gvXRXdNE4dCGc,2024-09-26 20:51:38,android,205000,Homegrown,Zac Brown Band,JEKYLL + HYDE,trackdone,trackdone,TRUE,FALSE
0sDq58rB9SQ0zXrciRu6B2,2024-09-26 20:56:14,android,275493,Move Together,James Bay,Chaos And The Calm,trackdone,trackdone,TRUE,FALSE
5Bh8l8evdBSIoaK6EP1bWI,2024-09-26 21:42:33,android,57257,Baby Driver,Simon & Garfunkel,Bridge Over Troubled Water,trackdone,logout,TRUE,FALSE
5Bh8l8evdBSIoaK6EP1bWI,2024-09-27 03:00:31,android,138522,Baby Driver,Simon & Garfunkel,Bridge Over Troubled Water,appload,trackdone,TRUE,FALSE
003vvx7Niy0yvhvHt4a68B,2024-09-27 03:04:15,android,222973,Mr. Brightside,The Killers,Hot Fuss,trackdone,trackdone,TRUE,FALSE
5u6y4u5EgDv0peILf60H5t,2024-09-27 03:08:32,android,256933,Oye Como Va,Santana,Abraxas,trackdone,trackdone,TRUE,FALSE
111HOSfnPX1mCxwwb49BCY,2024-09-27 03:13:02,android,269533,Caution,The Killers,Imploding The Mirage,trackdone,trackdone,TRUE,FALSE
4czeOwtZiBPVKNtmctTcKb,2024-09-27 03:13:16,android,12363,That Was the President,Phil Ochs,I Ain't Marching Anymore,trackdone,fwdbtn,TRUE,TRUE
2G3ud9WTxl6uYRG75X6Ib0,2024-09-27 04:21:03,android,250653,Del río,Ed Maverick,mix pa llorar en tu cuarto,fwdbtn,trackdone,TRUE,FALSE
0gbHCGdyXbiXh6lGOykQhp,2024-09-27 04:39:00,android,80850,Lyla,Oasis,Don't Believe The Truth,trackdone,endplay,TRUE,TRUE
0gbHCGdyXbiXh6lGOykQhp,2024-09-27 04:56:56,android,230675,Lyla,Oasis,Don't Believe The Truth,remote,trackdone,TRUE,FALSE
3C542UknrX76XSRXTyQ1Qg,2024-09-27 05:12:32,android,211336,Tighten Up,The Black Keys,Brothers,trackdone,trackdone,TRUE,FALSE
4Wgj6jzoI2gYlumXdYAB8U,2024-09-27 05:15:45,android,173301,The National Anthem,Radiohead,Kid A,trackdone,endplay,TRUE,TRUE
4Wgj6jzoI2gYlumXdYAB8U,2024-09-27 05:18:57,android,178406,The National Anthem,Radiohead,Kid A,remote,trackdone,TRUE,FALSE
70MqJOpUHPB10OzrI06x7U,2024-09-27 05:21:54,android,176693,Son of a Lovin' Man,Buchanan Brothers,Quentin Tarantino's Once Upon a Time in Hollywood Original Motion Picture Soundtrack,trackdone,trackdone,TRUE,FALSE
5OopR4VVuv6WK07X8ZM9v7,2024-09-27 05:24:56,android,181533,We Are The Champions,Queen,News Of The World,trackdone,trackdone,TRUE,FALSE
6dGnYIeXmHdcikdzNNDMm2,2024-09-27 05:28:02,android,185733,Here Comes The Sun - Remastered 2009,The Beatles,Abbey Road,trackdone,trackdone,TRUE,FALSE
4cezgEHMXLDu0bDMP0MFT2,2024-09-27 05:29:32,android,89373,"Folsom Prison Blues - Live at San Quentin State Prison, San Quentin, CA - February 1969",Johnny Cash,At San Quentin,trackdone,trackdone,TRUE,FALSE
137ffozqjw08NxTqOFwlqh,2024-09-27 21:50:12,android,230515,Home,Daughtry,Daughtry,trackdone,fwdbtn,TRUE,TRUE
1YN55N73ChOA6uJRkUhiD0,2024-09-27 21:50:13,android,874,Lágrimas de Mármol,Joaquín Sabina,Lo Niego Todo,fwdbtn,fwdbtn,TRUE,TRUE
7f0VwIpCcovBKMxKvWLL0y,2024-09-27 21:50:14,android,1478,"Rigoletto / Act 1: ""Questa o quella""",Giuseppe Verdi,Luciano Pavarotti - The Best,fwdbtn,fwdbtn,TRUE,TRUE
4D40ZlFAWsvX7lua1Kablh,2024-09-27 21:50:16,android,1855,Jet - 2010 Remaster,Paul McCartney,Band On The Run,fwdbtn,fwdbtn,TRUE,TRUE
5e55zfjZiqIytDQWEr100c,2024-09-27 21:50:18,android,1627,I Can't Stand It,Lou Reed,Lou Reed,fwdbtn,fwdbtn,TRUE,TRUE
4MLBqAEzNN89o2M9h92Z26,2024-09-27 21:53:27,android,189386,Get Back - Remastered 2009,The Beatles,Let It Be,fwdbtn,trackdone,TRUE,FALSE
1moe13YJt9zgGMyMbCZ5Gt,2024-09-27 21:57:08,android,221147,Glimmer,Liam Gallagher,Why Me? Why Not.,trackdone,trackdone,TRUE,FALSE
7hR5toSPEgwFZ78jfHdANM,2024-09-27 22:01:19,android,250373,Half of My Heart,John Mayer,Battle Studies,trackdone,trackdone,TRUE,FALSE
2gE95JskwQ1pCACTpGe1Db,2024-09-27 22:04:06,android,166280,Down On The Corner,Creedence Clearwater Revival,Willy And The Poor Boys,trackdone,trackdone,TRUE,FALSE
2Byoha5i4PuzTstLLr8Mq1,2024-09-27 22:08:05,android,238642,Halo,Liam Gallagher,Why Me? Why Not.,trackdone,trackdone,TRUE,FALSE
2ISOWWoNh0lVz2XH6lXmrt,2024-09-27 22:59:16,android,43390,I Me Mine - Naked Version / Remastered 2013,The Beatles,Let It Be... Naked,trackdone,endplay,TRUE,TRUE
2ISOWWoNh0lVz2XH6lXmrt,2024-09-28 00:54:11,android,14580,I Me Mine - Naked Version / Remastered 2013,The Beatles,Let It Be... Naked,clickrow,logout,TRUE,FALSE
7yZ93UxLRiF6eaiBrYkWfr,2024-09-28 01:56:48,android,11110,My Kinda Party,Jason Aldean,My Kinda Party,playbtn,endplay,TRUE,TRUE
1DbZAffh8GGwW41Q3AU8iC,2024-09-28 01:57:29,android,40524,Flower Shops (feat. Morgan Wallen),ERNEST,FLOWER SHOPS (THE ALBUM),clickrow,endplay,FALSE,TRUE
3xdjjKMcMOFgo1eQrfbogM,2024-09-28 02:02:27,android,298373,Wagon Wheel,Darius Rucker,True Believers,clickrow,trackdone,FALSE,FALSE
7221xIgOnuakPdLqT0F3nP,2024-09-28 02:07:15,android,178205,I Had Some Help (Feat. Morgan Wallen),Post Malone,I Had Some Help,trackdone,trackdone,FALSE,FALSE
0LQtEJt7x0s6knb6RKdRYc,2024-09-28 02:11:14,android,238146,Chicken Fried,Zac Brown Band,The Foundation,trackdone,trackdone,FALSE,FALSE
0QULNNd9z5s35entfiiXoa,2024-09-28 02:15:20,android,245625,Drunk (And I Don't Wanna Go Home),Elle King,Drunk (And I Don't Wanna Go Home),trackdone,trackdone,FALSE,FALSE
2Fs18NaCDuluPG1DHGw1XG,2024-09-28 02:19:57,android,276320,Life is a Highway,Rascal Flatts,Me And My Gang,trackdone,trackdone,FALSE,FALSE
2uqYupMHANxnwgeiXTZXzd,2024-09-28 02:22:49,android,171782,Austin (Boots Stop Workin'),Dasha,What Happens Now?,trackdone,trackdone,FALSE,FALSE
2FQrifJ1N335Ljm3TjTVVf,2024-09-28 02:26:08,android,171291,A Bar Song (Tipsy),Shaboozey,A Bar Song (Tipsy),trackdone,trackdone,FALSE,FALSE
6cjwec9ii5uLK7CDfPBYt1,2024-09-28 02:29:52,android,223832,Wide Open Spaces,The Chicks,Wide Open Spaces,trackdone,trackdone,FALSE,FALSE
5jROdl6MhcmP3O7h2sVgtw,2024-09-28 02:34:06,android,253200,Parachute,Chris Stapleton,Traveller,trackdone,trackdone,FALSE,FALSE
0pdfN7nOHMYmKykzu1cyfm,2024-09-28 02:38:13,android,246760,Any Man Of Mine,Shania Twain,The Woman In Me,trackdone,trackdone,FALSE,FALSE
0b9djfiuDIMw1zKH6gV74g,2024-09-28 02:43:37,android,323040,Somebody Like You,Keith Urban,Golden Road,trackdone,trackdone,FALSE,FALSE
2bV4NwncWMnVvcWyU2yxwB,2024-09-28 02:46:13,android,156275,hole in the bottle (with Shania Twain),Kelsea Ballerini,hole in the bottle (with Shania Twain),trackdone,trackdone,FALSE,FALSE
09qzRI951OVkXGCc33gzcT,2024-09-28 02:49:42,android,208106,My Maria,Brooks & Dunn,#1s ... and then some,trackdone,trackdone,FALSE,FALSE
7MSWxMumjz6lHj7oRApNbg,2024-09-28 02:54:11,android,267893,White Horse,Chris Stapleton,White Horse,trackdone,trackdone,FALSE,FALSE
2NNioXX1t4whQsBF8FfExl,2024-09-28 02:57:09,android,177951,Woman You Got,Maddie & Tae,Woman You Got,trackdone,trackdone,FALSE,FALSE
0zguOtmQBHtdzIG35vZilH,2024-09-28 02:59:38,android,148160,Chattahoochee,Alan Jackson,A Lot About Livin' (And A Little 'Bout Love),trackdone,trackdone,FALSE,FALSE
5NUXE8W12lWcUXgJRCjeEw,2024-09-28 03:06:20,android,171214,One Too Many,Keith Urban,One Too Many,trackdone,logout,FALSE,FALSE
5NUXE8W12lWcUXgJRCjeEw,2024-09-28 17:39:32,android,32687,One Too Many,Keith Urban,One Too Many,appload,trackdone,FALSE,FALSE
0JbSghVDghtFEurrSO8JrC,2024-09-28 17:40:52,android,79525,Country Girl (Shake It For Me),Luke Bryan,Tailgates & Tanlines,trackdone,endplay,FALSE,TRUE
7DmiHaP1MxL9i1p0kHhXq2,2024-09-28 17:40:56,android,2148,Wasted Time,Vance Joy,Dream Your Life Away,playbtn,fwdbtn,TRUE,TRUE
0fYVliAYKHuPmECRs1pbRf,2024-09-28 17:41:10,android,14369,Renegades,X Ambassadors,VHS,fwdbtn,fwdbtn,TRUE,TRUE
739sLmfUkVFoyPtb0C3263,2024-09-28 17:44:29,android,199573,Girl from the North Country,Bob Dylan,The Freewheelin' Bob Dylan,fwdbtn,trackdone,TRUE,FALSE
6ONXnW7OLAQUt4tbKZYhKG,2024-09-28 17:48:15,android,225760,Long As You're At Home,Houndmouth,From the Hills Below the City,trackdone,trackdone,TRUE,FALSE
3aBOGGAjllxDqGRgewnYIu,2024-09-28 17:51:59,android,223320,Stealing Cars,James Bay,Chaos And The Calm,trackdone,trackdone,TRUE,FALSE
50nfwKoDiSYg8zOCREWAm5,2024-09-28 17:59:32,android,68127,Shivers,Ed Sheeran,=,trackdone,endplay,TRUE,TRUE
50nfwKoDiSYg8zOCREWAm5,2024-09-28 18:26:26,android,140726,Shivers,Ed Sheeran,=,remote,trackdone,TRUE,FALSE
5Bh8l8evdBSIoaK6EP1bWI,2024-09-28 18:29:42,android,195760,Baby Driver,Simon & Garfunkel,Bridge Over Troubled Water,trackdone,trackdone,TRUE,FALSE
3YB9cvd668HXBEq8rbBW8P,2024-09-28 19:50:22,android,1142390,Human Sadness,The Voidz,Tyranny,trackdone,endplay,TRUE,TRUE
5Hroj5K7vLpIG4FNCRIjbP,2024-09-28 20:05:19,android,194240,Best Day Of My Life,American Authors,"Oh, What A Life",remote,trackdone,TRUE,FALSE
1F10hpkS0xntdnTZ4bIjTp,2024-09-29 19:19:41,android,250537,The Song Is Over,The Who,Who's Next - Deluxe Edition,trackdone,fwdbtn,TRUE,TRUE
3LtQFkTESnyalJrfqzNJkH,2024-09-29 19:22:23,android,162560,Sea Of Heartbreak,Johnny Cash,American II: Unchained,fwdbtn,trackdone,TRUE,FALSE
56sxN1yKg1dgOZXBcAHkJG,2024-09-29 19:25:53,android,209693,"Gone, Gone, Gone",Phillip Phillips,The World From The Side Of The Moon,trackdone,trackdone,TRUE,FALSE
5hBOEqqkcQaUgkRhh6EyX4,2024-09-29 19:32:58,android,424413,With God on Our Side,Bob Dylan,The Times They Are A-Changin',trackdone,trackdone,TRUE,FALSE
0KJSObYaDqPB3xD5E2zSL0,2024-09-29 19:35:47,android,168809,Look a Little on the Sunny Side,The Kinks,Everybody's in Show-Biz,trackdone,trackdone,TRUE,FALSE
1tJEdsmqcWGSRDM9uU4a67,2024-09-29 19:38:26,android,85797,Gone for Good - 2023 Remaster,The Shins,Chutes Too Narrow,trackdone,endplay,TRUE,TRUE
1tJEdsmqcWGSRDM9uU4a67,2024-09-29 19:46:27,android,107556,Gone for Good - 2023 Remaster,The Shins,Chutes Too Narrow,remote,trackdone,TRUE,FALSE
5bbvdCQ6kc3OeC3FzUl9Dx,2024-09-29 19:49:31,android,183320,Everlasting Arms,Vampire Weekend,Modern Vampires of the City,trackdone,trackdone,TRUE,FALSE
3xGJuHvSxFJxxYlHj5BIoT,2024-09-29 21:22:38,android,209956,Young Lust,Pink Floyd,The Wall,trackdone,trackdone,TRUE,FALSE
5zhfggnBHJA2iJAnBWYsau,2024-09-29 21:26:03,android,204026,What Kind of Fool Am I,Sammy Davis Jr.,I've Gotta Be Me: The Best Of Sammy Davis Jr.,trackdone,trackdone,TRUE,FALSE
2OVRFFils41liNXxDc1xbz,2024-09-29 21:30:46,android,282953,Stuck on Here on Earth,Keuning,Prismism,trackdone,trackdone,TRUE,FALSE
6gnjsHQ76nhHGiVuvuKl9n,2024-09-29 21:41:50,android,212786,Fool For You,Phillip Phillips,Behind The Light,trackdone,trackdone,TRUE,FALSE
644es5aYPJghtZLjM1rmSP,2024-09-29 21:42:00,android,8274,Concerning Hobbits,Howard Shore,The Lord of the Rings: The Fellowship of the Ring (Original Motion Picture Soundtrack),trackdone,fwdbtn,TRUE,TRUE
0Wzp5pWPoX0YoBg002HXL9,2024-09-29 22:23:57,android,128693,Tell Me Why - Remastered 2009,The Beatles,A Hard Day's Night,fwdbtn,trackdone,TRUE,FALSE
5SSqUpMby3y8W0qy3JME5E,2024-09-29 22:28:16,android,259160,"Wait Until Tomorrow - Live at the Nokia Theatre, Los Angeles, CA - December 2007",John Mayer,Where the Light Is: John Mayer Live In Los Angeles,trackdone,trackdone,TRUE,FALSE
7H26s3Beg4PYBXkj0q9SEi,2024-09-29 22:54:25,android,178277,"Say Hello, Wave Goodbye",David Gray,White Ladder,trackdone,logout,TRUE,FALSE
7JTZ4foUAYFioifMse2hdL,2024-09-30 03:21:57,android,361132,"Say Hello, Wave Goodbye",David Gray,White Ladder,appload,trackdone,TRUE,FALSE
4GiLKZ6Fd3d5UMJMGuzAA0,2024-09-30 04:33:39,android,182826,Laid,Matt Nathanson,American Wedding,trackdone,trackdone,TRUE,FALSE
4CRLruAsui7zVwUMlsvjJk,2024-09-30 04:38:41,android,301600,Prismism,Keuning,Prismism,trackdone,trackdone,TRUE,FALSE
70MqJOpUHPB10OzrI06x7U,2024-09-30 04:41:38,android,176693,Son of a Lovin' Man,Buchanan Brothers,Quentin Tarantino's Once Upon a Time in Hollywood Original Motion Picture Soundtrack,trackdone,trackdone,TRUE,FALSE
0wqOReZDnrefefEsrIGeR4,2024-09-30 04:45:15,android,216066,Hanging By A Moment,Lifehouse,No Name Face,trackdone,trackdone,TRUE,FALSE
3cY8cOjaN8Lwi08g9Fpr6D,2024-09-30 04:47:23,android,127038,North Country Blues,Bob Dylan,The Times They Are A-Changin',trackdone,fwdbtn,TRUE,TRUE
6wZI4mdT8JwXgkGURnBQiq,2024-09-30 04:51:13,android,230213,Say,John Mayer,Say,fwdbtn,trackdone,TRUE,FALSE
53K7EWmmobveFSof8EymKa,2024-09-30 04:57:09,android,356040,Have You Heard,John Mayall & The Bluesbreakers,Blues Breakers,trackdone,trackdone,TRUE,FALSE
5eyTC5GZzpzlN7YRO9AoPf,2024-09-30 05:02:28,android,222946,The View From The Afternoon,Arctic Monkeys,"Whatever People Say I Am, That's What I'm Not",trackdone,trackdone,TRUE,FALSE
2G3ud9WTxl6uYRG75X6Ib0,2024-09-30 05:23:46,android,161013,Del río,Ed Maverick,mix pa llorar en tu cuarto,trackdone,logout,TRUE,FALSE
2G3ud9WTxl6uYRG75X6Ib0,2024-09-30 05:45:15,android,90871,Del río,Ed Maverick,mix pa llorar en tu cuarto,appload,trackdone,TRUE,FALSE
6Brmhk7BOshEQpEq8Fi9WB,2024-09-30 05:53:46,android,206466,Scarecrow,Alex & Sierra,It's About Us,trackdone,trackdone,TRUE,FALSE
3kQDIa85ZK8cKVn72NfBnl,2024-09-30 05:56:21,android,154466,I Don't Want To Spoil The Party - Remastered 2009,The Beatles,Beatles For Sale - Remastered,trackdone,trackdone,TRUE,FALSE
2vLhb34HqnPwNCKx0atimx,2024-09-30 05:59:50,android,207973,I Know A Little,Lynyrd Skynyrd,Street Survivors,trackdone,trackdone,TRUE,FALSE
4wMR4fRKMTyUJG6VAsmccv,2024-09-30 21:06:03,android,134933,Riot Van,Arctic Monkeys,"Whatever People Say I Am, That's What I'm Not",trackdone,trackdone,TRUE,FALSE
5GjPQ0eI7AgmOnADn1EO6Q,2024-09-30 21:08:10,android,126533,Eleanor Rigby - Remastered 2009,The Beatles,Revolver,trackdone,trackdone,TRUE,FALSE
5dpRJkvY8oWMQmQbEQTXhO,2024-09-30 21:10:42,android,152213,For You Blue - Remastered 2009,The Beatles,Let It Be,trackdone,trackdone,TRUE,FALSE
3nSiB5WCF2pmRQrYSsteHv,2024-09-30 21:14:08,android,204506,Young Volcanoes,Fall Out Boy,Save Rock And Roll,trackdone,trackdone,TRUE,FALSE
6L89mwZXSOwYl76YXfX13s,2024-09-30 21:17:10,android,181533,Basket Case,Green Day,Dookie,trackdone,trackdone,TRUE,FALSE
3P3fymPrC9KgV2Kf5oMnx0,2024-09-30 22:42:17,android,257106,The Air That I Breathe - 2008 Remaster,The Hollies,Hollies,trackdone,trackdone,TRUE,FALSE
09e3onHcCEizlM8IW0t5ff,2024-10-01 03:32:16,android,171779,The Great Eye,Howard Shore,The Lord of the Rings: The Fellowship of the Ring - the Complete Recordings,trackdone,fwdbtn,TRUE,TRUE
3LhjNv5iXXelvLVxn1s5Di,2024-10-01 03:35:13,android,178160,Man We Was Lonely - Remastered 2011,Paul McCartney,McCartney,fwdbtn,trackdone,TRUE,FALSE
6Vcwr9tb3ZLO63F8DL8cqu,2024-10-01 03:39:47,android,264430,Tangled up in Blue,Bob Dylan,Blood On The Tracks,trackdone,endplay,TRUE,TRUE
6Vcwr9tb3ZLO63F8DL8cqu,2024-10-01 03:56:47,android,78236,Tangled up in Blue,Bob Dylan,Blood On The Tracks,remote,trackdone,TRUE,FALSE
6a5GOVslUy8aYnXrk2yiMb,2024-10-01 03:57:12,android,23185,Un Puño De Tierra,Antonio Aguilar,"Antonio Aguilar Con Tambora, Vol. 2",trackdone,fwdbtn,TRUE,TRUE
27y2xwSylTKNi0cWcAlsG3,2024-10-01 04:06:13,android,24426,Cowgirl's Saddle,Bryan Kennedy,I'm so Jealous of Me,fwdbtn,fwdbtn,TRUE,TRUE
5MLjVCMjJKwXLk6JmPeOPe,2024-10-01 04:08:59,android,165887,Best Part of Me (feat. YEBBA),Ed Sheeran,No.6 Collaborations Project,fwdbtn,fwdbtn,TRUE,TRUE
5ovYFa8Em47SgPmhBlZb5N,2024-10-01 04:10:35,android,75759,I'm Down - Remastered 2009,The Beatles,Past Masters,fwdbtn,fwdbtn,TRUE,TRUE
48yhekIRhQmAbklmD5RlSy,2024-10-01 04:13:52,android,197929,If You Say So,Keuning,Prismism,fwdbtn,trackdone,TRUE,FALSE
58ImA5yX8b5UkLy9MDXwWO,2024-10-01 04:21:11,android,273066,Waitin' On The Day,John Mayer,Paradise Valley,trackdone,trackdone,TRUE,FALSE
4DWFSrNnZXow1aB96gByho,2024-10-01 04:23:43,android,151306,Elenore,The Turtles,The Turtles Present The Battle of the Bands,trackdone,trackdone,TRUE,FALSE
1ahYzmBVbrogM1bLR6StOz,2024-10-01 04:25:20,android,33932,Raglan Road,The Dubliners,40 Years,trackdone,logout,TRUE,FALSE
1ahYzmBVbrogM1bLR6StOz,2024-10-01 05:55:47,android,224030,Raglan Road,The Dubliners,40 Years,appload,trackdone,TRUE,FALSE
4rMNgxEwGWoPHIUcvB5BrB,2024-10-01 06:00:05,android,257847,It Will Rain,Bruno Mars,It Will Rain,trackdone,trackdone,TRUE,FALSE
5mc6EyF1OIEOhAkD0Gg9Lc,2024-10-01 06:17:08,android,190821,Closer,Nine Inch Nails,The Downward Spiral,trackdone,logout,TRUE,FALSE
2aeLQwCJM4gNwVZqVJs1vm,2024-10-01 16:53:41,android,219012,Pretty Faithful,Keuning,Prismism,fwdbtn,trackdone,TRUE,FALSE
2nkoWsTZa8LKPNGdjI5uxj,2024-10-01 16:57:19,android,217173,West Coast,Imagine Dragons,Origins,trackdone,trackdone,TRUE,FALSE
6wxeosPIr9WrmW6ALWttzv,2024-10-01 17:01:21,android,239426,A Blue Bayou,Mireille Mathieu,Une vie d'amour,trackdone,trackdone,TRUE,FALSE
0xwG5stzrc5B70TycPwenY,2024-10-01 17:05:03,android,222066,"Rainy Day, Dream Away",Jimi Hendrix,Electric Ladyland,trackdone,trackdone,TRUE,FALSE
3CPID5jKTRXhTK3yHf66KX,2024-10-01 17:08:39,android,215533,Another One Bites The Dust,Queen,The Game,trackdone,trackdone,TRUE,FALSE
7wL9EVloIobMw22rT7Ve8x,2024-10-01 17:11:33,android,172986,Man in Black,Johnny Cash,Man In Black,trackdone,trackdone,TRUE,FALSE
1oyYDQSd9QL06uwYw5F6vx,2024-10-01 17:14:44,android,185146,C'est La Vie,The Killers,Imploding The Mirage - Deluxe,trackdone,trackdone,TRUE,FALSE
7oeeeHdNY8S6zVsU0fuWLr,2024-10-01 17:17:56,android,191400,Trouble,Imagine Dragons,Smoke + Mirrors,trackdone,trackdone,TRUE,FALSE
60OdLDvZpHe4kVDYwNtYh9,2024-10-01 17:20:54,android,177666,Sweet Black Angel,The Rolling Stones,Exile On Main Street,trackdone,trackdone,TRUE,FALSE
6IxjjPfULg5XvnARR8yFnX,2024-10-01 18:04:19,android,30227,Tú y las nubes - con Banda El Recodo,Pedro Infante,Adios a Mis Chorreadas,trackdone,logout,TRUE,FALSE
6IxjjPfULg5XvnARR8yFnX,2024-10-02 01:12:27,android,153670,Tú y las nubes - con Banda El Recodo,Pedro Infante,Adios a Mis Chorreadas,appload,trackdone,TRUE,FALSE
7c378mlmubSu7NGkLFa4sN,2024-10-02 01:23:29,android,287880,Airbag,Radiohead,OK Computer,trackdone,trackdone,TRUE,FALSE
76mWFtUMYq3Gzh9WJOa83Y,2024-10-02 01:42:05,android,35827,Leaving Heartbreak Hotel,The Temper Trap,The Temper Trap,trackdone,logout,TRUE,FALSE
1cS6w47dKpFryiXFu1Ajaw,2024-10-02 01:48:18,android,232458,Leaving Heartbreak Hotel,The Temper Trap,The Temper Trap,appload,trackdone,TRUE,FALSE
2yARskwKoNDTbL61y3qqjy,2024-10-02 02:07:38,android,215120,Hold on Forever,Rob Thomas,The Great Unknown,trackdone,trackdone,TRUE,FALSE
78DVpEWwmJFC25KGz8fJuE,2024-10-02 03:22:08,android,310813,Clavado en Un Bar,Maná,Sueños Líquidos,trackdone,trackdone,TRUE,FALSE
6f49kbOuQSOsStBpyGvQfA,2024-10-02 03:25:53,android,223773,A Head Full of Dreams,Coldplay,A Head Full of Dreams,trackdone,trackdone,TRUE,FALSE
5ghIJDpPoe3CfHMGu71E6T,2024-10-02 05:10:09,android,301920,Smells Like Teen Spirit,Nirvana,Nevermind,trackdone,trackdone,TRUE,FALSE
1f2V8U1BiWaC9aJWmpOARe,2024-10-02 05:13:47,android,216933,By the Way,Red Hot Chili Peppers,By the Way,trackdone,trackdone,TRUE,FALSE
51wUFdgpNsV8cVzu7i6N0l,2024-10-02 23:25:06,android,247588,Nos Queda Mucho Dolor Por Recorrer,Ed Maverick,Nos Queda Mucho Dolor Por Recorrer,trackdone,endplay,TRUE,TRUE
51wUFdgpNsV8cVzu7i6N0l,2024-10-03 02:53:41,android,135589,Nos Queda Mucho Dolor Por Recorrer,Ed Maverick,Nos Queda Mucho Dolor Por Recorrer,remote,trackdone,TRUE,FALSE
3nFhiJReGYBDoqArWW3p5e,2024-10-03 02:59:27,android,344906,Everything Will Be Alright,The Killers,Hot Fuss,trackdone,trackdone,TRUE,FALSE
4HKXt2VLfGtDquDPm7lh5p,2024-10-03 06:01:52,android,235093,Working Man,Imagine Dragons,Night Visions,trackdone,trackdone,TRUE,FALSE
2JxcIEl51HGrSpNWiF9IsY,2024-10-03 06:04:08,android,135306,Old Black Train (feat. Justin Rubenstein),Over the Garden Wall,Over the Garden Wall,trackdone,trackdone,TRUE,FALSE
5dbx4emMuDKUSCvcr5P6kY,2024-10-03 20:21:17,android,220602,Black Gold,Houndmouth,Little Neon Limelight,trackdone,trackdone,TRUE,FALSE
1kvqv4axiWkxOdRz017sQZ,2024-10-03 20:23:29,android,130555,On the Road Again,Bob Dylan,Bringing It All Back Home,trackdone,fwdbtn,TRUE,TRUE
71KfMB0IF32Xuucdlza8RE,2024-10-03 20:23:33,android,4361,A Long Way from Home (2020 Stereo Remaster),The Kinks,"Lola Versus Powerman and the Moneygoround, Pt. 1",fwdbtn,fwdbtn,TRUE,TRUE
05DAGutMwjfc7HL5MFa1om,2024-10-03 20:26:56,android,203826,Moonlight Rider,Neil Diamond,50th Anniversary Collector's Edition,fwdbtn,trackdone,TRUE,FALSE
7gREIuHognJFspylIDJ94p,2024-10-03 20:30:31,android,214240,Vienna,Billy Joel,The Stranger,trackdone,trackdone,TRUE,FALSE
2rgH6C08H3J2AWlckoG9Vm,2024-10-03 20:30:34,android,2374,La Mujer Que No Soñé,Ricardo Arjona,Solo,trackdone,fwdbtn,TRUE,TRUE
0jKHMMHtptxPrRO5KkZFwL,2024-10-03 20:32:38,android,124346,Reminder,Mumford & Sons,Babel,fwdbtn,trackdone,TRUE,FALSE
7IX7VAXujvcZ3e1PG7sGP7,2024-10-03 20:32:47,android,7857,Kaleidoscope,Coldplay,A Head Full of Dreams,trackdone,fwdbtn,TRUE,TRUE
5lgLYRy0KTluByvOQbCucp,2024-10-03 20:37:38,android,291761,"So Long, Honey",Caamp,Caamp,fwdbtn,trackdone,TRUE,FALSE
2liXwqZRbKGHLuaqVxwAOC,2024-10-04 06:15:50,android,274600,Quicksand,Seu Jorge,The Life Aquatic Exclusive Studio Sessions Featuring Seu Jorge,trackdone,trackdone,TRUE,FALSE
1nueTG77MzNkJTKQ0ZdGzT,2024-10-04 06:19:25,android,214265,Don't Wanna Know (feat. Kendrick Lamar),Maroon 5,Red Pill Blues,trackdone,trackdone,TRUE,FALSE
4alHo6RGd0D3OUbTPExTHN,2024-10-04 06:23:11,android,225626,Just What I Needed,The Cars,The Cars,trackdone,trackdone,TRUE,FALSE
4aTgGkgMEHbGjwuoaSAT2D,2024-10-04 06:24:58,android,105908,Hand In Hand,Paul McCartney,Egypt Station,trackdone,fwdbtn,TRUE,TRUE
09Lv5rSTrlaGvx43Lq5fmM,2024-10-04 06:25:02,android,3783,Tomorrow Never Comes,Zac Brown Band,JEKYLL + HYDE,fwdbtn,fwdbtn,TRUE,TRUE
6xdLJrVj4vIXwhuG8TMopk,2024-10-04 06:27:44,android,163373,Crazy Little Thing Called Love - Remastered 2011,Queen,The Game,fwdbtn,trackdone,TRUE,FALSE
1Ug5wxoHthwxctyWTUMGta,2024-10-04 06:30:58,android,193106,1901,Phoenix,Wolfgang Amadeus Phoenix,trackdone,trackdone,TRUE,FALSE
1ewh8oh6Z8Y3cugesrTPkN,2024-10-04 10:29:59,android,124458,Sick of You,Lou Reed,New York,trackdone,logout,TRUE,FALSE
1ewh8oh6Z8Y3cugesrTPkN,2024-10-04 20:23:30,android,82461,Sick of You,Lou Reed,New York,appload,trackdone,TRUE,FALSE
2BMqay80iBzZTa608Y1eG1,2024-10-04 20:23:51,android,19684,I Me Mine - Remastered 2009,The Beatles,Let It Be,trackdone,fwdbtn,TRUE,TRUE
7iTjGs5z7opNGCXyurs0Q7,2024-10-04 20:23:53,android,2006,Bad Boy - Remastered 2009,The Beatles,Past Masters,fwdbtn,fwdbtn,TRUE,TRUE
16euYyM9iFZqOk3p9bnsEW,2024-10-04 20:23:56,android,2531,I Don't Wanna Be A Soldier Mama - Remastered 2010,John Lennon,Imagine,fwdbtn,fwdbtn,TRUE,TRUE
6tQvjqDIK9GXWIC6mejms8,2024-10-04 20:23:58,android,1633,Girl - Remastered 2009,The Beatles,Rubber Soul,fwdbtn,fwdbtn,TRUE,TRUE
2jvuMDqBK04WvCYYz5qjvG,2024-10-04 20:24:01,android,2865,Dogs,Pink Floyd,Animals,fwdbtn,fwdbtn,TRUE,TRUE
7N2PNxzZXxCdAHiAfsklhT,2024-10-04 20:24:03,android,1954,"Check Yes, Juliet",We The Kings,We The Kings,fwdbtn,fwdbtn,TRUE,TRUE
2IyAlDb54LzF8O1V08389y,2024-10-04 20:24:05,android,1558,Mother Nature's Son - Esher Demo,The Beatles,The Beatles,fwdbtn,backbtn,TRUE,TRUE
7N2PNxzZXxCdAHiAfsklhT,2024-10-04 20:27:44,android,220146,"Check Yes, Juliet",We The Kings,We The Kings,backbtn,trackdone,TRUE,FALSE
2IyAlDb54LzF8O1V08389y,2024-10-04 20:28:34,android,48973,Mother Nature's Son - Esher Demo,The Beatles,The Beatles,trackdone,fwdbtn,TRUE,TRUE
15Ev5G9uLhXqjBH4t16GQq,2024-10-04 20:28:38,android,3467,"The Heart of Life - Live at the Nokia Theatre, Los Angeles, CA - December 2007",John Mayer,Where the Light Is: John Mayer Live In Los Angeles,fwdbtn,fwdbtn,TRUE,TRUE
2cWuubNgAfXeLHzTLDf99S,2024-10-04 20:35:39,android,213026,One Life,Hedley,Storms,fwdbtn,trackdone,TRUE,FALSE
48UPSzbZjgc449aqz8bxox,2024-10-04 21:03:20,android,329733,Californication,Red Hot Chili Peppers,Californication,trackdone,trackdone,TRUE,FALSE
35HSY6uzdUJd5ur9JtYkTA,2024-10-04 21:06:52,android,211733,The Cowboys' Christmas Ball,The Killers,Don't Waste Your Wishes,trackdone,trackdone,TRUE,FALSE
6rS2k3Lv0w2fAUMaI7xNsH,2024-10-04 21:07:57,android,63099,Read My Mind - Live From The Royal Albert Hall / 2009,The Killers,Live From The Royal Albert Hall,trackdone,fwdbtn,TRUE,TRUE
2iIb73Qn02LsZwpW8RJUxh,2024-10-04 21:08:00,android,2823,Friction,Imagine Dragons,Smoke + Mirrors,fwdbtn,fwdbtn,TRUE,TRUE
7pFznsNR8N4sRaE7AQPKez,2024-10-04 21:08:02,android,1936,European Son,The Velvet Underground,The Velvet Underground & Nico 45th Anniversary,fwdbtn,fwdbtn,TRUE,TRUE
5Z3Rd1fMcaty8g5Pn7yhBQ,2024-10-04 21:08:04,android,2290,The Continuing Story Of Bungalow Bill - Remastered 2009,The Beatles,The Beatles,fwdbtn,fwdbtn,TRUE,TRUE
1m4ZjbibTvvmYIJyXAIuxv,2024-10-04 21:08:08,android,4346,Fawkes the Phoenix,John Williams,Harry Potter and The Chamber of Secrets/ Original Motion Picture Soundtrack,fwdbtn,fwdbtn,TRUE,TRUE
5ka7NFOlZUpVLJmA2tO0o4,2024-10-04 21:08:10,android,1962,Bob Dylan's 115th Dream,Bob Dylan,Bringing It All Back Home,fwdbtn,fwdbtn,TRUE,TRUE
3wn7gh5nm7v5CHNp7Gdp8j,2024-10-04 21:12:10,android,239720,When We Were On Fire - The Dark Of The Morning Version,James Bay,Chaos And The Calm,fwdbtn,trackdone,TRUE,FALSE
6OEHjJJvdkk1Ln0p0AZdyz,2024-10-04 21:19:20,android,215229,Girls Like You,Maroon 5,Red Pill Blues,trackdone,trackdone,TRUE,FALSE
4bEb3KE4mSKlTFjtWJQBqO,2024-10-04 21:22:34,android,193346,Don't Stop - 2004 Remaster,Fleetwood Mac,Rumours,trackdone,trackdone,TRUE,FALSE
0cLoao2k6VaLjbvtxtYCtO,2024-10-04 21:25:28,android,172775,Entr'Acte,Andrew Lloyd Webber,The Phantom Of The Opera,trackdone,fwdbtn,TRUE,TRUE
2TOBMDqbtPP6sAQtWc2Br9,2024-10-04 21:28:37,android,189800,Échame a Mi La Culpa,Luis Miguel,Mexico en la Piel (edicion diamante),fwdbtn,trackdone,TRUE,FALSE
50GYRJGsDw5j8rLsxPXX0e,2024-10-04 21:30:33,android,113742,Hot As Sun / Glasses - Remastered 2011,Paul McCartney,McCartney,trackdone,fwdbtn,TRUE,TRUE
1tM9TBNPjieSOZ2d5VAQ1y,2024-10-04 21:32:49,android,137586,Lady Madonna - Remastered 2009,The Beatles,Past Masters,fwdbtn,trackdone,TRUE,FALSE
4v54kMGcJUKYBj7fVkh3Uu,2024-10-04 21:36:27,android,216493,Jenny Take A Ride,Mitch Ryder,Quentin Tarantino's Once Upon a Time in Hollywood Original Motion Picture Soundtrack,trackdone,trackdone,TRUE,FALSE
0dy6iXYIF0piirySAzCBwF,2024-10-04 21:39:33,android,185560,The End Has No End,The Strokes,Room On Fire,trackdone,trackdone,TRUE,FALSE
6rHh8urosEFRI67xVa6fzU,2024-10-04 21:42:32,android,179106,The Fool On The Hill - Remastered 2009,The Beatles,Magical Mystery Tour,trackdone,trackdone,TRUE,FALSE
64csOaHL9FYqiOJxAi8h5X,2024-10-04 21:43:06,android,32766,Ball and Chain,The Who,WHO,trackdone,fwdbtn,TRUE,TRUE
5qvMfYPAXfxQWDTcSS1YZe,2024-10-04 21:45:37,android,150952,Deadlines And Commitments,The Killers,Battle Born,fwdbtn,fwdbtn,TRUE,TRUE
2m1hi0nfMR9vdGC8UcrnwU,2024-10-04 21:48:24,android,167066,All The Small Things,blink-182,Enema Of The State,fwdbtn,trackdone,TRUE,FALSE
4Wi6OrpIzvG0dRHN8pVuTs,2024-10-04 21:48:45,android,20179,Oh! Sweet Nuthin' - 2015 Remaster,The Velvet Underground,Loaded,trackdone,endplay,TRUE,TRUE
0t02lB8VV4QBp5YYzwjLtu,2024-10-04 21:52:08,android,203813,"We Change, We Wait",The Maine,The Way We Talk,playbtn,trackdone,TRUE,FALSE
7oO2hXd8ancgNouU8w3b1N,2024-10-04 21:54:46,android,157453,Everything I Ask For,The Maine,Can't Stop Won't Stop,trackdone,trackdone,TRUE,FALSE
19Js5ypV6JKn4DMExHQbGc,2024-10-04 21:58:00,android,193042,Stacy's Mom,Bowling For Soup,I've Never Done Anything Like This,trackdone,trackdone,TRUE,FALSE
7tvE3y8xSEB6UorjyRHLdB,2024-10-04 22:01:52,android,232240,Hero / Heroine - Original Mix,BOYS LIKE GIRLS,Boys Like Girls,trackdone,trackdone,TRUE,FALSE
5B0c2pERMO7CrQP9CdbKrl,2024-10-04 22:05:29,android,215750,"Don't Give up on ""Us""",The Maine,Pioneer,trackdone,trackdone,TRUE,FALSE
0N6uqpqjRRUfuL6CUCxa4p,2024-10-04 22:08:45,android,195200,Listen to Your Heart,The Maine,Black & White,trackdone,trackdone,TRUE,FALSE
46tfxn5lP7Qsbz7NHsj9iu,2024-10-04 22:11:26,android,161533,Thinking About You,Radiohead,Pablo Honey,trackdone,trackdone,TRUE,FALSE
6ORqU0bHbVCRjXm9AjyHyZ,2024-10-04 22:14:00,android,153466,Good Riddance (Time of Your Life),Green Day,Nimrod,trackdone,trackdone,TRUE,FALSE
7uJ5FNYzu0iyvhG8wIHNmd,2024-10-04 22:18:07,android,246066,She Takes Me High,We The Kings,Smile Kid,trackdone,trackdone,TRUE,FALSE
4GiLKZ6Fd3d5UMJMGuzAA0,2024-10-04 22:21:10,android,182826,Laid,Matt Nathanson,American Wedding,trackdone,trackdone,TRUE,FALSE
6GG73Jik4jUlQCkKg9JuGO,2024-10-04 22:23:57,android,165853,The Middle,Jimmy Eat World,Bleed American,trackdone,trackdone,TRUE,FALSE
3cu9ZL0W1KEmz5J3GD2jiR,2024-10-04 22:26:43,android,166253,I Must Be Dreaming,The Maine,Can't Stop Won't Stop,trackdone,trackdone,TRUE,FALSE
64yrDBpcdwEdNY9loyEGbX,2024-10-04 22:32:05,android,321093,21 Guns,Green Day,21st Century Breakdown,trackdone,trackdone,TRUE,FALSE
6GABzUMYfHeZQV4h4EuUX2,2024-10-04 22:35:32,android,206200,Almost,Bowling For Soup,A Hangover You Don't Deserve,trackdone,trackdone,TRUE,FALSE
2Tie60dpxsm0k9WKIoVXHd,2024-10-04 22:39:26,android,233375,Misery,The Maine,Pioneer,trackdone,trackdone,TRUE,FALSE
2g2a5kDeZexbUTD8abcvm6,2024-10-04 22:42:36,android,190173,Lifestyles of the Rich & Famous,Good Charlotte,The Young and The Hopeless,trackdone,trackdone,TRUE,FALSE
3Zwu2K0Qa5sT6teCCHPShP,2024-10-04 22:46:00,android,203506,Thnks fr th Mmrs,Fall Out Boy,Infinity On High,trackdone,trackdone,TRUE,FALSE
72XWsiLW8q2g8Lv0a010ha,2024-10-04 22:49:27,android,206520,The Great Escape,BOYS LIKE GIRLS,Boys Like Girls,trackdone,trackdone,TRUE,FALSE
3vbISsmuO4qLDVYa3y3Kzk,2024-10-04 22:52:56,android,208438,Secret Valentine,We The Kings,We The Kings,trackdone,trackdone,TRUE,FALSE
2UVY6DZVBuGUKWKqKqJsbB,2024-10-04 22:56:21,android,205209,Skyway Avenue,We The Kings,We The Kings,trackdone,trackdone,TRUE,FALSE
10rChmECwPcvTTj4w07hq4,2024-10-04 22:59:49,android,206773,Welcome to My Life,Simple Plan,Still Not Getting Any,trackdone,trackdone,TRUE,FALSE
1B8MHa0NveCF1ViBEOZWO5,2024-10-04 23:03:41,android,232066,Addicted,Simple Plan,"No Pads, No Helmets...Just Balls",trackdone,trackdone,TRUE,FALSE
2m1hi0nfMR9vdGC8UcrnwU,2024-10-04 23:17:00,android,7383,All The Small Things,blink-182,Enema Of The State,trackdone,logout,TRUE,FALSE
2m1hi0nfMR9vdGC8UcrnwU,2024-10-05 22:36:46,android,7397,All The Small Things,blink-182,Enema Of The State,appload,endplay,TRUE,TRUE
5dUFfk2cwD8GiJPS03mYN0,2024-10-05 22:37:00,android,13612,Campus,Vampire Weekend,Vampire Weekend,playbtn,fwdbtn,TRUE,TRUE
41XiurZlYzjsKtQUG8VS5L,2024-10-05 22:37:02,android,1414,"Puccini: La bohème, Act I: Che gelida manina",Giacomo Puccini,Pavarotti Forever,fwdbtn,fwdbtn,TRUE,TRUE
6e7aTP5Y2xWjkZul2otNYZ,2024-10-05 22:40:07,android,186214,Got to Be Free (2020 Stereo Remaster),The Kinks,"Lola Versus Powerman and the Moneygoround, Pt. 1",fwdbtn,trackdone,TRUE,FALSE
5p3JunprHCxClJjOmcLV8G,2024-10-05 22:44:22,android,254173,Walk On the Wild Side,Lou Reed,Transformer,trackdone,trackdone,TRUE,FALSE
3B4q6KbHbGV51HO3GznBFF,2024-10-05 22:47:13,android,170906,What I Got,Sublime,Sublime,trackdone,trackdone,TRUE,FALSE
5XE8c07vbpQBUriwybOHtd,2024-10-05 22:49:54,android,160000,Have You Ever Seen The Rain,Creedence Clearwater Revival,Chronicle: 20 Greatest Hits,trackdone,trackdone,TRUE,FALSE
59xhCcRskqyMtKzdvLZDfV,2024-10-05 22:53:44,android,230160,Allentown,Billy Joel,The Nylon Curtain,trackdone,trackdone,TRUE,FALSE
28KTisZDzhDBALLSvRf4wv,2024-10-05 22:56:51,android,186080,Orange Blossom Special,Johnny Cash,Orange Blossom Special,trackdone,trackdone,TRUE,FALSE
4dGewjZWQhWhWvgvLcMUmf,2024-10-05 23:01:23,android,271733,Drink With Me - Live,Anthony Crivello,Les Misérables (10th Anniversary Concert Live at Royal Albert Hall),trackdone,trackdone,TRUE,FALSE
6nVOZRPaWdcenTgannVC20,2024-10-05 23:05:35,android,251773,I'm A Wreck,AWOLNATION,Angel Miners & The Lightning Riders,trackdone,trackdone,TRUE,FALSE
54oH91VTkA7jXkWLNIund3,2024-10-05 23:09:59,android,262560,Palmyra,Houndmouth,From the Hills Below the City,trackdone,trackdone,TRUE,FALSE
1SGLgGAv1W2CRF9sovnJXu,2024-10-05 23:13:31,android,211933,One Foot,fun.,Some Nights,trackdone,trackdone,TRUE,FALSE
4uGY9CqDtGtaTTLg1cgsWD,2024-10-05 23:16:33,android,181880,Machine,Imagine Dragons,Origins,trackdone,trackdone,TRUE,FALSE
6fQj6rnR65R0cXHcQ6oYdT,2024-10-05 23:24:44,android,175148,Welcome To Fabulous Las Vegas,Brandon Flowers,Flamingo,trackdone,logout,TRUE,FALSE
6fQj6rnR65R0cXHcQ6oYdT,2024-10-06 20:23:29,android,113695,Welcome To Fabulous Las Vegas,Brandon Flowers,Flamingo,appload,trackdone,TRUE,FALSE
5LYAuItJcXH06adHkebOmf,2024-10-06 20:32:17,android,527400,The Blue Danube,Johann Strauss II,Strauss: Wiener Walzer,trackdone,trackdone,TRUE,FALSE
6suRRwX61xSMfU7wJuCVdy,2024-10-06 20:35:49,android,212266,For Reasons Unknown,The Killers,Sam's Town,trackdone,trackdone,TRUE,FALSE
52KT9rZ08EwZM80YJIbxFq,2024-10-06 20:39:34,android,224381,Sinister Kid,The Black Keys,Brothers,trackdone,trackdone,TRUE,FALSE
3tA0K5valodHMjA9bCsFtj,2024-10-06 20:42:46,android,191600,Beautiful Drug,Zac Brown Band,JEKYLL + HYDE,trackdone,trackdone,TRUE,FALSE
3wuCCNCnBhJlwkIJTBZFiv,2024-10-06 20:47:31,android,284160,They Don't Care About Us,Michael Jackson,"HIStory - PAST, PRESENT AND FUTURE - BOOK I",trackdone,trackdone,TRUE,FALSE
0u6JFVn0KHHlidZxNL9gVE,2024-10-06 20:51:22,android,230480,La Grange (2005 Remaster),ZZ Top,Tres Hombres,trackdone,trackdone,TRUE,FALSE
6xETlaZOaKtxiU60FK1uM2,2024-10-06 20:55:46,android,263520,Get You Down,Sam Fender,Get You Down,trackdone,trackdone,TRUE,FALSE
5fc4y5RBH6K26lwUuQ0Ibx,2024-10-06 20:58:47,android,180213,Leavin' Trunk,The Black Keys,The Big Come Up,trackdone,trackdone,TRUE,FALSE
7nu8vnMZTtPv346WZU0PgA,2024-10-07 04:27:09,android,276813,Heartbreak Junky,Kyle Craft,Full Circle Nightmare,trackdone,trackdone,TRUE,FALSE
6yxobkt0REH26qbM4n9eDC,2024-10-07 04:31:24,android,254266,"Everyday I Have The Blues - Live at the Nokia Theatre, Los Angeles, CA - December 2007",John Mayer,Where the Light Is: John Mayer Live In Los Angeles,trackdone,trackdone,TRUE,FALSE
6ie2Bw3xLj2JcGowOlcMhb,2024-10-07 04:35:19,android,234652,Green Light,Lorde,Melodrama,trackdone,trackdone,TRUE,FALSE
5JpfypdAtTwa8xK1Coh29B,2024-10-07 04:41:20,android,301115,Un Zombie A La Intemperie,Alejandro Sanz,Sirope,trackdone,trackdone,TRUE,FALSE
50ruR1ueH4wroJBpJOnjQS,2024-10-07 04:44:46,android,205395,Everlasting Light,The Black Keys,Brothers,trackdone,trackdone,TRUE,FALSE
4cezgEHMXLDu0bDMP0MFT2,2024-10-07 04:56:29,android,10297,"Folsom Prison Blues - Live at San Quentin State Prison, San Quentin, CA - February 1969",Johnny Cash,At San Quentin,trackdone,logout,TRUE,FALSE
4cezgEHMXLDu0bDMP0MFT2,2024-10-07 20:13:28,android,80317,"Folsom Prison Blues - Live at San Quentin State Prison, San Quentin, CA - February 1969",Johnny Cash,At San Quentin,appload,trackdone,TRUE,FALSE
7v9Ne4758aGFfFc5avh89h,2024-10-07 20:16:40,android,191293,Let's Dance to Joy Division,The Wombats,"Proudly Present... A Guide to Love, Loss & Desperation",trackdone,trackdone,TRUE,FALSE
2QfiRTz5Yc8DdShCxG1tB2,2024-10-07 20:20:09,android,161560,Johnny B. Goode,Chuck Berry,Berry Is On Top,trackdone,trackdone,TRUE,FALSE
2OSfEYKhlSsLx6vn4O75RK,2024-10-07 22:02:13,android,178493,I Want You Back,The Jackson 5,Greatest Hits,trackdone,trackdone,TRUE,FALSE
5UPskxTh8XhP5k2z8ylsX4,2024-10-07 22:18:52,android,123437,Denmark Street (2020 Stereo Remaster),The Kinks,"Lola Versus Powerman and the Moneygoround, Pt. 1",trackdone,trackdone,TRUE,FALSE
3PVw25ktxI9o7RHt54G2cj,2024-10-07 22:22:06,android,193853,I Will Remember,Train,Bulletproof Picasso,trackdone,trackdone,TRUE,FALSE
21j1PsCiTaO8ZW88UZrh3A,2024-10-07 22:38:25,android,179466,Shine On You Crazy Diamond (Pts. 6-9),Pink Floyd,Wish You Were Here,trackdone,endplay,TRUE,TRUE
644es5aYPJghtZLjM1rmSP,2024-10-07 22:41:19,android,175040,Concerning Hobbits,Howard Shore,The Lord of the Rings: The Fellowship of the Ring (Original Motion Picture Soundtrack),clickrow,trackdone,FALSE,FALSE
6IQY3GEMC2B3mchMvi4NZj,2024-10-07 22:43:23,android,123000,The Ring Goes South,Howard Shore,The Lord of the Rings: The Fellowship of the Ring (Original Motion Picture Soundtrack),trackdone,trackdone,FALSE,FALSE
1ykbtFnlIjmIFnZ8j6wg6i,2024-10-07 22:50:44,android,440800,"The Breaking of the Fellowship (feat. ""In Dreams"")",Howard Shore,The Lord of the Rings: The Fellowship of the Ring (Original Motion Picture Soundtrack),trackdone,trackdone,FALSE,FALSE
6zW80jVqLtgSF1yCtGHiiD,2024-10-07 22:53:14,android,149480,The Shire,Howard Shore,The Lord of the Rings: The Fellowship of the Ring - the Complete Recordings,trackdone,trackdone,FALSE,FALSE
6Ry6T1eQtwwoGRN7sKnh2l,2024-10-07 22:55:13,android,118080,Three Is Company,Howard Shore,The Lord of the Rings: The Fellowship of the Ring - the Complete Recordings,trackdone,trackdone,FALSE,FALSE
09e3onHcCEizlM8IW0t5ff,2024-10-07 23:00:44,android,330586,The Great Eye,Howard Shore,The Lord of the Rings: The Fellowship of the Ring - the Complete Recordings,trackdone,trackdone,FALSE,FALSE
4xaPCPyMiFDiw7SoksTBKo,2024-10-07 23:06:43,android,358533,"The Road Goes Ever On..., Pt. 1",Howard Shore,The Lord of the Rings: The Fellowship of the Ring - the Complete Recordings,trackdone,trackdone,FALSE,FALSE
2WFlUh3vI3duc27xe7miox,2024-10-07 23:10:40,android,221226,"The Road Goes Ever On..., Pt. 2 / ""In Dreams"" (feat. Edward Ross)",Howard Shore,The Lord of the Rings: The Fellowship of the Ring - the Complete Recordings,trackdone,trackdone,FALSE,FALSE
0FQLQfuCKSlcVSOPscqCJ6,2024-10-07 23:20:55,android,614266,"The Return of the King (feat. Sir James Galway, Viggo Mortensen and Renee Fleming)",Howard Shore,The Lord of the Rings: The Return of the King,trackdone,trackdone,FALSE,FALSE
1lIcdDpGlc2mO2LYA0f5KM,2024-10-07 23:35:49,android,738080,"The Fellowship Reunited (feat. Sir James Galway, Viggo Mortensen and Renée Fleming)",Howard Shore,The Lord of the Rings - The Return of the King - The Complete Recordings,trackdone,trackdone,FALSE,FALSE
6caCfb9Hg5NlUfXg9nRSnm,2024-10-07 23:43:23,android,454520,The Journey to the Grey Havens (feat. Sir James Galway),Howard Shore,The Lord of the Rings - The Return of the King - The Complete Recordings,trackdone,trackdone,FALSE,FALSE
2O8AQadTJzQ3wdhSNRHdYg,2024-10-07 23:47:14,android,229440,The King of the Golden Hall,Howard Shore,The Lord of the Rings: The Two Towers (Original Motion Picture Soundtrack),trackdone,trackdone,FALSE,FALSE
0TpzAepHab0NofzyqV6As8,2024-10-07 23:51:00,android,226000,Samwise the Brave,Howard Shore,The Lord of the Rings: The Two Towers (Original Motion Picture Soundtrack),trackdone,trackdone,FALSE,FALSE
1c2MrGer9xRKm3tqZeivXr,2024-10-07 23:54:44,android,223120,"Once Upon a Time in the West (From ""Once Upon a Time in the West"") - Titles",Ennio Morricone,Love Themes,trackdone,trackdone,FALSE,FALSE
3qwREmAbFtUFXryKFCxKvl,2024-10-07 23:58:15,android,210813,All I Ask of You,Richard Clayderman,Songs of Love,trackdone,trackdone,FALSE,FALSE
69QlacVkOfx1du1DEDyO83,2024-10-08 00:01:45,android,210295,"Rocky Prelude (From ""Rocky"") [Piano Solo]",Juggernoud1,"Rocky Prelude (From ""Rocky"") [Piano Solo]",trackdone,trackdone,FALSE,FALSE
7FZeb3WUrCInAITFu9ZLJ8,2024-10-08 00:05:39,android,232965,"Por una Cabeza (From ""Parfum de femme"")",Gerardo Matos Rodríguez,"A Time for Us (Silence, on joue!)",trackdone,trackdone,FALSE,FALSE
42KZ8Ico4auwb8jSijJtI1,2024-10-08 00:11:22,android,341866,Claudia's Theme - Version Eight,Lennie Niehaus,Unforgiven - Original Motion Picture Soundtrack,trackdone,trackdone,FALSE,FALSE
4xx3UI7cLCk1awQPAPLeHj,2024-10-08 00:14:21,android,178666,Nuovo Cinema Paradiso,Ennio Morricone,Nuovo Cinema Paradiso (Original Motion Picture Soundtrack),trackdone,trackdone,FALSE,FALSE
5UnuaZofqTYKCsYbSnfHzB,2024-10-08 00:16:38,android,136560,First Youth,Ennio Morricone,Cinema Paradiso (Original Motion Picture Soundtrack),trackdone,trackdone,FALSE,FALSE
6DkKSBcnGBBULwomYMczHg,2024-10-08 00:20:47,android,249026,Tema D'Amore Per Nata,Ennio Morricone,Nuovo Cinema Paradiso (Original Motion Picture Soundtrack),trackdone,trackdone,FALSE,FALSE
1UIF5my20zENjZdAESc9u1,2024-10-08 00:22:09,android,81026,Totò e Alfredo - Version 2,Ennio Morricone,Nuovo Cinema Paradiso (Original Motion Picture Soundtrack),trackdone,trackdone,FALSE,FALSE
6FGVd5yS155IEvtD1TFONX,2024-10-08 00:24:01,android,111400,Per Elena,Ennio Morricone,Nuovo Cinema Paradiso (Original Motion Picture Soundtrack),trackdone,trackdone,FALSE,FALSE
1m4ZjbibTvvmYIJyXAIuxv,2024-10-08 00:27:47,android,225666,Fawkes the Phoenix,John Williams,Harry Potter and The Chamber of Secrets/ Original Motion Picture Soundtrack,trackdone,trackdone,FALSE,FALSE
5yh0phgrkE0qQeWJs3x3hf,2024-10-08 00:31:06,android,199133,Fawkes Is Reborn,John Williams,Harry Potter and The Chamber of Secrets/ Original Motion Picture Soundtrack,trackdone,trackdone,FALSE,FALSE
0rpSIjKSmZ2SFO6vmLJpXl,2024-10-08 00:36:15,android,308200,Reunion of Friends,John Williams,Harry Potter and The Chamber of Secrets/ Original Motion Picture Soundtrack,trackdone,trackdone,FALSE,FALSE
775OxWq9wfVzmVDS0n3zff,2024-10-08 00:38:40,android,144200,Statues,Alexandre Desplat,"Harry Potter and the Deathly Hallows, Pt. 2 (Original Motion Picture Soundtrack)",trackdone,trackdone,FALSE,FALSE
4H3KBBAe2Fcgv9lH6E10Oe,2024-10-08 00:41:35,android,174440,Harry in Winter,Patrick Doyle,Harry Potter And The Goblet Of Fire (Original Motion Picture Soundtrack),trackdone,trackdone,FALSE,FALSE
2UVPNfmTx2C27Py3z5r9RC,2024-10-08 00:43:54,android,138840,Potter Waltz,Patrick Doyle,Harry Potter And The Goblet Of Fire (Original Motion Picture Soundtrack),trackdone,trackdone,FALSE,FALSE
38aLVNQCL1nWPLhQgVuj1V,2024-10-08 00:46:37,android,163520,Hogwarts' March,Patrick Doyle,Harry Potter And The Goblet Of Fire (Original Motion Picture Soundtrack),trackdone,trackdone,FALSE,FALSE
2ecYJyAHF43oBSQ5Crcrel,2024-10-08 00:49:35,android,176306,Hogwarts' Hymn,Patrick Doyle,Harry Potter And The Goblet Of Fire (Original Motion Picture Soundtrack),trackdone,trackdone,FALSE,FALSE
2GY8VKvfP3ZtKSk1byDYb1,2024-10-08 00:52:15,android,160253,Dumbledore's Army,Nicholas Hooper,Harry Potter And The Order Of The Phoenix (Original Motion Picture Soundtrack),trackdone,trackdone,FALSE,FALSE
4lg0h4AJhPMxbO3VMpbUqS,2024-10-08 00:57:37,android,321066,Harry's Wondrous World - Extended Version,John Williams,Harry Potter and The Sorcerer's Stone Original Motion Picture Soundtrack,trackdone,trackdone,FALSE,FALSE
6pbAfIcd0IQXTE3a3LHURA,2024-10-08 01:00:25,android,167400,The Norwegian Ridgeback and a Change of Season,John Williams,Harry Potter and The Sorcerer's Stone Original Motion Picture Soundtrack,trackdone,trackdone,FALSE,FALSE
15yScQGLH5QOuXm9XbhnPb,2024-10-08 01:02:39,android,133573,Leaving Hogwarts,John Williams,Harry Potter and The Sorcerer's Stone Original Motion Picture Soundtrack,trackdone,trackdone,FALSE,FALSE
1Vk4yRsz0iBzDiZEoFMQyv,2024-10-08 01:04:17,android,98040,Mia & Sebastian’s Theme,Justin Hurwitz,La La Land,trackdone,trackdone,FALSE,FALSE
2bonbKENtFAQQh8U4UEAu5,2024-10-08 01:05:45,android,87213,Engagement Party,Justin Hurwitz,La La Land,trackdone,trackdone,FALSE,FALSE
762K1h8yVV5IgAVuEMpqfZ,2024-10-08 01:13:25,android,459466,Epilogue,Justin Hurwitz,La La Land,trackdone,trackdone,FALSE,FALSE
644es5aYPJghtZLjM1rmSP,2024-10-08 01:16:20,android,175040,Concerning Hobbits,Howard Shore,The Lord of the Rings: The Fellowship of the Ring (Original Motion Picture Soundtrack),trackdone,trackdone,FALSE,FALSE
6IQY3GEMC2B3mchMvi4NZj,2024-10-08 01:18:24,android,123000,The Ring Goes South,Howard Shore,The Lord of the Rings: The Fellowship of the Ring (Original Motion Picture Soundtrack),trackdone,trackdone,FALSE,FALSE
1ykbtFnlIjmIFnZ8j6wg6i,2024-10-08 01:25:46,android,440800,"The Breaking of the Fellowship (feat. ""In Dreams"")",Howard Shore,The Lord of the Rings: The Fellowship of the Ring (Original Motion Picture Soundtrack),trackdone,trackdone,FALSE,FALSE
6zW80jVqLtgSF1yCtGHiiD,2024-10-08 01:28:15,android,149480,The Shire,Howard Shore,The Lord of the Rings: The Fellowship of the Ring - the Complete Recordings,trackdone,trackdone,FALSE,FALSE
6Ry6T1eQtwwoGRN7sKnh2l,2024-10-08 01:30:14,android,118080,Three Is Company,Howard Shore,The Lord of the Rings: The Fellowship of the Ring - the Complete Recordings,trackdone,trackdone,FALSE,FALSE
09e3onHcCEizlM8IW0t5ff,2024-10-08 01:35:45,android,330586,The Great Eye,Howard Shore,The Lord of the Rings: The Fellowship of the Ring - the Complete Recordings,trackdone,trackdone,FALSE,FALSE
4xaPCPyMiFDiw7SoksTBKo,2024-10-08 01:41:44,android,358533,"The Road Goes Ever On..., Pt. 1",Howard Shore,The Lord of the Rings: The Fellowship of the Ring - the Complete Recordings,trackdone,trackdone,FALSE,FALSE
2WFlUh3vI3duc27xe7miox,2024-10-08 01:45:26,android,221226,"The Road Goes Ever On..., Pt. 2 / ""In Dreams"" (feat. Edward Ross)",Howard Shore,The Lord of the Rings: The Fellowship of the Ring - the Complete Recordings,trackdone,trackdone,FALSE,FALSE
0FQLQfuCKSlcVSOPscqCJ6,2024-10-08 01:55:40,android,614266,"The Return of the King (feat. Sir James Galway, Viggo Mortensen and Renee Fleming)",Howard Shore,The Lord of the Rings: The Return of the King,trackdone,trackdone,FALSE,FALSE
1lIcdDpGlc2mO2LYA0f5KM,2024-10-08 02:07:59,android,738080,"The Fellowship Reunited (feat. Sir James Galway, Viggo Mortensen and Renée Fleming)",Howard Shore,The Lord of the Rings - The Return of the King - The Complete Recordings,trackdone,trackdone,FALSE,FALSE
6caCfb9Hg5NlUfXg9nRSnm,2024-10-08 02:15:33,android,454520,The Journey to the Grey Havens (feat. Sir James Galway),Howard Shore,The Lord of the Rings - The Return of the King - The Complete Recordings,trackdone,trackdone,FALSE,FALSE
2O8AQadTJzQ3wdhSNRHdYg,2024-10-08 02:19:24,android,229440,The King of the Golden Hall,Howard Shore,The Lord of the Rings: The Two Towers (Original Motion Picture Soundtrack),trackdone,trackdone,FALSE,FALSE
0TpzAepHab0NofzyqV6As8,2024-10-08 02:23:10,android,226000,Samwise the Brave,Howard Shore,The Lord of the Rings: The Two Towers (Original Motion Picture Soundtrack),trackdone,trackdone,FALSE,FALSE
1c2MrGer9xRKm3tqZeivXr,2024-10-08 02:26:54,android,223120,"Once Upon a Time in the West (From ""Once Upon a Time in the West"") - Titles",Ennio Morricone,Love Themes,trackdone,trackdone,FALSE,FALSE
3qwREmAbFtUFXryKFCxKvl,2024-10-08 02:30:25,android,210813,All I Ask of You,Richard Clayderman,Songs of Love,trackdone,trackdone,FALSE,FALSE
69QlacVkOfx1du1DEDyO83,2024-10-08 02:33:56,android,210295,"Rocky Prelude (From ""Rocky"") [Piano Solo]",Juggernoud1,"Rocky Prelude (From ""Rocky"") [Piano Solo]",trackdone,trackdone,FALSE,FALSE
7FZeb3WUrCInAITFu9ZLJ8,2024-10-08 02:37:49,android,232965,"Por una Cabeza (From ""Parfum de femme"")",Gerardo Matos Rodríguez,"A Time for Us (Silence, on joue!)",trackdone,trackdone,FALSE,FALSE
42KZ8Ico4auwb8jSijJtI1,2024-10-08 02:43:31,android,341866,Claudia's Theme - Version Eight,Lennie Niehaus,Unforgiven - Original Motion Picture Soundtrack,trackdone,trackdone,FALSE,FALSE
4xx3UI7cLCk1awQPAPLeHj,2024-10-08 02:46:31,android,178666,Nuovo Cinema Paradiso,Ennio Morricone,Nuovo Cinema Paradiso (Original Motion Picture Soundtrack),trackdone,trackdone,FALSE,FALSE
5UnuaZofqTYKCsYbSnfHzB,2024-10-08 03:16:05,android,5325,First Youth,Ennio Morricone,Cinema Paradiso (Original Motion Picture Soundtrack),trackdone,logout,FALSE,FALSE
4ErQ9so16QNxy0srB7vJE7,2024-10-08 17:04:56,android,169880,Gianni Schicchi: O mio babbino caro,Giacomo Puccini,Opera Chill & Relax,clickrow,trackdone,TRUE,FALSE
2TIqPCx2Tm9IeTA0MiUk1U,2024-10-08 17:08:21,android,204533,'O sole mio (Arr. Chiaramello),Eduardo di Capua,Luciano Pavarotti - O Sole Mio - Favourite Neapolitan Songs,trackdone,trackdone,TRUE,FALSE
7HVGIvTFnxf5AXZ5nGIVgq,2024-10-08 17:13:06,android,284200,Rigoletto - Bella Figlia Dell'Amore,Luciano Pavarotti,Rigoletto - Highlights,trackdone,trackdone,TRUE,FALSE
6emHtIOBRWxQWyeN5KEtXg,2024-10-08 17:17:05,android,238360,"Va, pensiero",Luciano Pavarotti,Pavarotti & Friends For The Children Of Liberia,trackdone,trackdone,TRUE,FALSE
5AifnkM03x4Qn9U4gKvLqs,2024-10-08 17:20:29,android,203360,"Tosca, SC 69 / Act 3: ""E lucevan le stelle""",Giacomo Puccini,The Best Of Jonas Kaufmann,trackdone,trackdone,TRUE,FALSE
1lBKQqbkfM3LThaJYqygjy,2024-10-08 17:22:14,android,105000,"Giordano: Fedora: ""Amor ti vieta""",Umberto Giordano,Pavarotti Forever,trackdone,trackdone,TRUE,FALSE
7f0VwIpCcovBKMxKvWLL0y,2024-10-08 17:24:14,android,119400,"Rigoletto / Act 1: ""Questa o quella""",Giuseppe Verdi,Luciano Pavarotti - The Best,trackdone,trackdone,TRUE,FALSE
4OlcB3a0LJIrltfQt8vV1S,2024-10-08 17:27:57,android,221880,"Pagliacci / Act 1: ""Recitar!...Vesti la giubba""",Ruggero Leoncavallo,Verismo Arias,trackdone,trackdone,TRUE,FALSE
2nI7rOSYklk4SZ3ccPvG2j,2024-10-08 17:34:40,android,403333,"Lakmé / Act I: Viens, Mallika, ... Dôme épais (Flower Duet)",Léo Delibes,"""The Opera Gala - Live from Baden-Baden""",trackdone,trackdone,TRUE,FALSE
1LXL7uXCsUqGIBwZ8ic9Ul,2024-10-08 17:38:24,android,222906,Júrame,María Grever,50 Greatest Tracks,trackdone,trackdone,TRUE,FALSE
35NRnaHxmAX1b4Hs3JGWLM,2024-10-08 17:42:06,android,221520,"Roméo et Juliette, CG 9, Act I: Ah, je veux vivre",Charles Gounod,Gounod,trackdone,trackdone,TRUE,FALSE
6ln4vL99OGZByyxRzIo5mp,2024-10-08 17:44:43,android,157000,Rigoletto: Parmi veder le lagrime,Giuseppe Verdi,The Pavarotti Edition,trackdone,trackdone,TRUE,FALSE
5Adxsld8lL9MLcaULeoSKu,2024-10-08 17:49:13,android,269360,"Bizet: Carmen, WD 31, Act 1: Habanera. ""L'amour est un oiseau rebelle"" (Carmen, Chœur)",Georges Bizet,Pure - Maria Callas,trackdone,trackdone,TRUE,FALSE
1ZYWWz6ADzrCazzGFWbOOf,2024-10-08 17:53:50,android,276040,"Madama Butterfly, Act II: Un bel dì vedremo (Butterfly)",Giacomo Puccini,Madame Butterfly,trackdone,trackdone,TRUE,FALSE
1TtKrLAquXhSgugyExXTQz,2024-10-08 18:19:13,android,259366,"Saint-Saëns: Samson et Dalila, Op. 47, Act 2: ""Mon cœur s'ouvre à ta voix"" (Dalila)",Camille Saint-Saëns,Pure - Maria Callas,trackdone,logout,TRUE,FALSE
0JBvtprXP2Z0LP3jmzA7Xp,2024-10-09 16:43:54,android,181306,"Baby, You're A Rich Man - Remastered 2009",The Beatles,Magical Mystery Tour,playbtn,trackdone,TRUE,FALSE
1XcKztnLHUiUC17VRAMEyc,2024-10-09 16:48:17,android,262360,Run Run Run,The Velvet Underground,The Velvet Underground & Nico 45th Anniversary,trackdone,trackdone,TRUE,FALSE
2ULL3VZf4WwBKO4vjwT7Bg,2024-10-09 16:51:18,android,180133,Sloop John B,The Beach Boys,Pet Sounds,trackdone,trackdone,TRUE,FALSE
2PzU4IB8Dr6mxV3lHuaG34,2024-10-09 16:55:01,android,222813,(I Can't Get No) Satisfaction - Mono Version,The Rolling Stones,Out Of Our Heads,trackdone,trackdone,TRUE,FALSE
5y788ya4NvwhBznoDIcXwK,2024-10-09 16:58:07,android,185413,The Sound of Silence - Acoustic Version,Simon & Garfunkel,"Wednesday Morning, 3 A.M.",trackdone,trackdone,TRUE,FALSE
2PzU4IB8Dr6mxV3lHuaG34,2024-10-09 17:01:50,android,222813,(I Can't Get No) Satisfaction - Mono Version,The Rolling Stones,Out Of Our Heads,trackdone,trackdone,TRUE,FALSE
2RnPATK99oGOZygnD2GTO6,2024-10-09 17:04:35,android,164106,With A Little Help From My Friends - Remastered 2009,The Beatles,Sgt. Pepper's Lonely Hearts Club Band,trackdone,trackdone,TRUE,FALSE
1Ud6moTC0KyXMq1Oxfien0,2024-10-09 17:10:54,android,378146,Sympathy For The Devil - 50th Anniversary Edition,The Rolling Stones,Beggars Banquet,trackdone,trackdone,TRUE,FALSE
3pU1CUgPiFfxPCpscwIwQR,2024-10-09 17:13:37,android,163080,I Should Have Known Better - Remastered 2009,The Beatles,A Hard Day's Night,trackdone,trackdone,TRUE,FALSE
4F1AgKpuFRMLEgtPETVwZk,2024-10-09 17:15:47,android,129120,You've Got To Hide Your Love Away - Remastered 2009,The Beatles,Help!,trackdone,trackdone,TRUE,FALSE
4KRgqwb4kvBuTz1utbYxfb,2024-10-09 17:17:48,android,120493,And Your Bird Can Sing - Remastered 2009,The Beatles,Revolver,trackdone,trackdone,TRUE,FALSE
5SUlhldQJtOhUr2GzH5RI7,2024-10-09 17:20:32,android,163693,Nowhere Man - Remastered 2009,The Beatles,Rubber Soul,trackdone,trackdone,TRUE,FALSE
7DD7eSuYSC5xk2ArU62esN,2024-10-09 17:22:52,android,139560,Help! - Remastered 2009,The Beatles,Help!,trackdone,trackdone,TRUE,FALSE
5eZrW59C3UgBhkqNlowEID,2024-10-09 17:24:29,android,96466,Carry That Weight - Remastered 2009,The Beatles,Abbey Road,trackdone,trackdone,TRUE,FALSE
4fUKE8EULjQdHF4zb0M8FO,2024-10-09 17:26:32,android,122893,Sgt. Pepper's Lonely Hearts Club Band - Remastered 2009,The Beatles,Sgt. Pepper's Lonely Hearts Club Band,trackdone,trackdone,TRUE,FALSE
4ZSJs1cqeincEi2KjUGmZC,2024-10-09 17:37:34,android,616560,Lucille,B.B. King,Lucille,trackdone,trackdone,TRUE,FALSE
3BQHpFgAp4l80e1XslIjNI,2024-10-09 17:39:40,android,125666,Yesterday - Remastered 2009,The Beatles,Help!,trackdone,trackdone,TRUE,FALSE
08TyPDbQ14NOoOWh13WJ2Z,2024-10-09 17:52:45,android,294200,Absolutely Sweet Marie,Bob Dylan,Blonde On Blonde,trackdone,trackdone,TRUE,FALSE
00oZhqZIQfL9P5CjOP6JsO,2024-10-09 17:55:45,android,179546,Tomorrow Never Knows - Remastered 2009,The Beatles,Revolver,trackdone,trackdone,TRUE,FALSE
6TZYGQ2djryNbg98vV5Prg,2024-10-09 17:57:55,android,129506,Mr. Spaceman,The Byrds,Fifth Dimension,trackdone,trackdone,TRUE,FALSE
2aoo2jlRnM3A0NyLQqMN2f,2024-10-09 18:01:56,android,240800,All Along the Watchtower,Jimi Hendrix,Electric Ladyland,trackdone,trackdone,TRUE,FALSE
0hKRSZhUGEhKU6aNSPBACZ,2024-10-09 18:07:35,android,337413,A Day In The Life - Remastered 2009,The Beatles,Sgt. Pepper's Lonely Hearts Club Band,trackdone,trackdone,TRUE,FALSE
1L4RtuEiAiwdX5taX4meLI,2024-10-09 18:10:16,android,161466,"Corrina, Corrina",Bob Dylan,The Freewheelin' Bob Dylan,trackdone,trackdone,TRUE,FALSE
7CZiDzGVjUssMSOXrDNYHL,2024-10-09 18:13:27,android,189680,Ticket To Ride - Remastered 2009,The Beatles,Help!,trackdone,trackdone,TRUE,FALSE
5NQYyej46WQkgCbnzGD21W,2024-10-09 18:17:23,android,235773,Dear Prudence - Remastered 2009,The Beatles,The Beatles,trackdone,trackdone,TRUE,FALSE
3KiexfmhxHvG5IgAElmTkd,2024-10-09 18:20:17,android,173946,I Saw Her Standing There - Remastered 2009,The Beatles,Please Please Me,trackdone,trackdone,TRUE,FALSE
6H3kDe7CGoWYBabAeVWGiD,2024-10-09 18:24:49,android,270773,Gimme Shelter,The Rolling Stones,Let It Bleed,trackdone,trackdone,TRUE,FALSE
6Pq9MmkDQYZiiCDpxnvrf6,2024-10-09 18:29:25,android,275866,I Am The Walrus - Remastered 2009,The Beatles,Magical Mystery Tour,trackdone,trackdone,TRUE,FALSE
4pW4DF1119GLHiuWE7Jcb4,2024-10-09 18:34:15,android,289485,Thank You - Remaster,Led Zeppelin,Led Zeppelin II,trackdone,trackdone,TRUE,FALSE
2CQRYn5cTD2B9a1ONjhTN2,2024-10-09 18:36:41,android,145800,Wouldn't It Be Nice - Mono,The Beach Boys,Pet Sounds,trackdone,trackdone,TRUE,FALSE
52vA3CYKZqZVdQnzRrdZt6,2024-10-09 18:39:54,android,192053,The Times They Are A-Changin',Bob Dylan,The Times They Are A-Changin',trackdone,trackdone,TRUE,FALSE
0P7DoyGrr4Wp9w5TotEtUC,2024-10-09 18:44:29,android,274493,The Weight - Remastered 2000,The Band,Music From Big Pink,trackdone,trackdone,TRUE,FALSE
1aOzDhi5a1RWWRy5dmYA8I,2024-10-09 18:48:45,android,255706,Revolution 1 - Remastered 2009,The Beatles,The Beatles,trackdone,trackdone,TRUE,FALSE
2FDTgrYDUdQKyGmtynEk90,2024-10-09 18:51:37,android,171106,Love Minus Zero,Bob Dylan,Bringing It All Back Home,trackdone,trackdone,TRUE,FALSE
3oxqLl1TcDNYgAaAxct3jK,2024-10-09 18:54:59,android,201946,Dear Doctor - 50th Anniversary Edition,The Rolling Stones,Beggars Banquet,trackdone,trackdone,TRUE,FALSE
0kfjZ0JCXU9sSg99gbQpbJ,2024-10-09 18:57:46,android,166106,Good Times Bad Times - Remaster,Led Zeppelin,Led Zeppelin,trackdone,trackdone,TRUE,FALSE
3VSuWxZM6x6V3ig5nYtikL,2024-10-09 19:00:22,android,156040,She Said She Said - Remastered 2009,The Beatles,Revolver,trackdone,trackdone,TRUE,FALSE
7ny2ATvjtKszCpLpfsGnVQ,2024-10-09 19:07:15,android,412200,A Hard Rain's A-Gonna Fall,Bob Dylan,The Freewheelin' Bob Dylan,trackdone,trackdone,TRUE,FALSE
5jgFfDIR6FR0gvlA56Nakr,2024-10-09 19:09:34,android,138386,Blackbird - Remastered 2009,The Beatles,The Beatles,trackdone,trackdone,TRUE,FALSE
3YTTBONdXJOXMCQP7vvPuY,2024-10-09 19:13:48,android,254173,Are You Experienced?,Jimi Hendrix,Are You Experienced,trackdone,trackdone,TRUE,FALSE
5J2CHimS7dWYMImCHkEFaJ,2024-10-09 19:16:23,android,154200,A Hard Day's Night - Remastered 2009,The Beatles,A Hard Day's Night,trackdone,trackdone,TRUE,FALSE
7qbRP2jO0Sq3kTYdEW1v00,2024-10-09 19:19:13,android,169146,Day Tripper - Remastered 2009,The Beatles,Past Masters,trackdone,trackdone,TRUE,FALSE
4BP3uh0hFLFRb5cjsgLqDh,2024-10-09 19:24:43,android,140773,Fortunate Son,Creedence Clearwater Revival,Willy And The Poor Boys,trackdone,trackdone,TRUE,FALSE
5DJzQBU5R8g5tDUBtHRPf9,2024-10-09 19:27:37,android,174186,"Ob-La-Di, Ob-La-Da - Take 3",The Beatles,The Beatles,trackdone,trackdone,TRUE,FALSE
121AmMmQnBWZh8HNjZwuK6,2024-10-09 19:30:13,android,154848,Get Back - Naked Version / Remastered 2013,The Beatles,Let It Be... Naked,trackdone,trackdone,TRUE,FALSE
1h04XMpzGzmAudoI6VHBgA,2024-10-09 19:33:14,android,180893,Penny Lane - Remastered 2009,The Beatles,Magical Mystery Tour,trackdone,trackdone,TRUE,FALSE
1Q7gCIpOjIIU0bUKcGzrG4,2024-10-09 19:35:34,android,139680,I Feel Fine - Remastered 2009,The Beatles,Past Masters,trackdone,trackdone,TRUE,FALSE
3OuMIIFP5TxM8tLXMWYPGV,2024-10-09 19:41:09,android,334555,Whole Lotta Love - Remaster,Led Zeppelin,Led Zeppelin II,trackdone,trackdone,TRUE,FALSE
0V1771LhL3tG36pb55EZAH,2024-10-09 19:46:37,android,327560,Just Like Tom Thumb's Blues,Bob Dylan,Highway 61 Revisited,trackdone,trackdone,TRUE,FALSE
3XC7Jd6SfrQYKZJ6inyRHK,2024-10-09 19:51:08,android,269906,House of the Rising Sun,The Animals,Most of the Animals,trackdone,trackdone,TRUE,FALSE
7EXgO1bRnEArE58rtrgMWB,2024-10-09 19:54:24,android,195146,Street Fighting Man - 50th Anniversary Edition,The Rolling Stones,Beggars Banquet,trackdone,trackdone,TRUE,FALSE
389QX9Q1eUOEZ19vtzzI9O,2024-10-09 19:59:09,android,285000,While My Guitar Gently Weeps - Remastered 2009,The Beatles,The Beatles,trackdone,trackdone,TRUE,FALSE
18GiV1BaXzPVYpp9rmOg0E,2024-10-09 20:01:55,android,165426,Blowin' in the Wind,Bob Dylan,The Freewheelin' Bob Dylan,trackdone,trackdone,TRUE,FALSE
6dGnYIeXmHdcikdzNNDMm2,2024-10-09 20:05:01,android,185733,Here Comes The Sun - Remastered 2009,The Beatles,Abbey Road,trackdone,trackdone,TRUE,FALSE
76TZCvJ8GitQ2FA1q5dKu0,2024-10-09 20:10:10,android,308520,The Boxer,Simon & Garfunkel,Bridge Over Troubled Water,trackdone,trackdone,TRUE,FALSE
3vO2BbrhKNV2PDl276BUIZ,2024-10-09 20:13:08,android,177266,Cotton Fields,Creedence Clearwater Revival,Willy And The Poor Boys,trackdone,trackdone,TRUE,FALSE
48TNLcToLs8DWkdj5vYdiW,2024-10-09 20:16:10,android,181320,Rain - Remastered 2009,The Beatles,Past Masters,trackdone,trackdone,TRUE,FALSE
3RkQ3UwOyPqpIiIvGVewuU,2024-10-09 20:21:56,android,330533,Mr. Tambourine Man,Bob Dylan,Bringing It All Back Home,trackdone,trackdone,TRUE,FALSE
5GjPQ0eI7AgmOnADn1EO6Q,2024-10-09 20:24:03,android,126533,Eleanor Rigby - Remastered 2009,The Beatles,Revolver,trackdone,trackdone,TRUE,FALSE
1HgFg4pCJO1tX1uh5NMALx,2024-10-09 20:29:04,android,300306,Temporary Like Achilles,Bob Dylan,Blonde On Blonde,trackdone,trackdone,TRUE,FALSE
2WOjLF83vqjit2Zh4B69V3,2024-10-09 20:32:42,android,217400,"Don't Think Twice, It's All Right",Bob Dylan,The Freewheelin' Bob Dylan,trackdone,trackdone,TRUE,FALSE
5EzvwjFwdP5Kfl5AZAemzu,2024-10-09 20:35:11,android,148786,I Need You - Remastered 2009,The Beatles,Help!,trackdone,trackdone,TRUE,FALSE
6oKktEQheLfLmD7pRBqJEY,2024-10-09 21:25:35,android,322157,Heroin,The Velvet Underground,The Velvet Underground & Nico 45th Anniversary,trackdone,logout,TRUE,FALSE
6oKktEQheLfLmD7pRBqJEY,2024-10-10 04:14:31,android,111440,Heroin,The Velvet Underground,The Velvet Underground & Nico 45th Anniversary,appload,trackdone,TRUE,FALSE
5BhMoGrz5KzG2fA5uzHjZ1,2024-10-10 04:17:50,android,198862,Don't Let Me Down - Naked Version / Remastered 2013,The Beatles,Let It Be... Naked,trackdone,trackdone,TRUE,FALSE
4DWFSrNnZXow1aB96gByho,2024-10-10 05:52:15,android,151306,Elenore,The Turtles,The Turtles Present The Battle of the Bands,trackdone,trackdone,TRUE,FALSE
6zD3VBPn2VNDdmLEg0coPt,2024-10-10 05:55:22,android,187466,Country Honk,The Rolling Stones,Let It Bleed,trackdone,trackdone,TRUE,FALSE
0pNeVovbiZHkulpGeOx1Gj,2024-10-11 04:47:21,android,7404,Something - Remastered 2009,The Beatles,Abbey Road,trackdone,endplay,TRUE,TRUE
3QZ7uX97s82HFYSmQUAN1D,2024-10-11 04:51:45,android,263785,Tom Sawyer,Rush,Moving Pictures,clickrow,endplay,TRUE,TRUE
4u3oXuVeOGoByIMz9pnOKf,2024-10-11 04:51:51,android,5186,Closer To The Heart,Rush,A Farewell To Kings,clickrow,endplay,FALSE,TRUE
4e9hUiLsN4mx61ARosFi7p,2024-10-11 04:59:06,android,229532,The Spirit Of Radio,Rush,Permanent Waves,clickrow,endplay,FALSE,TRUE
4e9hUiLsN4mx61ARosFi7p,2024-10-11 06:15:01,android,68066,The Spirit Of Radio,Rush,Permanent Waves,clickrow,trackdone,FALSE,FALSE
54TaGh2JKs1pO9daXNXI5q,2024-10-11 06:18:24,android,202200,Fly By Night,Rush,Fly By Night,trackdone,trackdone,FALSE,FALSE
0K6yUnIKNsFtfIpTgGtcHm,2024-10-11 06:22:44,android,259840,Limelight,Rush,Moving Pictures,trackdone,trackdone,FALSE,FALSE
0Z0s6dw0zw2ENU1gVjlLV6,2024-10-11 06:29:55,android,225349,Subdivisions,Rush,Signals,trackdone,backbtn,FALSE,TRUE
0K6yUnIKNsFtfIpTgGtcHm,2024-10-11 06:31:48,android,112785,Limelight,Rush,Moving Pictures,backbtn,endplay,FALSE,TRUE
3lpDrxUkr0tIe1kmJvdK7d,2024-10-11 06:43:06,android,179201,YYZ,Rush,Moving Pictures,clickrow,logout,TRUE,FALSE
0K6yUnIKNsFtfIpTgGtcHm,2024-10-11 22:59:03,android,259840,Limelight,Rush,Moving Pictures,clickrow,trackdone,TRUE,FALSE
23A1225Ju3BOBykt9n4xkc,2024-10-11 23:01:12,android,127666,Mansard Roof,Vampire Weekend,Vampire Weekend,trackdone,trackdone,TRUE,FALSE
5FUqp20jHvK5ijLD7hZvxw,2024-10-11 23:05:26,android,253853,I'm Yours,The Script,The Script,trackdone,trackdone,TRUE,FALSE
1WCsTxJb6BknLBTo414kSH,2024-10-11 23:10:01,android,274346,Brindis - Live Version,Thalia,Thalia En Primera Fila,trackdone,trackdone,TRUE,FALSE
0NslHuacjxQYfUTOW3HCIV,2024-10-11 23:13:52,android,230866,New Slang - 2021 Remaster,The Shins,"Oh, Inverted World",trackdone,trackdone,TRUE,FALSE
5dUFfk2cwD8GiJPS03mYN0,2024-10-11 23:16:49,android,176466,Campus,Vampire Weekend,Vampire Weekend,trackdone,trackdone,TRUE,FALSE
0fAmpdONIYsxiP27CwnzLJ,2024-10-11 23:19:31,android,161342,Milonga de Ojos Dorados (Alfredo Zitarrosa) - Live on Pardelion Music,Jorge Drexler,Milonga de Ojos Dorados (Alfredo Zitarrosa),trackdone,trackdone,TRUE,FALSE
6DlqxXju2H2mb0NcwgAFRM,2024-10-11 23:23:39,android,247413,Roy Rogers - Remastered 2014,Elton John,Goodbye Yellow Brick Road - Remastered,trackdone,trackdone,TRUE,FALSE
5zybvIswDvvulGFXcM0DKk,2024-10-11 23:26:36,android,176380,Afortunado,Lucah,Voy a Ti,trackdone,trackdone,TRUE,FALSE
69QFcT6d5s682XOUtyiliA,2024-10-11 23:30:21,android,224266,Incomplete,James Bay,Chaos And The Calm,trackdone,trackdone,TRUE,FALSE
71mgLHpy0wYXO5JfEe25z9,2024-10-11 23:32:31,android,129893,John Lennon Is My Jesus Christ,Buzzard Buzzard Buzzard,Hollywood Actors,trackdone,trackdone,TRUE,FALSE
44LVgFZvUcBYo98vy71tvd,2024-10-11 23:38:53,android,380946,Gravity,Coldplay,Talk,trackdone,trackdone,TRUE,FALSE
4cCjsvayesGCdIYR4Gad9p,2024-10-11 23:41:43,android,169733,Oo You - Remastered 2011,Paul McCartney,McCartney,trackdone,trackdone,TRUE,FALSE
5ifX0FhGoljScuqQtNRAyL,2024-10-11 23:45:46,android,242640,"Wanted Man - Live at San Quentin State Prison, San Quentin, CA - February 1969",Johnny Cash,At San Quentin,trackdone,trackdone,TRUE,FALSE
5Zpy2HR2vYLjlTQVd81DLH,2024-10-11 23:49:53,android,246799,Paris 1919,John Cale,Paris 1919,trackdone,trackdone,TRUE,FALSE
2aeLQwCJM4gNwVZqVJs1vm,2024-10-11 23:53:33,android,219012,Pretty Faithful,Keuning,Prismism,trackdone,trackdone,TRUE,FALSE
0J2OnBNKwt0KICDyDFPUvl,2024-10-11 23:56:49,android,195233,Take It Or Leave It,The Strokes,Is This It,trackdone,trackdone,TRUE,FALSE
1HNE2PX70ztbEl6MLxrpNL,2024-10-12 00:00:16,android,207093,In Too Deep,Sum 41,"All Killer, No Filler",trackdone,trackdone,TRUE,FALSE
0JssjDh3UWEgjUslVZgHJG,2024-10-12 00:04:12,android,235493,Sugar,Maroon 5,V,trackdone,trackdone,TRUE,FALSE
07XaOyTS5hyaWiUK1Bc3bR,2024-10-12 03:38:06,android,121385,True Love Waits,Radiohead,A Moon Shaped Pool,trackdone,endplay,TRUE,TRUE
0K6yUnIKNsFtfIpTgGtcHm,2024-10-12 03:42:25,android,259840,Limelight,Rush,Moving Pictures,clickrow,trackdone,TRUE,FALSE
0G7Bj3TX20xvXCxudkoEcb,2024-10-12 03:42:32,android,5254,Much Missed Man,Gerry Marsden,Much Missed Man - A Tribute To John Lennon,trackdone,endplay,TRUE,TRUE
4u9f8hqstB7iITDJNzKhQx,2024-10-12 03:42:50,android,17949,My Generation - Stereo Version,The Who,My Generation,clickrow,endplay,FALSE,TRUE
0bRNszTbTFLNlunAeh7eom,2024-10-12 04:48:48,android,29419,Sharp Dressed Man (2008 Remaster),ZZ Top,Eliminator,clickrow,logout,FALSE,FALSE
0K6yUnIKNsFtfIpTgGtcHm,2024-10-12 05:19:08,android,259840,Limelight,Rush,Moving Pictures,clickrow,trackdone,TRUE,FALSE
1k0GJSTI0xaP8TIvCbyUkh,2024-10-12 05:24:40,android,331973,I'm Gonna Crawl - Remaster,Led Zeppelin,In Through the out Door,trackdone,trackdone,TRUE,FALSE
5JqsRFZYDtIK5Rgeuzd2Jv,2024-10-12 05:30:37,android,356226,Tombstone Blues,Bob Dylan,Highway 61 Revisited,trackdone,trackdone,TRUE,FALSE
2atYprr9JsQaLynGhrWhld,2024-10-12 05:34:18,android,220693,Heartbeat,The Fray,Scars & Stories,trackdone,trackdone,TRUE,FALSE
7c378mlmubSu7NGkLFa4sN,2024-10-12 05:39:06,android,287880,Airbag,Radiohead,OK Computer,trackdone,trackdone,TRUE,FALSE
3h8KGJn9UFX2cfjN78iMVF,2024-10-12 05:43:08,android,240733,Y Cómo Es El,Marc Anthony,Iconos,trackdone,trackdone,TRUE,FALSE
2BdBVq6So5sBCbALS2p1rR,2024-10-12 05:47:20,android,251853,I'm the Only Hell My Mama Ever Raised,Willie Nelson,First Rose of Spring,trackdone,trackdone,TRUE,FALSE
4WHaUo8JuELprxUmPFpSTe,2024-10-12 05:50:42,android,202120,En Un Sólo Dia,Morat,Sobre El Amor Y Sus Efectos Secundarios,trackdone,trackdone,TRUE,FALSE
3lSi6qfnp2YZazTzcOLBZk,2024-10-12 05:53:07,android,144186,I'll Be Back - Remastered 2009,The Beatles,A Hard Day's Night,trackdone,trackdone,TRUE,FALSE
6QHYEZlm9wyfXfEM1vSu1P,2024-10-12 05:57:45,android,277106,Boots of Spanish Leather,Bob Dylan,The Times They Are A-Changin',trackdone,trackdone,TRUE,FALSE
6BLLQndvA0rLbLcIZmuuEJ,2024-10-12 06:01:49,android,244000,I Don't Wanna Be In Love (Dance Floor Anthem),Good Charlotte,Good Morning Revival,trackdone,trackdone,TRUE,FALSE
5Aq5TIy9jVK70aL7xcE9oa,2024-10-12 06:05:32,android,222720,Dear Marie,John Mayer,Paradise Valley,trackdone,trackdone,TRUE,FALSE
7KaqpjwPZcAC4RigIht1Qi,2024-10-12 06:10:23,android,289666,Liverpool 8,Ringo Starr,Liverpool 8,trackdone,trackdone,TRUE,FALSE
6ONXnW7OLAQUt4tbKZYhKG,2024-10-12 06:14:09,android,225760,Long As You're At Home,Houndmouth,From the Hills Below the City,trackdone,trackdone,TRUE,FALSE
32fDz5sQmtuqukL5sYi4Yk,2024-10-12 06:17:40,android,210320,Best That I Can,Vance Joy,Dream Your Life Away,trackdone,trackdone,TRUE,FALSE
1FoUsSi9BCTlNt2Vd7V8XA,2024-10-12 06:22:56,android,315973,Optimistic,Radiohead,Kid A,trackdone,trackdone,TRUE,FALSE
6dXlJ9dWFpEqQm10MlOAbL,2024-10-12 06:26:06,android,189693,That's What I Want to Hear,Phil Ochs,I Ain't Marching Anymore,trackdone,trackdone,TRUE,FALSE
0D7qLnnev1iKpH5RNT7YsD,2024-10-12 06:30:55,android,288000,I Shall Be Free,Bob Dylan,The Freewheelin' Bob Dylan,trackdone,trackdone,TRUE,FALSE
6znf8IoCOMtbIzTquc8Gcl,2024-10-12 06:34:09,android,193453,Love Makes You Feel,Lou Reed,Lou Reed,trackdone,trackdone,TRUE,FALSE
4224tsPgiIlzm5p8n83Bon,2024-10-12 06:37:36,android,206733,Horchata,Vampire Weekend,Contra,trackdone,trackdone,TRUE,FALSE
52KT9rZ08EwZM80YJIbxFq,2024-10-12 06:41:21,android,224381,Sinister Kid,The Black Keys,Brothers,trackdone,trackdone,TRUE,FALSE
6yjePWwLDhX5nPQLV0QZYc,2024-10-12 06:56:20,android,898373,Knights of Shame,AWOLNATION,Megalithic Symphony,trackdone,trackdone,TRUE,FALSE
0qXWJhU46zurMYQoAnBxdG,2024-10-12 06:59:07,android,166240,Show You How,The Killers,Sawdust,trackdone,trackdone,TRUE,FALSE
3mC4kKsdyjzVGpISqAnWnW,2024-10-12 07:03:00,android,233133,California Halo Blue,AWOLNATION,Angel Miners & The Lightning Riders,trackdone,trackdone,TRUE,FALSE
0nNI8eyMjDGjPDuQq87aJb,2024-10-12 07:05:47,android,166173,Why Don't You Write Me,Simon & Garfunkel,Bridge Over Troubled Water,trackdone,trackdone,TRUE,FALSE
1G6veZVvJjrSwCytFAKVkb,2024-10-12 07:06:34,android,45475,Wake Up,AWOLNATION,Megalithic Symphony,trackdone,fwdbtn,TRUE,TRUE
2eSlBeOIKaT5LvPplw9aPN,2024-10-12 07:10:24,android,230586,Month of May,Arcade Fire,The Suburbs (Deluxe),fwdbtn,trackdone,TRUE,FALSE
1EsgUWQsxGBwnu3NATDjiU,2024-10-12 07:13:52,android,207679,The Modern Age,The Strokes,Is This It,trackdone,trackdone,TRUE,FALSE
47atuTch0AN7NvP9vp42a5,2024-10-12 07:21:03,android,431226,Ramble Tamble,Creedence Clearwater Revival,Cosmo's Factory,trackdone,trackdone,TRUE,FALSE
1qRA5BS78u3gME0loMl9AA,2024-10-12 07:23:38,android,153693,For What It's Worth,Buffalo Springfield,Buffalo Springfield,trackdone,trackdone,TRUE,FALSE
5UPskxTh8XhP5k2z8ylsX4,2024-10-12 07:25:42,android,123437,Denmark Street (2020 Stereo Remaster),The Kinks,"Lola Versus Powerman and the Moneygoround, Pt. 1",trackdone,trackdone,TRUE,FALSE
1ZHYJ2Wwgxes4m8Ba88PeK,2024-10-12 07:32:01,android,378893,Monster,Kanye West,My Beautiful Dark Twisted Fantasy,trackdone,trackdone,TRUE,FALSE
3aCjJgEAW018s9BuGiAgob,2024-10-12 07:35:19,android,197866,Beautiful People (feat. Khalid),Ed Sheeran,No.6 Collaborations Project,trackdone,trackdone,TRUE,FALSE
3idqWaBn3mRdsIodCU6uBi,2024-10-12 07:38:05,android,165466,Roll Over Beethoven - Remastered 2009,The Beatles,With The Beatles,trackdone,trackdone,TRUE,FALSE
2AXY5WABx7NjWw1zb4qCdc,2024-10-12 07:41:27,android,201413,Cleopatra,The Lumineers,Cleopatra,trackdone,trackdone,TRUE,FALSE
2pJZ1v8HezrAoZ0Fhzby92,2024-10-12 07:45:25,android,237333,What Do I Know?,Ed Sheeran,÷,trackdone,trackdone,TRUE,FALSE
0dJ6WCwjkVBfh4h3vyzIeb,2024-10-12 07:49:43,android,257321,Powerman (2020 Stereo Remaster),The Kinks,"Lola Versus Powerman and the Moneygoround, Pt. 1",trackdone,trackdone,TRUE,FALSE
2rxUnZsfZAIuQ9vKO24Ute,2024-10-12 07:53:24,android,220538,"Young Lady, You're Scaring Me",Ron Gallo,HEAVY META,trackdone,trackdone,TRUE,FALSE
37sINbJZcFdHFAsVNsPq1i,2024-10-12 07:57:30,android,245466,Superheroes,The Script,No Sound Without Silence,trackdone,trackdone,TRUE,FALSE
6RMZQm0MRP8qkRKTnzyYWB,2024-10-12 08:07:02,android,169656,Unfamiliar Sun,Twin Peaks,Lookout Low,trackdone,logout,TRUE,FALSE
6RMZQm0MRP8qkRKTnzyYWB,2024-10-12 21:47:14,android,92746,Unfamiliar Sun,Twin Peaks,Lookout Low,appload,trackdone,TRUE,FALSE
4TDLfAmx45EpSiQYG6hCzT,2024-10-12 21:50:44,android,209266,Dirty Blvd.,Lou Reed,New York,trackdone,trackdone,TRUE,FALSE
0YpzP03QziAgqcZSCtjbl2,2024-10-12 21:53:06,android,140789,Battleships,Daughtry,Baptized (Deluxe Version),trackdone,fwdbtn,TRUE,TRUE
0O2SYh5AZ0y8MAPOVC4Mxz,2024-10-12 21:53:09,android,2596,Ball and Biscuit,The White Stripes,Elephant,fwdbtn,fwdbtn,TRUE,TRUE
7fzLfsWsXVvStzsk9yRfbG,2024-10-12 21:53:11,android,1733,Down the Highway,Bob Dylan,The Freewheelin' Bob Dylan,fwdbtn,fwdbtn,TRUE,TRUE
2XFK1uEeqJ7XI1fNhdPFCz,2024-10-12 21:56:24,android,194533,Billy Brown,MIKA,Life In Cartoon Motion,fwdbtn,trackdone,TRUE,FALSE
09x9v1o51dbqi5H0u7UGfp,2024-10-12 21:57:42,android,76343,I Will - Remastered 2009,The Beatles,The Beatles,trackdone,fwdbtn,TRUE,TRUE
5e55zfjZiqIytDQWEr100c,2024-10-12 21:57:44,android,1497,I Can't Stand It,Lou Reed,Lou Reed,fwdbtn,fwdbtn,TRUE,TRUE
62EsBz11VlUwSu3jFy7Rlo,2024-10-12 21:57:45,android,1386,Can’t Stop,OneRepublic,Native,fwdbtn,fwdbtn,TRUE,TRUE
2ClxShq7gqoVRQBTS8atFR,2024-10-12 21:57:48,android,2493,Winter Bird / When Winter Comes,Paul McCartney,McCartney III,fwdbtn,fwdbtn,TRUE,TRUE
38KeSzb6FZYSogDXpc7xz8,2024-10-12 21:57:51,android,2918,Babe I'm Gonna Leave You - Remaster,Led Zeppelin,Led Zeppelin,fwdbtn,fwdbtn,TRUE,TRUE
3U8dHeggJ8IBe0UCb1gbyB,2024-10-12 22:02:24,android,273893,Colder Weather,Zac Brown Band,You Get What You Give,fwdbtn,trackdone,TRUE,FALSE
1FTCA6wQwulQFokDddKE68,2024-10-12 22:02:28,android,2592,Polythene Pam - Remastered 2009,The Beatles,Abbey Road,trackdone,fwdbtn,TRUE,TRUE
1YN55N73ChOA6uJRkUhiD0,2024-10-12 22:02:30,android,2312,Lágrimas de Mármol,Joaquín Sabina,Lo Niego Todo,fwdbtn,fwdbtn,TRUE,TRUE
2GyH5rvdnfkjzsTFaWrrov,2024-10-12 22:02:33,android,2348,On the Road Again,Willie Nelson,Willie Nelson The Collection,fwdbtn,fwdbtn,TRUE,TRUE
5Q7zuH8VNu7aLappSusPu6,2024-10-12 22:02:35,android,1842,Burn Out,Imagine Dragons,Origins,fwdbtn,fwdbtn,TRUE,TRUE
03QZPaiw1N94aAFDv7k5Em,2024-10-12 22:02:36,android,1521,Rock 'n' Roll Star - 2014 Remaster,Oasis,Definitely Maybe,fwdbtn,fwdbtn,TRUE,TRUE
239yM7BAQ2CkNc61ogPGXo,2024-10-12 22:02:38,android,1680,Shot in the Dark,John Mayer,Sob Rock,fwdbtn,fwdbtn,TRUE,TRUE
0x2wtJbtJrox3SDmnMj97x,2024-10-12 22:02:40,android,1407,Gimme Three Steps,Lynyrd Skynyrd,Pronounced' Leh-'Nerd 'Skin-'Nerd,fwdbtn,backbtn,TRUE,TRUE
239yM7BAQ2CkNc61ogPGXo,2024-10-12 22:04:10,android,90275,Shot in the Dark,John Mayer,Sob Rock,backbtn,fwdbtn,TRUE,TRUE
0x2wtJbtJrox3SDmnMj97x,2024-10-12 22:04:11,android,0,Gimme Three Steps,Lynyrd Skynyrd,Pronounced' Leh-'Nerd 'Skin-'Nerd,fwdbtn,fwdbtn,TRUE,TRUE
5zhfggnBHJA2iJAnBWYsau,2024-10-12 22:04:13,android,1682,What Kind of Fool Am I,Sammy Davis Jr.,I've Gotta Be Me: The Best Of Sammy Davis Jr.,fwdbtn,fwdbtn,TRUE,TRUE
1WETgXqmJ2NaziQhtav0pK,2024-10-12 22:04:15,android,1775,Moth's Wings,Passion Pit,Manners,fwdbtn,fwdbtn,TRUE,TRUE
7uJ5FNYzu0iyvhG8wIHNmd,2024-10-12 22:04:17,android,2232,She Takes Me High,We The Kings,Smile Kid,fwdbtn,fwdbtn,TRUE,TRUE
54ishPSqGuH3DjmDOgZX38,2024-10-12 22:04:20,android,2369,Cheating,Alex & Sierra,It's About Us,fwdbtn,fwdbtn,TRUE,TRUE
2kWowW0k4oFymhkr7LmvzO,2024-10-12 22:04:22,android,2856,Come with Me Now,KONGOS,Lunatic,fwdbtn,fwdbtn,TRUE,TRUE
1TKTiKp3zbNgrBH2IwSwIx,2024-10-12 22:04:24,android,1818,Us and Them,Pink Floyd,The Dark Side of the Moon,fwdbtn,fwdbtn,TRUE,TRUE
0VfcYOujgf9JDAgwlgu1qm,2024-10-12 22:04:26,android,1871,Many Meetings,Howard Shore,The Lord of the Rings: The Fellowship of the Ring (Original Motion Picture Soundtrack),fwdbtn,fwdbtn,TRUE,TRUE
7yq4Qj7cqayVTp3FF9CWbm,2024-10-12 22:04:28,android,1462,Riptide,Vance Joy,Dream Your Life Away,fwdbtn,fwdbtn,TRUE,TRUE
2gE95JskwQ1pCACTpGe1Db,2024-10-12 22:04:30,android,1945,Down On The Corner,Creedence Clearwater Revival,Willy And The Poor Boys,fwdbtn,fwdbtn,TRUE,TRUE
2oNhvMFZaXPKP6Yjyg8gD7,2024-10-12 22:04:32,android,2348,The Rubberband Man - Single Version,The Spinners,Smooth And Sweet,fwdbtn,fwdbtn,TRUE,TRUE
2AKOOhml62GZNFWDN7VqzT,2024-10-12 22:04:35,android,1988,Killer Queen - Remastered 2011,Queen,Sheer Heart Attack,fwdbtn,fwdbtn,TRUE,TRUE
5n0CTysih20NYdT2S0Wpe8,2024-10-12 22:04:37,android,2346,Trouble,Cage The Elephant,Tell Me I'm Pretty,fwdbtn,fwdbtn,TRUE,TRUE
0qHMhBZqYb99yhX9BHcIkV,2024-10-12 22:04:39,android,1545,Magical Mystery Tour - Remastered 2009,The Beatles,Magical Mystery Tour,fwdbtn,fwdbtn,TRUE,TRUE
2WOjLF83vqjit2Zh4B69V3,2024-10-12 22:08:16,android,217400,"Don't Think Twice, It's All Right",Bob Dylan,The Freewheelin' Bob Dylan,fwdbtn,trackdone,TRUE,FALSE
63njkJAstckcm5OjKrZ7qW,2024-10-13 00:38:15,android,226248,New York California,Skegss,Everyone Is Good At Something,trackdone,trackdone,TRUE,FALSE
2jNCofCae2Txs2zaegNLOt,2024-10-13 00:41:44,android,209160,Don't Stop Me Now,Queen,Jazz,trackdone,trackdone,TRUE,FALSE
4jdtLLyEL7wY0TlCdMKhxq,2024-10-13 00:42:41,android,55459,Sad-Eyed Lady of the Lowlands,Bob Dylan,Blonde On Blonde,trackdone,fwdbtn,TRUE,TRUE
0S6CXA5LpRDX6b4akgrOot,2024-10-13 00:45:52,android,191426,Love is a Laserquest,Arctic Monkeys,Suck It and See,fwdbtn,trackdone,TRUE,FALSE
3KiexfmhxHvG5IgAElmTkd,2024-10-13 00:46:04,android,2589,I Saw Her Standing There - Remastered 2009,The Beatles,Please Please Me,trackdone,endplay,TRUE,TRUE
3KiexfmhxHvG5IgAElmTkd,2024-10-13 19:26:13,android,88343,I Saw Her Standing There - Remastered 2009,The Beatles,Please Please Me,remote,unexpected-exit-while-paused,TRUE,FALSE
5Am6AXlDVdVQmbQhITO7TA,2024-10-13 19:44:59,android,206128,Automatic Yes (feat. John Mayer),Zedd,Automatic Yes (feat. John Mayer),fwdbtn,trackdone,TRUE,FALSE
1k0GJSTI0xaP8TIvCbyUkh,2024-10-13 19:50:32,android,331973,I'm Gonna Crawl - Remaster,Led Zeppelin,In Through the out Door,trackdone,trackdone,TRUE,FALSE
5JqsRFZYDtIK5Rgeuzd2Jv,2024-10-13 19:50:40,android,6473,Tombstone Blues,Bob Dylan,Highway 61 Revisited,trackdone,fwdbtn,TRUE,TRUE
2atYprr9JsQaLynGhrWhld,2024-10-13 19:54:19,android,220693,Heartbeat,The Fray,Scars & Stories,fwdbtn,trackdone,TRUE,FALSE
7c378mlmubSu7NGkLFa4sN,2024-10-13 19:59:08,android,287880,Airbag,Radiohead,OK Computer,trackdone,trackdone,TRUE,FALSE
3h8KGJn9UFX2cfjN78iMVF,2024-10-13 20:03:09,android,240733,Y Cómo Es El,Marc Anthony,Iconos,trackdone,trackdone,TRUE,FALSE
2BdBVq6So5sBCbALS2p1rR,2024-10-13 20:07:21,android,251853,I'm the Only Hell My Mama Ever Raised,Willie Nelson,First Rose of Spring,trackdone,trackdone,TRUE,FALSE
4WHaUo8JuELprxUmPFpSTe,2024-10-13 20:47:56,android,154340,En Un Sólo Dia,Morat,Sobre El Amor Y Sus Efectos Secundarios,trackdone,logout,TRUE,FALSE
4WHaUo8JuELprxUmPFpSTe,2024-10-14 05:16:08,android,13885,En Un Sólo Dia,Morat,Sobre El Amor Y Sus Efectos Secundarios,appload,endplay,TRUE,TRUE
4ErQ9so16QNxy0srB7vJE7,2024-10-14 05:18:58,android,169880,Gianni Schicchi: O mio babbino caro,Giacomo Puccini,Opera Chill & Relax,clickrow,trackdone,TRUE,FALSE
5VPdKe03LPRL8ozSSC3ltd,2024-10-14 05:22:48,android,229306,"Don Pasquale / Act 3: ""Com'è gentil...tornami a dir""",Gaetano Donizetti,Donizetti: Essential Recordings,trackdone,trackdone,TRUE,FALSE
0ySYHJm1Bf5P6vEsdeSYb0,2024-10-14 05:25:10,android,142093,"Rigoletto, Act III: La donna è mobile",Giuseppe Verdi,Opera Arias - Nessun Dorma - Casta Diva - O Mio Babbino Caro,trackdone,trackdone,TRUE,FALSE
5Adxsld8lL9MLcaULeoSKu,2024-10-14 05:29:40,android,269360,"Bizet: Carmen, WD 31, Act 1: Habanera. ""L'amour est un oiseau rebelle"" (Carmen, Chœur)",Georges Bizet,Pure - Maria Callas,trackdone,trackdone,TRUE,FALSE
1aedGJcS0OmGSzzO5iskIV,2024-10-14 05:36:21,android,400506,"L'elisir d'amore / Act 2: ""Una furtiva lagrima...Eccola!""",Gaetano Donizetti,Donizetti: L'Elisir d'Amore,trackdone,trackdone,TRUE,FALSE
7HVGIvTFnxf5AXZ5nGIVgq,2024-10-14 05:41:06,android,284200,Rigoletto - Bella Figlia Dell'Amore,Luciano Pavarotti,Rigoletto - Highlights,trackdone,trackdone,TRUE,FALSE
4GtwsI12udoBup7wWj7uEa,2024-10-14 05:44:55,android,229013,"Carmen / Act II: Toreador Song: ""Votre toast, je peux vous le rendre"" (from Carmen / Act 2)",Georges Bizet,Bryn Terfel sings Favourites,trackdone,trackdone,TRUE,FALSE
7KY086jJEEaFUoJqyBgFwy,2024-10-14 05:49:18,android,261626,"Le nozze di Figaro, K.492: Overture",Wolfgang Amadeus Mozart,Mozart: Le Nozze di Figaro,trackdone,trackdone,TRUE,FALSE
5aZLy88M7aNW2RgnwV2kkW,2024-10-14 05:53:47,android,268880,Péchés de vieillesse / Vol. III: Tirana pour deux voix (Les amants de Séville),Gioachino Rossini,Rossini: A Monument of Classics,trackdone,trackdone,TRUE,FALSE
1LXL7uXCsUqGIBwZ8ic9Ul,2024-10-14 05:57:30,android,222906,Júrame,María Grever,50 Greatest Tracks,trackdone,trackdone,TRUE,FALSE
6ln4vL99OGZByyxRzIo5mp,2024-10-14 06:00:08,android,157000,Rigoletto: Parmi veder le lagrime,Giuseppe Verdi,The Pavarotti Edition,trackdone,trackdone,TRUE,FALSE
3nbcin8kl89hboxQBKaLR0,2024-10-14 06:02:56,android,167786,"Manon Lescaut / Act II: ""In quelle trine morbide""",Giacomo Puccini,Verismo,trackdone,trackdone,TRUE,FALSE
6FpIeOLGVzgItEYddPHiFs,2024-10-14 06:08:45,android,348733,I Puritani / Act 1: Oh! vieni al tempio,Vincenzo Bellini,Bellini: I Puritani,trackdone,trackdone,TRUE,FALSE
0majbxP137uZRM3LoTvVrv,2024-10-14 06:13:57,android,311666,"Aida / Act 2: ""Gloria all'Egitto""",Giuseppe Verdi,Opera Choruses,trackdone,trackdone,TRUE,FALSE
0rzDX4x0oSI2Gs3mPEvoIl,2024-10-14 06:17:21,android,203613,"Il Trovatore / Act 3: ""Di quella pira""",Giuseppe Verdi,Joseph Calleja - Verdi,trackdone,trackdone,TRUE,FALSE
2ejVc73K8orfIk9W2uZKlg,2024-10-14 06:20:32,android,190226,Cavalleria rusticana: Intermezzo,Pietro Mascagni,Mascagni: Cavalleria Rusticana/Leoncavallo: Pagliacci,trackdone,trackdone,TRUE,FALSE
1lBKQqbkfM3LThaJYqygjy,2024-10-14 06:22:18,android,105000,"Giordano: Fedora: ""Amor ti vieta""",Umberto Giordano,Pavarotti Forever,trackdone,trackdone,TRUE,FALSE
5yD48KoADpCIWWzbzMnhMq,2024-10-14 06:24:05,android,107022,"La fille du régiment / Act 1: Ah! mes amis, quel jour de fête!",Gaetano Donizetti,The People's Tenor,trackdone,trackdone,TRUE,FALSE
2nI7rOSYklk4SZ3ccPvG2j,2024-10-14 06:30:49,android,403333,"Lakmé / Act I: Viens, Mallika, ... Dôme épais (Flower Duet)",Léo Delibes,"""The Opera Gala - Live from Baden-Baden""",trackdone,trackdone,TRUE,FALSE
7DKv6FjD4xxeT4ZmEdec9W,2024-10-14 06:35:00,android,250493,"L'elisir d'amore / Act II: ""Una furtiva lagrima""",Gaetano Donizetti,Donizetti: The Elixir of Love,trackdone,trackdone,TRUE,FALSE
35NRnaHxmAX1b4Hs3JGWLM,2024-10-14 06:38:42,android,221520,"Roméo et Juliette, CG 9, Act I: Ah, je veux vivre",Charles Gounod,Gounod,trackdone,trackdone,TRUE,FALSE
48K6A6FIx6HnP2qrpOGu3v,2024-10-14 06:43:37,android,294533,"Catalani: La Wally, Act 1: ""Ebben? Ne andrò lontana"" (Wally)",Alfredo Catalani,Pure - Maria Callas,trackdone,trackdone,TRUE,FALSE
2DATcVxBdGcIIGd0sb1s4X,2024-10-14 06:46:53,android,195186,"Don Giovanni, ossia Il dissoluto punito, K.527 / Act 1: ""Là ci darem la mano""",Wolfgang Amadeus Mozart,Mozart: Don Giovanni,trackdone,trackdone,TRUE,FALSE
41ujv4mhxlqR8nlnieDpDp,2024-10-14 06:49:49,android,175506,"La traviata, Act I: Libiamo ne' lieti calici ""Brindisi""",Giuseppe Verdi,Verdi: La Traviata,trackdone,trackdone,TRUE,FALSE
1TtKrLAquXhSgugyExXTQz,2024-10-14 06:55:23,android,323706,"Saint-Saëns: Samson et Dalila, Op. 47, Act 2: ""Mon cœur s'ouvre à ta voix"" (Dalila)",Camille Saint-Saëns,Pure - Maria Callas,trackdone,trackdone,TRUE,FALSE
41XiurZlYzjsKtQUG8VS5L,2024-10-14 07:00:02,android,278826,"Puccini: La bohème, Act I: Che gelida manina",Giacomo Puccini,Pavarotti Forever,trackdone,trackdone,TRUE,FALSE
2TIqPCx2Tm9IeTA0MiUk1U,2024-10-14 07:03:27,android,204533,'O sole mio (Arr. Chiaramello),Eduardo di Capua,Luciano Pavarotti - O Sole Mio - Favourite Neapolitan Songs,trackdone,trackdone,TRUE,FALSE
4OlcB3a0LJIrltfQt8vV1S,2024-10-14 07:07:10,android,221880,"Pagliacci / Act 1: ""Recitar!...Vesti la giubba""",Ruggero Leoncavallo,Verismo Arias,trackdone,trackdone,TRUE,FALSE
6xZGds6ClLaEPeyep1C8si,2024-10-14 07:10:13,android,124517,Rinaldo / Act 2: Lascia ch'io pianga,George Frideric Handel,Handel: Rinaldo (Original 1711 Version),trackdone,logout,TRUE,FALSE
0K6yUnIKNsFtfIpTgGtcHm,2024-10-14 17:29:23,android,259840,Limelight,Rush,Moving Pictures,clickrow,trackdone,TRUE,FALSE
3u28KPrRmJiNC39Fm3tZVe,2024-10-14 17:32:23,android,179000,Shake Your Hips,The Rolling Stones,Exile On Main Street,trackdone,trackdone,TRUE,FALSE
51lPx6ZCSalL2kvSrDUyJc,2024-10-14 17:35:33,android,190013,You're Gonna Live Forever in Me,John Mayer,The Search for Everything,trackdone,trackdone,TRUE,FALSE
18lR4BzEs7e3qzc0KVkTpU,2024-10-14 17:38:59,android,205226,What I've Done,Linkin Park,Minutes to Midnight,trackdone,trackdone,TRUE,FALSE
7odLILAvE27EORYkRWfw5U,2024-10-14 17:42:17,android,197853,Caution - Wasatch Style,The Killers,Imploding The Mirage - Deluxe,trackdone,trackdone,TRUE,FALSE
7oeeeHdNY8S6zVsU0fuWLr,2024-10-14 17:45:29,android,191400,Trouble,Imagine Dragons,Smoke + Mirrors,trackdone,trackdone,TRUE,FALSE
3kQDIa85ZK8cKVn72NfBnl,2024-10-14 17:48:04,android,154466,I Don't Want To Spoil The Party - Remastered 2009,The Beatles,Beatles For Sale,trackdone,trackdone,TRUE,FALSE
0O2SYh5AZ0y8MAPOVC4Mxz,2024-10-14 17:55:23,android,438551,Ball and Biscuit,The White Stripes,Elephant,trackdone,trackdone,TRUE,FALSE
0dhai9DcNDLnmzuvEiaYO5,2024-10-14 17:58:05,android,161026,There She Goes Again,The Velvet Underground,The Velvet Underground & Nico 45th Anniversary,trackdone,trackdone,TRUE,FALSE
0bhCGRZvzfAzm0z1c7M3jQ,2024-10-14 18:00:33,android,147586,From Here On Out,The Killers,Battle Born,trackdone,trackdone,TRUE,FALSE
50YQFbfIVk2XMnVFKAuuib,2024-10-14 18:05:12,android,278666,"Whiskey, Whiskey, Whiskey",John Mayer,Born and Raised,trackdone,trackdone,TRUE,FALSE
0LtOwyZoSNZKJWHqjzADpW,2024-10-14 18:08:25,android,192960,Feels Like We Only Go Backwards,Tame Impala,Lonerism,trackdone,trackdone,TRUE,FALSE
5kxVxizAZTzG15PC6QtxYl,2024-10-14 18:11:48,android,202226,La Bilirrubina,Juanes,Origen,trackdone,trackdone,TRUE,FALSE
5GZq8P4Iy2smHngL07Pcuo,2024-10-14 18:13:57,android,128893,Heavy Soul,The Black Keys,The Big Come Up,trackdone,trackdone,TRUE,FALSE
3qiyyUfYe7CRYLucrPmulD,2024-10-14 18:18:58,android,300400,Baba O'Riley,The Who,Who's Next,trackdone,trackdone,TRUE,FALSE
036ufmMfHHoVWkAhUcHxQD,2024-10-14 18:24:20,android,321160,Master Of The House - Live,Alun Armstrong,Les Misérables (10th Anniversary Concert Live at Royal Albert Hall),trackdone,trackdone,TRUE,FALSE
3mlMpmY8oZIBFc39D9zLbh,2024-10-14 18:27:59,android,218186,The Long And Winding Road - Remastered 2009,The Beatles,Let It Be,trackdone,trackdone,TRUE,FALSE
5qm0KiVKMXW1kq6VrnIhz5,2024-10-14 19:03:16,android,114122,Cliffs Of Dover - Instrumental,Eric Johnson,Ah Via Musicom,trackdone,logout,TRUE,FALSE
5qm0KiVKMXW1kq6VrnIhz5,2024-10-14 20:47:22,android,135666,Cliffs Of Dover - Instrumental,Eric Johnson,Ah Via Musicom,appload,trackdone,TRUE,FALSE
6TEftSkmWdTm1EpThnwqh6,2024-10-14 20:51:51,android,244004,Wrecked,Imagine Dragons,Mercury - Acts 1 & 2,trackdone,trackdone,TRUE,FALSE
5ncofiedz9Ej6YkvvXMKVn,2024-10-14 22:00:27,android,337333,Not The Same Anymore,The Strokes,The New Abnormal,trackdone,trackdone,TRUE,FALSE
1ovuQsPU8EDo1Yoh4I4gyx,2024-10-14 22:02:37,android,129471,Black Mud,The Black Keys,Brothers,trackdone,trackdone,TRUE,FALSE
0Bo95z626OhKicgVoPBOrS,2024-10-15 00:52:03,android,263265,All Alright,Zac Brown Band,"The Grohl Sessions, Vol. 1",trackdone,trackdone,TRUE,FALSE
0sNKiz82ATCvT3f3XVVUUj,2024-10-15 00:54:56,android,172466,Why Don't You Get A Job,The Offspring,Americana,trackdone,trackdone,TRUE,FALSE
1AA3ZjLo9tD2iSZAs2svyj,2024-10-15 00:59:00,android,244186,Chinatown (feat. Bruce Springsteen),Bleachers,Take the Sadness Out of Saturday Night,trackdone,trackdone,TRUE,FALSE
7pdmBld4yW3WIUkrxHyb5r,2024-10-15 01:01:23,android,141809,Northern Sky,Nick Drake,Bryter Layter,trackdone,fwdbtn,TRUE,TRUE
2hKdd3qO7cWr2Jo0Bcs0MA,2024-10-15 01:01:25,android,1865,Drops of Jupiter (Tell Me),Train,Drops Of Jupiter,fwdbtn,fwdbtn,TRUE,TRUE
1y3bE5i57eUm3hfLAc7h08,2024-10-15 01:01:27,android,1381,Walking The Wire,Imagine Dragons,Evolve,fwdbtn,fwdbtn,TRUE,TRUE
4d0d2llNcQIHmaCgYTrODQ,2024-10-15 01:01:29,android,1843,Peace Train - Remastered 2021,Yusuf / Cat Stevens,Teaser And The Firecat,fwdbtn,fwdbtn,TRUE,TRUE
4Q2UM2QSR7Gye03jvl4Rdw,2024-10-15 01:05:38,android,250013,I'm Outta Time,Oasis,Dig Out Your Soul,fwdbtn,trackdone,TRUE,FALSE
3LhjNv5iXXelvLVxn1s5Di,2024-10-15 01:08:37,android,178160,Man We Was Lonely - Remastered 2011,Paul McCartney,McCartney,trackdone,trackdone,TRUE,FALSE
74jklVKHYTmNMp0baGm6FB,2024-10-15 01:32:29,android,222146,I've Got You Under My Skin,Frank Sinatra,Ultimate Sinatra,trackdone,trackdone,TRUE,FALSE
27vdcGwGGZdFwKAYRfyoOU,2024-10-15 01:34:30,android,120146,Krampus,Houndmouth,From the Hills Below the City,trackdone,trackdone,TRUE,FALSE
3rmo8F54jFF8OgYsqTxm5d,2024-10-15 01:38:21,android,230746,Bad Habits,Ed Sheeran,=,trackdone,trackdone,TRUE,FALSE
2BMqay80iBzZTa608Y1eG1,2024-10-15 01:38:24,android,1172,I Me Mine - Remastered 2009,The Beatles,Let It Be,trackdone,fwdbtn,TRUE,TRUE
6fxcpQMUoX0ofnbIHVnVWN,2024-10-15 01:38:25,android,1397,Out on the Tiles - Remaster,Led Zeppelin,Led Zeppelin III,fwdbtn,fwdbtn,TRUE,TRUE
4IYEJEpx1OvE4iKjQCiNcI,2024-10-15 01:38:27,android,1682,Going Down,Lou Reed,Lou Reed,fwdbtn,fwdbtn,TRUE,TRUE
7yNK27ZTpHew0c55VvIJgm,2024-10-15 01:38:29,android,1550,Dark Fantasy,Kanye West,My Beautiful Dark Twisted Fantasy,fwdbtn,fwdbtn,TRUE,TRUE
2nLtzopw4rPReszdYBJU6h,2024-10-15 01:38:30,android,1237,Numb,Linkin Park,Meteora,fwdbtn,fwdbtn,TRUE,TRUE
0vFOzaXqZHahrZp6enQwQb,2024-10-15 01:38:32,android,1645,Money,Pink Floyd,The Dark Side of the Moon,fwdbtn,fwdbtn,TRUE,TRUE
2fDHuS1PTkHBbCWWZF1ph9,2024-10-15 01:41:13,android,162653,"Folsom Prison Blues - Live at Folsom State Prison, Folsom, CA - January 1968",Johnny Cash,At Folsom Prison,fwdbtn,trackdone,TRUE,FALSE
2EjXfH91m7f8HiJN1yQg97,2024-10-15 02:46:45,android,106548,Rockin' Around The Christmas Tree,Brenda Lee,Merry Christmas From Brenda Lee,trackdone,fwdbtn,TRUE,TRUE
5zA8vzDGqPl2AzZkEYQGKh,2024-10-15 02:50:20,android,197706,Uptown Girl,Billy Joel,An Innocent Man,fwdbtn,trackdone,TRUE,FALSE
753KutoAy00apPsplMRetG,2024-10-15 02:56:27,android,366346,Let There Be Rock,AC/DC,Let There Be Rock,trackdone,trackdone,TRUE,FALSE
4kDTvLhGF29gFsqceuxBSC,2024-10-15 03:19:51,android,261080,Not Today,Imagine Dragons,Me Before You,trackdone,trackdone,TRUE,FALSE
5fv9AxkRVzCwT5XkpYjWvL,2024-10-15 04:21:01,android,46348,Holy Roller Novocaine,Kings of Leon,Youth And Young Manhood,trackdone,logout,TRUE,FALSE
5fv9AxkRVzCwT5XkpYjWvL,2024-10-16 03:49:49,android,197655,Holy Roller Novocaine,Kings of Leon,Youth And Young Manhood,appload,trackdone,TRUE,FALSE
7rgZTzcjofQJY5kz9FO3OS,2024-10-16 05:17:10,android,246906,Under Pressure,Queen,Hot Space,trackdone,trackdone,TRUE,FALSE
3QZZ2aYdqBHFxsjYgGPk9F,2024-10-18 03:14:40,android,172667,Down River,The Temper Trap,Conditions,trackdone,logout,TRUE,FALSE
3QZZ2aYdqBHFxsjYgGPk9F,2024-10-18 04:12:08,android,61826,Down River,The Temper Trap,Conditions,appload,trackdone,TRUE,FALSE
0q6LuUqGLUiCPP1cbdwFs3,2024-10-18 04:20:45,android,233866,On Melancholy Hill,Gorillaz,Plastic Beach,trackdone,trackdone,TRUE,FALSE
20US4JIykUvnFpxMXp0lWv,2024-10-18 04:28:21,android,171666,Purple Haze,Jimi Hendrix,Are You Experienced,trackdone,trackdone,TRUE,FALSE
62L8HlrCQLvBHKfpu8iqLa,2024-10-18 13:05:48,android,392306,Slide Away - 2014 Remaster,Oasis,Definitely Maybe,trackdone,trackdone,TRUE,FALSE
6g4vHtdGqD5eEgpf7nKISk,2024-10-18 13:08:46,android,177360,Don't Ask Me Why,Billy Joel,Glass Houses,trackdone,trackdone,TRUE,FALSE
07GAbru1z3NEtppkE5W4LF,2024-10-18 13:13:43,android,296466,Don't Stop... - Demo,Oasis,Don't Stop...,trackdone,trackdone,TRUE,FALSE
2eSlBeOIKaT5LvPplw9aPN,2024-10-18 13:17:34,android,230586,Month of May,Arcade Fire,The Suburbs (Deluxe),trackdone,trackdone,TRUE,FALSE
0oPBlGP6Xw40CgbYdwRuQy,2024-10-18 13:25:30,android,463213,D'You Know What I Mean? - Remastered,Oasis,Be Here Now,trackdone,trackdone,TRUE,FALSE
2TdDRjNiF1HuRvnclprnce,2024-10-18 13:28:38,android,187733,Grace Kelly,MIKA,Life In Cartoon Motion,trackdone,trackdone,TRUE,FALSE
2ctvdKmETyOzPb2GiJJT53,2024-10-18 13:31:28,android,169534,Breathe (In the Air),Pink Floyd,The Dark Side of the Moon,trackdone,trackdone,TRUE,FALSE
7hN5TKSdRb56uytwIpcUES,2024-10-18 13:33:46,android,137426,99 Problems,Hugo,Old Tyme Religion,trackdone,trackdone,TRUE,FALSE
7ve0nLuGlLfqw0EbL2UZEV,2024-10-18 13:36:08,android,140933,I'll Be Your Man,The Black Keys,The Big Come Up,trackdone,trackdone,TRUE,FALSE
3XTMlSEQR8cLQsNONpawJa,2024-10-18 13:40:25,android,256706,Fat Bottomed Girls,Queen,Jazz,trackdone,trackdone,TRUE,FALSE
19K3lUMJmOdeuOBTrbLm19,2024-10-18 13:44:36,android,250773,Weekend Wars,MGMT,Oracular Spectacular,trackdone,trackdone,TRUE,FALSE
4bEb3KE4mSKlTFjtWJQBqO,2024-10-18 13:47:50,android,193346,Don't Stop - 2004 Remaster,Fleetwood Mac,Rumours,trackdone,trackdone,TRUE,FALSE
4b30rxe4kxjNl8YpE17Sew,2024-10-18 13:51:56,android,245466,Man on a Wire,The Script,No Sound Without Silence,trackdone,trackdone,TRUE,FALSE
2rOIwGrq4i6D4Lh3CsmdN0,2024-10-18 13:53:02,android,64412,The Gun,Lou Reed,The Blue Mask,trackdone,fwdbtn,TRUE,TRUE
2k7gS1tS9OHeS3e8MatzgJ,2024-10-18 13:53:04,android,2644,You Know My Name (Look Up The Number) - Remastered 2009,The Beatles,Past Masters,fwdbtn,fwdbtn,TRUE,TRUE
7Cuklz7fuYfBvSlo7PcRaL,2024-10-18 13:56:41,android,217653,The Ballad Of John And Yoko - Take 7,The Beatles,Abbey Road,fwdbtn,trackdone,TRUE,FALSE
1VuBmEauSZywQVtqbxNqka,2024-10-18 14:00:48,android,246400,Beautiful Day,U2,All That You Can't Leave Behind,trackdone,trackdone,TRUE,FALSE
1244xKUG27TnmQhUJlo3gU,2024-10-18 14:06:48,android,359520,Reapers,Muse,Drones,trackdone,trackdone,TRUE,FALSE
3vbISsmuO4qLDVYa3y3Kzk,2024-10-18 14:10:17,android,208438,Secret Valentine,We The Kings,We The Kings,trackdone,trackdone,TRUE,FALSE
1BrbXIJ7b161oQ0PfC0K32,2024-10-18 14:13:51,android,212933,Woman - Remastered 2010,John Lennon,Double Fantasy,trackdone,trackdone,TRUE,FALSE
50kpGaPAhYJ3sGmk6vplg0,2024-10-18 14:17:45,android,233720,Love Yourself,Justin Bieber,Purpose,trackdone,trackdone,TRUE,FALSE
2GSr8anleCXKLNjjjijoMZ,2024-10-18 14:21:23,android,217986,Yo Quisiera,Reik,Reik,trackdone,trackdone,TRUE,FALSE
3nyvjKrxPNMnX4GtXIbLJk,2024-10-18 14:24:58,android,213480,Guilty Filthy Soul,AWOLNATION,Megalithic Symphony,trackdone,trackdone,TRUE,FALSE
5XeFesFbtLpXzIVDNQP22n,2024-10-18 14:28:02,android,183956,I Wanna Be Yours,Arctic Monkeys,AM,trackdone,trackdone,TRUE,FALSE
2oaK4JLVnmRGIO9ytBE1bt,2024-10-18 14:33:04,android,302000,Dark Necessities,Red Hot Chili Peppers,The Getaway,trackdone,trackdone,TRUE,FALSE
3YubPkIjza38KmXTIGdk91,2024-10-18 14:33:09,android,3788,Te Solté la Rienda,José Alfredo Jimenez,El Cantinero,trackdone,fwdbtn,TRUE,TRUE
0WT17Tp3QzUK9zqeGILkuL,2024-10-18 14:33:14,android,4007,Fire In Bone,The Killers,Imploding The Mirage,fwdbtn,fwdbtn,TRUE,TRUE
31u6rUeIEXGrYVoh10U7eu,2024-10-18 14:37:12,android,239441,Leave It In My Dreams,The Voidz,Virtue,fwdbtn,trackdone,TRUE,FALSE
2G3ud9WTxl6uYRG75X6Ib0,2024-10-18 14:41:23,android,250653,Del río,Ed Maverick,mix pa llorar en tu cuarto,trackdone,trackdone,TRUE,FALSE
3iEl8l2BUT8FADP9OZCdsO,2024-10-18 14:44:16,android,171706,The Village Green Preservation Society - 2018 Stereo Remaster,The Kinks,The Kinks Are the Village Green Preservation Society,trackdone,trackdone,TRUE,FALSE
0pgqGG4w5SFqmOTO4npeLf,2024-10-18 14:44:19,android,1607,Pierce You Are a B,Eric Olsen,Community (Music from the Original Television Series),trackdone,fwdbtn,TRUE,TRUE
2ylCrFiBu98SC0vFfaCent,2024-10-18 14:47:18,android,180320,I'm Only Sleeping - Remastered 2009,The Beatles,Revolver,fwdbtn,trackdone,TRUE,FALSE
1nO9QTV0ifjpleS2NDypin,2024-10-18 14:50:25,android,186240,Offend In Every Way,The White Stripes,White Blood Cells,trackdone,trackdone,TRUE,FALSE
7FZeb3WUrCInAITFu9ZLJ8,2024-10-18 14:54:18,android,232965,"Por una Cabeza (From ""Parfum de femme"")",Gerardo Matos Rodríguez,"A Time for Us (Silence, on joue!)",trackdone,trackdone,TRUE,FALSE
7yED4n2U8RR5LKZVmisiev,2024-10-18 14:57:42,android,203306,The Way You Look Tonight,Tony Bennett,"Rarities, Outtakes & Other Delights, Vol. 2",trackdone,trackdone,TRUE,FALSE
7fa5Zih5w1KXqWjAdX60vf,2024-10-18 15:00:16,android,153520,I Still Miss Someone,Johnny Cash,The Fabulous Johnny Cash,trackdone,trackdone,TRUE,FALSE
7BKLCZ1jbUBVqRi2FVlTVw,2024-10-18 15:04:21,android,244960,Closer,The Chainsmokers,Closer,trackdone,trackdone,TRUE,FALSE
1xa66kvw6zwboiW7c8W9t8,2024-10-18 15:06:42,android,140266,Bob Dylan's Blues,Bob Dylan,The Freewheelin' Bob Dylan,trackdone,trackdone,TRUE,FALSE
4hq0S6wznq7SHDyMOFXL9i,2024-10-18 15:10:29,android,226333,Tumbling Dice,The Rolling Stones,Exile On Main Street,trackdone,trackdone,TRUE,FALSE
3Y7fpFZbHLpAvWJJYGehz0,2024-10-18 15:15:03,android,256266,Follow The Sun,Xavier Rudd,Spirit Bird,trackdone,trackdone,TRUE,FALSE
7BG6uclN7Uw2ptTyq7Jy3L,2024-10-18 15:18:17,android,184400,Eventual Ghost,Drunk Mums,Eventual Ghost,trackdone,trackdone,TRUE,FALSE
03NejRMxYMMCFo2Ylsia6l,2024-10-18 15:22:57,android,279400,Rude Mood,Stevie Ray Vaughan,Texas Flood (Legacy Edition),trackdone,trackdone,TRUE,FALSE
6UWKmtXxO3NlnOJjvNZmX8,2024-10-18 15:26:54,android,236653,The Way It's Always Been,Brandon Flowers,The Desired Effect,trackdone,trackdone,TRUE,FALSE
2AxCeJ6PSsBYiTckM0HLY7,2024-10-18 15:32:08,android,313373,Voodoo Child (Slight Return),Jimi Hendrix,Electric Ladyland,trackdone,trackdone,TRUE,FALSE
4BP3uh0hFLFRb5cjsgLqDh,2024-10-18 15:34:29,android,140773,Fortunate Son,Creedence Clearwater Revival,Willy And The Poor Boys,trackdone,trackdone,TRUE,FALSE
55N8cxpE1QDoeaaNqUnoZ2,2024-10-18 15:40:25,android,293360,Bad Decisions,The Strokes,The New Abnormal,trackdone,trackdone,TRUE,FALSE
1lgtuKQkhlOr0LySn892KY,2024-10-18 15:44:00,android,214986,Greedy Soul,Liam Gallagher,As You Were,trackdone,trackdone,TRUE,FALSE
1h4ed9yoZVPQQqckjVOMi8,2024-10-18 15:46:44,android,163320,The Contenders (2014 Remaster),The Kinks,"Lola Versus Powerman and the Moneygoround, Pt. One + Percy",trackdone,trackdone,TRUE,FALSE
7mgQok5XiPAqndci84Zr7p,2024-10-18 15:48:59,android,134040,I'll Be Your Mirror,The Velvet Underground,The Velvet Underground & Nico 45th Anniversary,trackdone,trackdone,TRUE,FALSE
6XQHlsNu6so4PdglFkJQRJ,2024-10-18 15:51:29,android,149706,"City Of Stars - From ""La La Land"" Soundtrack",Ryan Gosling,La La Land,trackdone,trackdone,TRUE,FALSE
1LM6t24SjQr2bJHqeGIR4U,2024-10-18 15:51:32,android,2063,Still Feel Like Your Man,John Mayer,The Search for Everything,trackdone,fwdbtn,TRUE,TRUE
2G4ED1sd5GOBvNSHhRadye,2024-10-18 15:51:34,android,1497,"Quadrille ohne Titel, Op. 248",Johann Strauss I,"Johann Strauss I Edition, Vol. 25",fwdbtn,fwdbtn,TRUE,TRUE
1sbkNZZh1Mcw4dSA5AB8jQ,2024-10-18 15:55:40,android,247293,Life in Technicolor ii,Coldplay,Life in Technicolor ii,fwdbtn,trackdone,TRUE,FALSE
1b7LMtXCXGc2EwOIplI35z,2024-10-18 15:59:05,android,203893,Stuck In The Middle With You,Stealers Wheel,Reservoir Dogs,trackdone,trackdone,TRUE,FALSE
2g2a5kDeZexbUTD8abcvm6,2024-10-18 16:02:16,android,190173,Lifestyles of the Rich & Famous,Good Charlotte,The Young and The Hopeless,trackdone,trackdone,TRUE,FALSE
5nne8J01MB5HfXZyYC7tw9,2024-10-18 16:04:57,android,161106,Rats (2014 Remaster),The Kinks,"Lola Versus Powerman and the Moneygoround, Pt. One + Percy",trackdone,trackdone,TRUE,FALSE
61ARSKFMwoVnIwXAVnfNNh,2024-10-18 16:08:29,android,212000,Neighborhood #2 (Laika),Arcade Fire,Funeral,trackdone,trackdone,TRUE,FALSE
3oxUhV9MXOusOMpKqdiHl0,2024-10-18 16:12:51,android,261119,What Comes Naturally,Blackberry Smoke,Like an Arrow,trackdone,trackdone,TRUE,FALSE
3yrSvpt2l1xhsV9Em88Pul,2024-10-18 16:15:55,android,183306,Brown Eyed Girl,Van Morrison,Blowin' Your Mind!,trackdone,trackdone,TRUE,FALSE
7Msq9qojB7yORuJvz49iUy,2024-10-18 16:32:57,android,124360,P.S. I Love You - Remastered 2009,The Beatles,Please Please Me,trackdone,trackdone,TRUE,FALSE
5JpfypdAtTwa8xK1Coh29B,2024-10-18 16:40:56,android,301115,Un Zombie A La Intemperie,Alejandro Sanz,Sirope,trackdone,trackdone,TRUE,FALSE
1tTV7mRV9uB2Nr9VcwkuFX,2024-10-18 16:44:26,android,209557,Greek Tragedy,The Wombats,Glitterbug,trackdone,trackdone,TRUE,FALSE
0J2OnBNKwt0KICDyDFPUvl,2024-10-18 16:47:42,android,195233,Take It Or Leave It,The Strokes,Is This It,trackdone,trackdone,TRUE,FALSE
2RnPATK99oGOZygnD2GTO6,2024-10-18 16:50:27,android,164106,With A Little Help From My Friends - Remastered 2009,The Beatles,Sgt. Pepper's Lonely Hearts Club Band,trackdone,trackdone,TRUE,FALSE
35OVbqhT8KWwfIip7fKJbw,2024-10-18 16:51:09,android,40932,Time in Disguise,Kings of Leon,When You See Yourself,trackdone,fwdbtn,TRUE,TRUE
6vsb1bU8oW7iqtjH2GeEaS,2024-10-18 16:51:11,android,1690,She's A Woman - Remastered 2009,The Beatles,Past Masters,fwdbtn,fwdbtn,TRUE,TRUE
0r6OYWJr2dyAlHshxuCAoA,2024-10-18 16:51:12,android,1632,Need The Sun To Break,James Bay,Chaos And The Calm,fwdbtn,fwdbtn,TRUE,TRUE
2VUo8O3ymKRYNgj97ZG2kM,2024-10-18 16:51:14,android,1577,Unsquare Dance,The Dave Brubeck Quartet,Time Further Out,fwdbtn,fwdbtn,TRUE,TRUE
2VIVokee0hTjUWplmGwj2z,2024-10-18 16:54:51,android,218000,The Cave,Mumford & Sons,Sigh No More,fwdbtn,trackdone,TRUE,FALSE
5337BdskAAG3MYToonX7hq,2024-10-18 16:54:56,android,3598,Ain't No Rest for the Wicked,Scott Bradlee's Postmodern Jukebox,33 Resolutions Per Minute,trackdone,fwdbtn,TRUE,TRUE
13nQ70PnhDnTkYqCmdg3sy,2024-10-18 16:54:58,android,1577,I Can't,Radiohead,Pablo Honey,fwdbtn,fwdbtn,TRUE,TRUE
2AKOOhml62GZNFWDN7VqzT,2024-10-18 16:55:00,android,2056,Killer Queen - Remastered 2011,Queen,Sheer Heart Attack,fwdbtn,fwdbtn,TRUE,TRUE
3Hx7RXqCS7Kzjy2ot2q1Gk,2024-10-18 16:55:02,android,1740,Fever,The Black Keys,Turn Blue,fwdbtn,fwdbtn,TRUE,TRUE
49NfiXJHlZoexjMjqWIPQQ,2024-10-18 16:55:03,android,1250,"Green, Green Grass of Home - Live at Folsom State Prison, Folsom, CA - January 1968",Johnny Cash,At Folsom Prison,fwdbtn,fwdbtn,TRUE,TRUE
4fNtMdGY2dYp2ODClA9CB4,2024-10-18 16:55:05,android,1400,It Ain't Over,The Black Keys,Dropout Boogie,fwdbtn,fwdbtn,TRUE,TRUE
5ZMPjswwVLJIBs4Zu6u5M6,2024-10-18 16:55:06,android,1331,Yo Me Voy,Juan Gabriel,Todo,fwdbtn,fwdbtn,TRUE,TRUE
08TyPDbQ14NOoOWh13WJ2Z,2024-10-18 16:55:07,android,1192,Absolutely Sweet Marie,Bob Dylan,Blonde On Blonde,fwdbtn,backbtn,TRUE,TRUE
5ZMPjswwVLJIBs4Zu6u5M6,2024-10-18 16:58:13,android,186133,Yo Me Voy,Juan Gabriel,Todo,backbtn,trackdone,TRUE,FALSE
08TyPDbQ14NOoOWh13WJ2Z,2024-10-18 17:03:07,android,294200,Absolutely Sweet Marie,Bob Dylan,Blonde On Blonde,trackdone,trackdone,TRUE,FALSE
5p8gF2V0lHG3MlK8DOoGqo,2024-10-18 17:03:15,android,6072,Grandma's House,MonoNeon,Supermane,trackdone,fwdbtn,TRUE,TRUE
037qFV73VbmzA4a3ZMzPZg,2024-10-18 17:03:18,android,3173,Railroad Man,Eels,Blinking Lights and Other Revelations,fwdbtn,fwdbtn,TRUE,TRUE
7KaqpjwPZcAC4RigIht1Qi,2024-10-18 17:03:19,android,1440,Liverpool 8,Ringo Starr,Liverpool 8,fwdbtn,fwdbtn,TRUE,TRUE
3F8xLc6T4VvKH7I6wqVAN2,2024-10-18 17:06:59,android,220693,Lovebug,Jonas Brothers,A Little Bit Longer,fwdbtn,trackdone,TRUE,FALSE
2H8jWuNmluerTEsuh8Gu6y,2024-10-18 17:11:57,android,297000,Jail pt 2,Kanye West,Donda,trackdone,trackdone,TRUE,FALSE
2qG5GpEbSXICX1sgVMfdSV,2024-10-18 17:15:47,android,229949,For No One,Houndmouth,Little Neon Limelight,trackdone,trackdone,TRUE,FALSE
6zW80jVqLtgSF1yCtGHiiD,2024-10-18 17:15:55,android,6009,The Shire,Howard Shore,The Lord of the Rings: The Fellowship of the Ring - the Complete Recordings,trackdone,fwdbtn,TRUE,TRUE
3DK6m7It6Pw857FcQftMds,2024-10-18 17:25:02,android,547733,Runaway,Kanye West,My Beautiful Dark Twisted Fantasy,fwdbtn,trackdone,TRUE,FALSE
1MJEBx2PQxYHPXW6bKIKgr,2024-10-18 17:25:05,android,2235,Hopelessly Stoned,Hugo,Old Tyme Religion,trackdone,fwdbtn,TRUE,TRUE
0oQshbv1BFLZ61b1tQ4Eqg,2024-10-18 17:25:12,android,6658,This Boy - Remastered 2009,The Beatles,Past Masters,fwdbtn,fwdbtn,TRUE,TRUE
0BSGaoMiJ5gTho2V1pLkDF,2024-10-18 17:25:14,android,2148,A Most Disgusting Song,Rodríguez,Coming From Reality,fwdbtn,fwdbtn,TRUE,TRUE
4Tw9JYF9HOuPRyccNWMgwf,2024-10-18 17:25:16,android,1984,The Hardest Part,Coldplay,X&Y,fwdbtn,fwdbtn,TRUE,TRUE
3Pc4BTWoH6x0PmeGfQzn5a,2024-10-18 17:25:19,android,2660,Rebel Heart,The Shelters,The Shelters,fwdbtn,fwdbtn,TRUE,TRUE
63njkJAstckcm5OjKrZ7qW,2024-10-18 17:25:20,android,1368,New York California,Skegss,Everyone Is Good At Something,fwdbtn,fwdbtn,TRUE,TRUE
1iPeDwic3VEt0T75NyVoaG,2024-10-18 17:25:22,android,1737,The Dream Synopsis,The Last Shadow Puppets,Everything You've Come To Expect,fwdbtn,fwdbtn,TRUE,TRUE
3DKpA54hrFIdPN6AtL9HXa,2024-10-18 17:25:24,android,2348,I'll Never Love Again - Film Version - Radio Edit,Lady Gaga,A Star Is Born Soundtrack,fwdbtn,fwdbtn,TRUE,TRUE
6dXlJ9dWFpEqQm10MlOAbL,2024-10-18 17:25:26,android,1812,That's What I Want to Hear,Phil Ochs,I Ain't Marching Anymore,fwdbtn,fwdbtn,TRUE,TRUE
34DIwlo2i3s5Piug6nHzK9,2024-10-18 17:29:13,android,227680,Postdata,Joaquín Sabina,Lo Niego Todo,fwdbtn,trackdone,TRUE,FALSE
6sHHbTcr4zXpp2VbhYR9TB,2024-10-18 17:32:28,android,194746,Young And Wild,Zac Brown Band,JEKYLL + HYDE,trackdone,trackdone,TRUE,FALSE
1qOIwyj41749bmOhdD09IS,2024-10-18 17:38:12,android,343032,Headlights,Eminem,The Marshall Mathers LP2,trackdone,trackdone,TRUE,FALSE
5wQnmLuC1W7ATsArWACrgW,2024-10-18 17:43:24,android,311106,Welcome to the Black Parade,My Chemical Romance,The Black Parade,trackdone,trackdone,TRUE,FALSE
2O3l4X1yTua8oMMCtazkyo,2024-10-18 17:43:33,android,7825,The Happiest Days of Our Lives,Pink Floyd,The Wall,trackdone,fwdbtn,TRUE,TRUE
0wWuIseAsESzPDFPBYwkRs,2024-10-18 17:43:35,android,2360,Chelsea Hotel #2,Kyle Craft,Chelsea Hotel #2,fwdbtn,fwdbtn,TRUE,TRUE
1hZk9dktp4yRFTm0TrycuH,2024-10-18 17:43:37,android,1713,If I Lose Myself - Alesso vs OneRepublic,OneRepublic,Native,fwdbtn,fwdbtn,TRUE,TRUE
1Ag8YqvKOcwapkaRJG66p8,2024-10-18 17:48:02,android,265466,Mother's Daughter,Santana,Abraxas,fwdbtn,trackdone,TRUE,FALSE
0xLoYaRyQxTDR7kNIo69B3,2024-10-18 17:52:33,android,262200,From Afar,Vance Joy,Dream Your Life Away,trackdone,trackdone,TRUE,FALSE
2QsquiKBcjvDUlO6QyvMEs,2024-10-18 17:55:26,android,171634,Nina Cried Power,Hozier,"Wasteland, Baby!",trackdone,fwdbtn,TRUE,TRUE
1L9fzw2pXprOqtemTwtxXF,2024-10-18 17:59:14,android,228932,Candle In The Wind - Remastered 2014,Elton John,Goodbye Yellow Brick Road - Remastered,fwdbtn,trackdone,TRUE,FALSE
2OSfEYKhlSsLx6vn4O75RK,2024-10-18 18:02:13,android,178493,I Want You Back,The Jackson 5,Greatest Hits,trackdone,trackdone,TRUE,FALSE
1KjbsVlpT9QESbQKJ4AgUO,2024-10-18 18:06:31,android,256746,Berlin,Kyle Craft,Dolls of Highland,trackdone,trackdone,TRUE,FALSE
19tHmIQsRnebkyK09m2UXE,2024-10-18 18:07:55,android,84280,Pigs on the Wing 1,Pink Floyd,Animals,trackdone,trackdone,TRUE,FALSE
1ETylDX16gIprGm7JMfrjI,2024-10-18 18:08:00,android,3179,Mi Nuevo Vicio,Paulina Rubio,Sobre El Amor Y Sus Efectos Secundarios,trackdone,fwdbtn,TRUE,TRUE
3gdewACMIVMEWVbyb8O9sY,2024-10-18 18:12:41,android,281613,"Rocket Man (I Think It's Going To Be A Long, Long Time)",Elton John,Honky Chateau,fwdbtn,trackdone,TRUE,FALSE
0dJ6WCwjkVBfh4h3vyzIeb,2024-10-18 18:43:05,android,99822,Powerman (2020 Stereo Remaster),The Kinks,"Lola Versus Powerman and the Moneygoround, Pt. 1",trackdone,logout,TRUE,FALSE
0dJ6WCwjkVBfh4h3vyzIeb,2024-10-18 19:37:26,android,158410,Powerman (2020 Stereo Remaster),The Kinks,"Lola Versus Powerman and the Moneygoround, Pt. 1",appload,trackdone,TRUE,FALSE
3PVw25ktxI9o7RHt54G2cj,2024-10-18 19:40:40,android,193853,I Will Remember,Train,Bulletproof Picasso,trackdone,trackdone,TRUE,FALSE
6yJBlQBjdYtzNai4lLyiRf,2024-10-18 19:40:52,android,10731,Mi Princesa,David Bisbal,Romances,trackdone,fwdbtn,TRUE,TRUE
6DUKQUhWqUySYngLXLNwP2,2024-10-18 19:40:54,android,1649,Automatic Stop,The Strokes,Room On Fire,fwdbtn,fwdbtn,TRUE,TRUE
1rkbMXhEjIytsUGbhoR5pn,2024-10-18 19:40:55,android,1380,Life in Technicolor,Coldplay,Viva La Vida or Death and All His Friends,fwdbtn,fwdbtn,TRUE,TRUE
0JSSvxGMpEBnsDbs9BlM6R,2024-10-18 19:40:57,android,1555,Picasso’s Last Words (Drink to Me) - 2010 Remaster,Paul McCartney,Band On The Run,fwdbtn,fwdbtn,TRUE,TRUE
4LCQ5gFmkAdACy5O9vDP4c,2024-10-18 19:40:59,android,1553,Tyson vs Douglas,The Killers,Wonderful Wonderful,fwdbtn,fwdbtn,TRUE,TRUE
1Tb4F7Ba2C8Yt3cMnYa3X3,2024-10-18 19:45:08,android,249946,Have All The Songs Been Written?,The Killers,Wonderful Wonderful,fwdbtn,trackdone,TRUE,FALSE
5IyL3XOaRPpTgxVjRIAxXU,2024-10-18 19:48:22,android,193880,Ziggy Stardust - 2012 Remaster,David Bowie,The Rise and Fall of Ziggy Stardust and the Spiders from Mars,trackdone,trackdone,TRUE,FALSE
111HOSfnPX1mCxwwb49BCY,2024-10-18 19:52:52,android,269533,Caution,The Killers,Imploding The Mirage,trackdone,trackdone,TRUE,FALSE
2BdBVq6So5sBCbALS2p1rR,2024-10-18 19:57:05,android,251853,I'm the Only Hell My Mama Ever Raised,Willie Nelson,First Rose of Spring,trackdone,trackdone,TRUE,FALSE
0euCCiVyCwrQm5o5A8lEe3,2024-10-18 19:57:17,android,11477,This Song Saved My Life,Simple Plan,Get Your Heart On!,trackdone,fwdbtn,TRUE,TRUE
3YNFRvI0WnbvFdxUCQiKjR,2024-10-18 19:57:19,android,1455,Say Goodbye to Hollywood,Billy Joel,Turnstiles,fwdbtn,fwdbtn,TRUE,TRUE
24AFErHUiORpll04wrR6u4,2024-10-18 19:57:21,android,1912,Eleanor Put Your Boots On,Franz Ferdinand,You Could Have It So Much Better,fwdbtn,fwdbtn,TRUE,TRUE
2mdkcujPED7xhV2MTtjYnD,2024-10-18 19:57:23,android,1902,BRIGHTSIDE,The Lumineers,BRIGHTSIDE,fwdbtn,fwdbtn,TRUE,TRUE
76cy1WJvNGJTj78UqeA5zr,2024-10-18 19:57:24,android,1395,IDGAF,Dua Lipa,Dua Lipa,fwdbtn,fwdbtn,TRUE,TRUE
3SA5iSKihPv3DxLfx4Ps7x,2024-10-18 19:57:27,android,2434,Happy Alone,Kings of Leon,Youth And Young Manhood,fwdbtn,fwdbtn,TRUE,TRUE
3zT2616WcD9Df5m21OsCX0,2024-10-18 19:57:28,android,1481,Rise Up,Imagine Dragons,Evolve,fwdbtn,fwdbtn,TRUE,TRUE
0majbxP137uZRM3LoTvVrv,2024-10-18 19:57:30,android,1745,"Aida / Act 2: ""Gloria all'Egitto""",Giuseppe Verdi,Opera Choruses,fwdbtn,fwdbtn,TRUE,TRUE
61UuPxxYUvacEH6SHIK3sU,2024-10-18 20:01:18,android,228666,Brown Sugar - Remastered 2009,The Rolling Stones,Sticky Fingers,fwdbtn,trackdone,TRUE,FALSE
4MrwM9vGNeVKjIEtyZ2sQT,2024-10-18 20:06:12,android,293640,One Fine Day,David Byrne,Everything That Happens Will Happen Today,trackdone,trackdone,TRUE,FALSE
6l8EbYRtQMgKOyc1gcDHF9,2024-10-18 20:06:49,android,35134,Bridge Over Troubled Water,Simon & Garfunkel,Bridge Over Troubled Water,trackdone,fwdbtn,TRUE,TRUE
2U8g9wVcUu9wsg6i7sFSv8,2024-10-18 20:06:50,android,1839,Every Teardrop Is a Waterfall,Coldplay,Mylo Xyloto,fwdbtn,fwdbtn,TRUE,TRUE
5LZSXhywLD0CXBPQs3ULoL,2024-10-18 20:06:52,android,1339,The Bucket,Kings of Leon,Aha Shake Heartbreak,fwdbtn,fwdbtn,TRUE,TRUE
3oJtUnnt5uYPtzulIbLw3D,2024-10-18 20:06:53,android,1198,Dead Flowers - 2009 Mix,The Rolling Stones,Sticky Fingers,fwdbtn,backbtn,TRUE,TRUE
5LZSXhywLD0CXBPQs3ULoL,2024-10-18 20:09:48,android,175546,The Bucket,Kings of Leon,Aha Shake Heartbreak,backbtn,trackdone,TRUE,FALSE
3oJtUnnt5uYPtzulIbLw3D,2024-10-18 22:42:22,android,244533,Dead Flowers - 2009 Mix,The Rolling Stones,Sticky Fingers,trackdone,trackdone,TRUE,FALSE
3MERErHs7EnLiIyyvMnqYs,2024-10-18 22:46:13,android,230915,I Ruined You,Keuning,Prismism,trackdone,trackdone,TRUE,FALSE
0rt63HYAAIzUZo5O2D0uA6,2024-10-18 22:49:49,android,215506,Visiting Hours,Ed Sheeran,=,trackdone,trackdone,TRUE,FALSE
6dGnYIeXmHdcikdzNNDMm2,2024-10-19 01:49:40,android,185733,Here Comes The Sun - Remastered 2009,The Beatles,Abbey Road,trackdone,trackdone,TRUE,FALSE
2o2RDduVgudcGSLrFaV1D0,2024-10-19 01:53:02,android,202031,Handyman,AWOLNATION,Here Come the Runts,trackdone,trackdone,TRUE,FALSE
6UpqYTSz30LQREVtYeVQLR,2024-10-19 02:13:17,android,177493,Burn the Damn Thing Down,The Black Keys,Dropout Boogie,trackdone,trackdone,TRUE,FALSE
70Dohn82wv6VtxGesqRzbZ,2024-10-19 02:16:14,android,176506,Dizzy Miss Lizzy - Remastered 2009,The Beatles,Help!,trackdone,trackdone,TRUE,FALSE
4fn4imVYZcfM5s4cSCDRTm,2024-10-19 02:17:33,android,77209,A Well Respected Man,The Kinks,Kinda Kinks,trackdone,fwdbtn,TRUE,TRUE
2AvFR6pi8tjwmaqgxcXOIJ,2024-10-19 02:17:35,android,1719,Go Easy On Me,John Mayer,The Complete 2012 Performances Collection,fwdbtn,fwdbtn,TRUE,TRUE
37jTPJgwCCmIGMPB45jrPV,2024-10-19 02:23:12,android,338413,Holy Grail,JAY-Z,Magna Carta... Holy Grail,fwdbtn,trackdone,TRUE,FALSE
1Ipyu3OiogrZVxmhAE7Jiy,2024-10-19 02:27:24,android,251000,Encore 2: One Day More - Live,"The ""Les Misérables"" 10th Anniversary Full Cast",Les Misérables (10th Anniversary Concert Live at Royal Albert Hall),trackdone,trackdone,TRUE,FALSE
5CGpPUcUahMuLzkNK9ZgPP,2024-10-19 03:21:30,android,273902,Dear Mr. Fantasy,Traffic,Mr. Fantasy,trackdone,logout,TRUE,FALSE
5CGpPUcUahMuLzkNK9ZgPP,2024-10-19 16:24:28,android,0,Dear Mr. Fantasy,Traffic,Mr. Fantasy,appload,fwdbtn,TRUE,TRUE
79H87DHga7uOxkvFRGa4a8,2024-10-19 16:33:12,android,524893,"I Don't Trust Myself (With Loving You) - Live at the Nokia Theatre, Los Angeles, CA - December 2007",John Mayer,Where the Light Is: John Mayer Live In Los Angeles,fwdbtn,trackdone,TRUE,FALSE
0HtuDxkKRBmlCNgFtXSJR7,2024-10-19 16:33:55,android,41255,Rocky Raccoon - Esher Demo,The Beatles,The Beatles,trackdone,fwdbtn,TRUE,TRUE
1Of1g1PMt1wKW1L4Te6oDM,2024-10-19 16:38:53,android,298733,The Forgotten,Green Day,¡TRÉ!,fwdbtn,trackdone,TRUE,FALSE
0E4Y1XIbs8GrAT1YqVy6dq,2024-10-19 16:41:59,android,185486,Afterglow,Ed Sheeran,Afterglow,trackdone,trackdone,TRUE,FALSE
1zS85RlXiRuTiWpDIOhICA,2024-10-19 16:47:05,android,305680,"It's Not My Fault, I'm Happy",Passion Pit,Gossamer,trackdone,trackdone,TRUE,FALSE
1UCIrq3uG9b0BhThIiCd3F,2024-10-19 16:48:16,android,69023,Roll on John,Bob Dylan,Tempest,trackdone,fwdbtn,TRUE,TRUE
14xj58ZexBaEaHARb11Cqs,2024-10-19 16:48:20,android,4788,Lucky,Radiohead,OK Computer,fwdbtn,fwdbtn,TRUE,TRUE
5xf0zdP4KCfshyVn02D3Ea,2024-10-19 16:48:24,android,3541,Kansas City / Hey-Hey-Hey-Hey - Medley / Remastered 2009,The Beatles,Beatles For Sale,fwdbtn,fwdbtn,TRUE,TRUE
3Bh6uInhcVBVvLraGZdkKD,2024-10-19 16:50:51,android,147493,Who'll Stop The Rain,Creedence Clearwater Revival,Cosmo's Factory,fwdbtn,trackdone,TRUE,FALSE
4fUKE8EULjQdHF4zb0M8FO,2024-10-19 16:52:54,android,122893,Sgt. Pepper's Lonely Hearts Club Band - Remastered 2009,The Beatles,Sgt. Pepper's Lonely Hearts Club Band,trackdone,trackdone,TRUE,FALSE
2B2GhXHFNDUsnXdwnDdz4N,2024-10-19 16:56:31,android,216386,I Wanna Be The One,fun.,Aim and Ignite,trackdone,trackdone,TRUE,FALSE
7nBGBbzfnPiowCvXKJnV9J,2024-10-19 16:58:29,android,117106,From Me To You - Remastered 2009,The Beatles,Past Masters,trackdone,trackdone,TRUE,FALSE
4Fz1WWr5o0OrlIcZxcyZtK,2024-10-19 17:52:39,android,192423,On The Way Home,John Mayer,Paradise Valley,trackdone,logout,TRUE,FALSE
4Fz1WWr5o0OrlIcZxcyZtK,2024-10-19 19:09:35,android,47992,On The Way Home,John Mayer,Paradise Valley,appload,trackdone,TRUE,FALSE
7sVKPV1W2UZ0rR77GeAimi,2024-10-19 19:15:32,android,355866,Stand by Me - Remastered,Oasis,Be Here Now,trackdone,trackdone,TRUE,FALSE
4GiLKZ6Fd3d5UMJMGuzAA0,2024-10-19 19:18:35,android,182826,Laid,Matt Nathanson,American Wedding,trackdone,trackdone,TRUE,FALSE
4kbj5MwxO1bq9wjT5g9HaA,2024-10-19 19:21:55,android,199080,Shut Up and Dance,WALK THE MOON,TALKING IS HARD,trackdone,trackdone,TRUE,FALSE
1Hp4Ee9PGjB1YFWJs87PIe,2024-10-19 20:00:37,android,24285,Queenie Eye,Paul McCartney,NEW,trackdone,logout,TRUE,FALSE
1Hp4Ee9PGjB1YFWJs87PIe,2024-10-19 20:13:57,android,204780,Queenie Eye,Paul McCartney,NEW,appload,trackdone,TRUE,FALSE
22LvrrjoioPRebT2r4QXnV,2024-10-19 20:17:27,android,209440,Underdog,Imagine Dragons,Night Visions,trackdone,trackdone,TRUE,FALSE
0RsMTlG08zUhYSz1nWi1wp,2024-10-19 20:19:13,android,104021,Vedi Cara - Remaster 1996,Francesco Guccini,The Platinum Collection,trackdone,fwdbtn,TRUE,TRUE
6zHecELSAUYPCmYY8qHuOy,2024-10-19 20:19:26,android,13171,Good Thing,Sam Smith,In The Lonely Hour,fwdbtn,fwdbtn,TRUE,TRUE
6CjtS2JZH9RkDz5UVInsa9,2024-10-19 20:19:28,android,1990,Thrift Shop (feat. Wanz),Macklemore & Ryan Lewis,The Heist,fwdbtn,fwdbtn,TRUE,TRUE
3CPID5jKTRXhTK3yHf66KX,2024-10-19 20:23:03,android,215533,Another One Bites The Dust,Queen,The Game,fwdbtn,trackdone,TRUE,FALSE
1jOLTO379yIu9aMnCkpMQl,2024-10-19 20:27:06,android,242973,You Never Give Me Your Money - Remastered 2009,The Beatles,Abbey Road,trackdone,trackdone,TRUE,FALSE
5xEM5hIgJ1jjgcEBfpkt2F,2024-10-19 20:37:30,android,244506,Complicated,Avril Lavigne,Let Go,trackdone,trackdone,TRUE,FALSE
4JP7dgTc4SwllOM98u4wDP,2024-10-19 20:37:33,android,1790,Murder,David Gilmour,About Face,trackdone,fwdbtn,TRUE,TRUE
4D5RTXNz4KQRUbBWTyjjfh,2024-10-19 20:40:39,android,187653,Ludlow,Houndmouth,From the Hills Below the City,fwdbtn,trackdone,TRUE,FALSE
1HbcclMpw0q2WDWpdGCKdS,2024-10-19 22:31:27,android,241346,Tenerife Sea,Ed Sheeran,x,trackdone,trackdone,TRUE,FALSE
4Nkn6En6TiZQRuTpEDPOYs,2024-10-19 22:35:38,android,251266,The Gambler,fun.,Aim and Ignite,trackdone,trackdone,TRUE,FALSE
5SiCTf5r1cVjQXAXB2StpS,2024-10-19 22:39:56,android,257240,Torn And Frayed,The Rolling Stones,Exile On Main Street,trackdone,trackdone,TRUE,FALSE
69QFcT6d5s682XOUtyiliA,2024-10-19 22:43:41,android,224266,Incomplete,James Bay,Chaos And The Calm,trackdone,trackdone,TRUE,FALSE
5c3xGo679uxmjKtzGI3war,2024-10-19 22:47:46,android,244120,Sweet Louise,Pete Molinari,A Virtual Landslide (Bonus Version),trackdone,trackdone,TRUE,FALSE
3RgR3cFZ6xh7MlB9DURK6e,2024-10-19 22:51:34,android,228173,Shadow Days,John Mayer,Born and Raised,trackdone,trackdone,TRUE,FALSE
1KgZOCjN3nGRTk3c87oIj6,2024-10-19 22:54:34,android,178560,What We Live For,American Authors,What We Live For,trackdone,trackdone,TRUE,FALSE
7DKv6FjD4xxeT4ZmEdec9W,2024-10-19 23:11:39,android,17036,"L'elisir d'amore / Act II: ""Una furtiva lagrima""",Gaetano Donizetti,Donizetti: The Elixir of Love,trackdone,logout,TRUE,FALSE
7DKv6FjD4xxeT4ZmEdec9W,2024-10-20 00:04:48,android,44989,"L'elisir d'amore / Act II: ""Una furtiva lagrima""",Gaetano Donizetti,Donizetti: The Elixir of Love,appload,fwdbtn,TRUE,TRUE
2izFPHr2dAsMiRyeQwhiLR,2024-10-20 00:08:24,android,216293,Long Live Rock & Roll,Daughtry,Baptized (Deluxe Version),fwdbtn,trackdone,TRUE,FALSE
6mIqd7D0OQZn1Fn3UoBdRW,2024-10-20 01:21:45,android,237946,Dónde Estás Corazón?,Mocedades,Personalidad,trackdone,trackdone,TRUE,FALSE
2DATcVxBdGcIIGd0sb1s4X,2024-10-20 02:11:11,android,195186,"Don Giovanni, ossia Il dissoluto punito, K.527 / Act 1: ""Là ci darem la mano""",Wolfgang Amadeus Mozart,Mozart: Don Giovanni,trackdone,trackdone,TRUE,FALSE
0xun1Olh7EtEef4wIg9l3l,2024-10-20 02:11:39,android,25636,I've Told You Now,Sam Smith,In The Lonely Hour,trackdone,fwdbtn,TRUE,TRUE
2YJgM8lj4u5YEZRSHSfL60,2024-10-20 02:11:40,android,1877,Bell Bottom Blues,Derek & The Dominos,Layla And Other Assorted Love Songs,fwdbtn,fwdbtn,TRUE,TRUE
7xrODhgXFNVsRtKoyt5rJo,2024-10-20 02:14:43,android,183253,"Cocaine Blues - Live at Folsom State Prison, Folsom, CA - January 1968",Johnny Cash,At Folsom Prison,fwdbtn,trackdone,TRUE,FALSE
50xwQXPtfNZFKFeZ0XePWc,2024-10-20 02:42:52,android,84873,Yellow Submarine - Remastered 2009,The Beatles,Revolver,trackdone,logout,TRUE,FALSE
50xwQXPtfNZFKFeZ0XePWc,2024-10-20 03:26:12,android,75017,Yellow Submarine - Remastered 2009,The Beatles,Revolver,appload,trackdone,TRUE,FALSE
3MrWxJaD2AT0W9DjWF64Vm,2024-10-20 03:31:00,android,287306,Come On Eileen,Dexys Midnight Runners,Too Rye Ay,trackdone,trackdone,TRUE,FALSE
64GMkUhGX3gp18F1tajKXg,2024-10-20 03:35:05,android,244946,Sleepwalker - Abridged,The Killers,Pressure Machine,trackdone,trackdone,TRUE,FALSE
4aeCuOowYXJXrMZsVHZbfF,2024-10-20 03:35:58,android,50294,Untitled,Radiohead,Kid A,trackdone,fwdbtn,TRUE,TRUE
28cnXtME493VX9NOw9cIUh,2024-10-20 03:36:02,android,3538,Hurt,Johnny Cash,American IV: The Man Comes Around,fwdbtn,fwdbtn,TRUE,TRUE
1KKqjzvzQ3BoZoDplCHQps,2024-10-20 03:36:05,android,2916,Bling (Confession Of A King) - Live From The Royal Albert Hall / 2009,The Killers,Live From The Royal Albert Hall,fwdbtn,fwdbtn,TRUE,TRUE
0vTvkf24wkCG3DTKgoNnih,2024-10-20 03:36:06,android,1565,Isn't It a Pity (2014 Remaster),George Harrison,All Things Must Pass,fwdbtn,fwdbtn,TRUE,TRUE
1f2V8U1BiWaC9aJWmpOARe,2024-10-20 03:36:08,android,1916,By the Way,Red Hot Chili Peppers,By the Way,fwdbtn,fwdbtn,TRUE,TRUE
2DATiJtJ75vDhCL59LWhlI,2024-10-20 03:36:10,android,1632,"Dirty Old Egg-Suckin' Dog - Live at Folsom State Prison, Folsom, CA (1st Show) - January 1968",Johnny Cash,At Folsom Prison,fwdbtn,fwdbtn,TRUE,TRUE
0uco0wQkB909zpPlHvu5Cc,2024-10-20 03:36:12,android,1362,Bold as Love,Jimi Hendrix,Axis: Bold As Love,fwdbtn,fwdbtn,TRUE,TRUE
2SB7SvBpz5X5ZnmABsLUUT,2024-10-20 03:36:14,android,1988,Sexy Sadie - Esher Demo,The Beatles,The Beatles,fwdbtn,fwdbtn,TRUE,TRUE
0Ruvs5IxqkGqQVWCO2oRpw,2024-10-20 03:39:46,android,213066,De Música Ligera - Remasterizado 2007,Soda Stereo,Me Verás Volver (Hits & Más),fwdbtn,trackdone,TRUE,FALSE
1PXsUXSM3LF2XNSkmIldPb,2024-10-20 04:09:02,android,63699,Little Black Submarines,The Black Keys,El Camino,trackdone,logout,TRUE,FALSE
1PXsUXSM3LF2XNSkmIldPb,2024-10-20 16:57:08,android,188836,Little Black Submarines,The Black Keys,El Camino,appload,trackdone,TRUE,FALSE
6SznMYPQJHzr3IwsAHLId2,2024-10-20 17:01:18,android,176746,Bibia Be Ye Ye,Ed Sheeran,÷,trackdone,trackdone,TRUE,FALSE
1sdal9qXdnK5bNl578FlpM,2024-10-20 17:49:24,android,61393,Get Back in Line (2020 Stereo Remaster),The Kinks,"Lola Versus Powerman and the Moneygoround, Pt. 1",trackerror,logout,TRUE,FALSE
1sdal9qXdnK5bNl578FlpM,2024-10-20 18:01:35,android,125166,Get Back in Line (2020 Stereo Remaster),The Kinks,"Lola Versus Powerman and the Moneygoround, Pt. 1",appload,trackdone,TRUE,FALSE
4I4aQGNJ2HufloNtB65nxR,2024-10-20 18:14:04,android,190400,That's Amore,Dean Martin,"Dean Martin: The Capitol Recordings, Vol. 4 (1952-1954)",trackdone,trackdone,TRUE,FALSE
7hrJgdNzMHlKxEorMLrPcD,2024-10-20 18:18:44,android,279520,I'm Waiting For The Man - Album Version (Stereo),The Velvet Underground,The Velvet Underground & Nico 45th Anniversary,trackdone,trackdone,TRUE,FALSE
0qaQRF3h01LRQWUXBGH4vR,2024-10-20 18:22:47,android,242226,Mr. Make Believe,Gene Simmons,Gene Simmons,trackdone,trackdone,TRUE,FALSE
3VbGCXWRiouAq8VyMYN2MI,2024-10-20 18:25:09,android,141693,Love Me Do - Remastered 2009,The Beatles,Please Please Me,trackdone,trackdone,TRUE,FALSE
7qbRP2jO0Sq3kTYdEW1v00,2024-10-20 18:27:59,android,169146,Day Tripper - Remastered 2009,The Beatles,Past Masters,trackdone,trackdone,TRUE,FALSE
0SieiDcGvj8cZ0K4hcT3Zd,2024-10-20 18:32:05,android,246000,Dying Breed,The Killers,Imploding The Mirage,trackdone,trackdone,TRUE,FALSE
15DrrIod12Tc2IoMaHiwlQ,2024-10-20 18:35:18,android,192706,I Bet My Life,Imagine Dragons,Smoke + Mirrors,trackdone,trackdone,TRUE,FALSE
5vTcmSXFfBUcFUV0FUg9RD,2024-10-20 19:42:38,android,213773,Joy Ride,The Killers,Day & Age,trackdone,trackdone,TRUE,FALSE
64PtbjIQSwVGqwqOkjcQ0s,2024-10-20 20:05:35,android,156781,Run,Vampire Weekend,Contra,trackdone,logout,TRUE,FALSE
64PtbjIQSwVGqwqOkjcQ0s,2024-10-20 20:35:46,android,76850,Run,Vampire Weekend,Contra,appload,trackdone,TRUE,FALSE
2Anmaa3cu1UgPt1xdkefsN,2024-10-20 20:44:30,android,237333,Mentiroso,Ricardo Arjona,Sin Daños A Terceros,trackdone,trackdone,TRUE,FALSE
4rDoJqNRPN3SoXfi79lvES,2024-10-20 20:48:42,android,43845,Des Rse,Poloc,Des Rse,trackdone,fwdbtn,TRUE,TRUE
5ct5gaiaobb1p9JmWluGFw,2024-10-20 20:52:15,android,214111,Happy With You,Paul McCartney,Egypt Station,fwdbtn,trackdone,TRUE,FALSE
4dGewjZWQhWhWvgvLcMUmf,2024-10-20 20:52:29,android,12477,Drink With Me - Live,Anthony Crivello,Les Misérables (10th Anniversary Concert Live at Royal Albert Hall),trackdone,fwdbtn,TRUE,TRUE
5rMMiv9S50ja6ypmOIi1SP,2024-10-20 20:52:31,android,1450,Cómo Te Atreves,Morat,Sobre El Amor Y Sus Efectos Secundarios,fwdbtn,fwdbtn,TRUE,TRUE
7aYBo6hxjhJc8ECkbKAqnR,2024-10-20 20:56:41,android,250973,The Bandit,Kings of Leon,When You See Yourself,fwdbtn,trackdone,TRUE,FALSE
6Slvi85s1hIaeykjvDe1xk,2024-10-20 21:01:10,android,268626,Perhaps Vampires Is A Bit Strong But…,Arctic Monkeys,"Whatever People Say I Am, That's What I'm Not",trackdone,trackdone,TRUE,FALSE
4yWWuAW3bywNtneUa4L6YJ,2024-10-20 21:04:29,android,197971,Next Girl,The Black Keys,Brothers,trackdone,trackdone,TRUE,FALSE
7C6hdDIz90Uf5YmdZnYbJJ,2024-10-20 21:06:52,android,142266,If I Needed Someone - Remastered 2009,The Beatles,Rubber Soul,trackdone,trackdone,TRUE,FALSE
6FRo3Zj550jo20vJzhH5UC,2024-10-20 21:07:00,android,7187,Patience,The Lumineers,Cleopatra,trackdone,fwdbtn,TRUE,TRUE
0fQuzbQNLcD1ofo7B2NcFI,2024-10-20 21:07:02,android,1874,True Love,Coldplay,Ghost Stories,fwdbtn,fwdbtn,TRUE,TRUE
59gSh5ihFRsCyB4gpwDjcC,2024-10-20 21:07:08,android,6118,I Want You,Kings of Leon,Only By The Night,fwdbtn,backbtn,TRUE,TRUE
0fQuzbQNLcD1ofo7B2NcFI,2024-10-20 21:11:14,android,246000,True Love,Coldplay,Ghost Stories,backbtn,trackdone,TRUE,FALSE
59gSh5ihFRsCyB4gpwDjcC,2024-10-20 21:16:22,android,307453,I Want You,Kings of Leon,Only By The Night,trackdone,trackdone,TRUE,FALSE
5vHdwdz030JVW8MrpglGB5,2024-10-20 21:20:11,android,228728,The Spiritual,Jukebox The Ghost,Safe Travels,trackdone,trackdone,TRUE,FALSE
7hR5toSPEgwFZ78jfHdANM,2024-10-20 21:24:22,android,250373,Half of My Heart,John Mayer,Battle Studies,trackdone,trackdone,TRUE,FALSE
1ZJe2q23LXHnE79UjnJqyx,2024-10-20 21:27:29,android,187000,Tómame o Déjame - Remasterizado,Mocedades,Mocedades 5,trackdone,trackdone,TRUE,FALSE
62BxlOvQCjLNQA5ARA4Dug,2024-10-20 21:31:34,android,243786,Runaways,The Killers,Battle Born,trackdone,trackdone,TRUE,FALSE
3K2YwQn30cfQBWM39XcrXV,2024-10-20 21:36:19,android,285066,Move Together - The Dark Of The Morning Version,James Bay,Chaos And The Calm,trackdone,trackdone,TRUE,FALSE
34OzAaQeAWlFnZBSyUAtRh,2024-10-20 21:40:44,android,264266,Loving Cup,The Rolling Stones,Exile On Main Street,trackdone,trackdone,TRUE,FALSE
2JxcIEl51HGrSpNWiF9IsY,2024-10-20 21:43:00,android,135306,Old Black Train (feat. Justin Rubenstein),Over the Garden Wall,Over the Garden Wall,trackdone,trackdone,TRUE,FALSE
31hUonEmUsEVd0FMRv1s5r,2024-10-20 21:47:02,android,242466,Not Your Fault,AWOLNATION,Megalithic Symphony,trackdone,trackdone,TRUE,FALSE
2TfSHkHiFO4gRztVIkggkE,2024-10-20 21:50:52,android,229093,"Sugar, We're Goin Down",Fall Out Boy,From Under The Cork Tree,trackdone,trackdone,TRUE,FALSE
5RmdT9ENbeGpAfToyNuOQo,2024-10-20 21:55:03,android,250680,Clocks Go Forward,James Bay,Chaos And The Calm,trackdone,trackdone,TRUE,FALSE
4ODWgs1CVAZKDbryEodjiz,2024-10-20 21:58:28,android,204146,"Theme From New York, New York",Frank Sinatra,Ultimate Sinatra,trackdone,trackdone,TRUE,FALSE
5azBtIfv3B6FTUQ5oUGIpl,2024-10-20 21:58:37,android,7673,Somebody Told Me - Live From The Royal Albert Hall / 2009,The Killers,Live From The Royal Albert Hall,trackdone,fwdbtn,TRUE,TRUE
19q0WSVYv3qjCKD9eUEXL6,2024-10-20 22:02:00,android,203906,Collide,James Bay,Chaos And The Calm,fwdbtn,trackdone,TRUE,FALSE
2a4iE4k1IkIswThuJ3ROsw,2024-10-20 22:04:53,android,172452,Not In That Way,Sam Smith,In The Lonely Hour,trackdone,trackdone,TRUE,FALSE
5nw6Uk1a2NkmTqfalBvMia,2024-10-20 22:09:42,android,288626,Dice la gente,Kiko Veneno,Dice la gente,trackdone,trackdone,TRUE,FALSE
3q8LBIqDChhcA1LkYKw2QL,2024-10-20 22:12:59,android,196466,Unpack Your Heart,Phillip Phillips,Behind The Light,trackdone,trackdone,TRUE,FALSE
39S2xu12I1IwMVqSvoORSh,2024-10-20 22:16:32,android,211862,Brother Love's Travelling Salvation Show,Neil Diamond,Brother Love's Travelling Salvation Show,trackdone,trackdone,TRUE,FALSE
6hEXLc1lneuBVFl24uB4ym,2024-10-20 22:33:17,android,248021,Hey Larocco,Rayland Baxter,Wide Awake,trackdone,logout,TRUE,FALSE
6hEXLc1lneuBVFl24uB4ym,2024-10-20 22:38:45,android,22618,Hey Larocco,Rayland Baxter,Wide Awake,appload,trackdone,TRUE,FALSE
0PL5Y6B3p6UKtLi5cgCNTF,2024-10-20 22:42:32,android,225985,Bittersweet,Zac Brown Band,JEKYLL + HYDE,trackdone,fwdbtn,TRUE,TRUE
0P3XcK6fckxtGWlojkx5Mm,2024-10-20 22:42:34,android,2093,Culpable,David Bisbal,Tú Y Yo,fwdbtn,fwdbtn,TRUE,TRUE
1tcKAOCAgT09wHePqahwOc,2024-10-20 22:42:36,android,1140,John Lennon,The Outfield,Diamond Days,fwdbtn,fwdbtn,TRUE,TRUE
4401c08DdNwwGEg8WGCkQf,2024-10-20 22:44:53,android,138560,Paperback Writer - Remastered 2009,The Beatles,Past Masters,fwdbtn,trackdone,TRUE,FALSE
2OCoH12t6olzx9bT1PEC8F,2024-10-20 22:46:37,android,102800,Let It Rock,Chuck Berry,Rockin' At The Hops,trackdone,trackdone,TRUE,FALSE
4Wi6OrpIzvG0dRHN8pVuTs,2024-10-20 22:55:27,android,445186,Oh! Sweet Nuthin' - 2015 Remaster,The Velvet Underground,Loaded,trackdone,trackdone,TRUE,FALSE
5qvMfYPAXfxQWDTcSS1YZe,2024-10-20 22:56:03,android,35232,Deadlines And Commitments,The Killers,Battle Born,trackdone,fwdbtn,TRUE,TRUE
65T1aY3I9qfNUDVAnaM9bq,2024-10-20 23:00:02,android,239881,Sedona,Houndmouth,Little Neon Limelight,fwdbtn,trackdone,TRUE,FALSE
7iN1s7xHE4ifF5povM6A48,2024-10-20 23:04:06,android,243026,Let It Be - Remastered 2009,The Beatles,Let It Be,trackdone,trackdone,TRUE,FALSE
0NdTUS4UiNYCNn5FgVqKQY,2024-10-20 23:07:19,android,193030,Snap Out Of It,Arctic Monkeys,AM,trackdone,trackdone,TRUE,FALSE
6ONXnW7OLAQUt4tbKZYhKG,2024-10-20 23:11:06,android,225760,Long As You're At Home,Houndmouth,From the Hills Below the City,trackdone,trackdone,TRUE,FALSE
3NGG1do9lT815M5REcCzzm,2024-10-20 23:11:20,android,13013,El Privilegio De Amar,Mijares,El Privilegio De Amar,trackdone,fwdbtn,TRUE,TRUE
0sIwvSRFOzFWSjCHQTZP2F,2024-10-20 23:14:09,android,170300,Fields of Gold,Bronwen,Fields of Gold,fwdbtn,trackdone,TRUE,FALSE
6tM8cMX9S4AyRd5sDDrzhN,2024-10-20 23:17:20,android,190333,Romeo Had Juliette,Lou Reed,New York,trackdone,trackdone,TRUE,FALSE
4r8AQvzullpWTDpgv70KxD,2024-10-20 23:23:00,android,339474,The Rover - Remaster,Led Zeppelin,Physical Graffiti,trackdone,trackdone,TRUE,FALSE
5hMA0vhvm20GDIn5OyfJz7,2024-10-20 23:25:06,android,125200,Cascos Ligeros,Alejandro Fernández,Piel De Niña,trackdone,trackdone,TRUE,FALSE
3O6xCKNtVyHUcL6HhGWcXL,2024-10-20 23:28:16,android,189533,I'm So Free,Lou Reed,Transformer,trackdone,trackdone,TRUE,FALSE
5l4AZGLQCZJKEXcKzmJthD,2024-10-20 23:30:48,android,151680,Just Because,Elvis Presley,Elvis Presley,trackdone,trackdone,TRUE,FALSE
5FWn20xrAQ1IdbA8Dml6pj,2024-10-20 23:34:02,android,193573,Si tu vois ma mère - Slow,Sidney Bechet,Les Années Bechet,trackdone,trackdone,TRUE,FALSE
1fRlDQzrpvWd4BlIzifUkJ,2024-10-20 23:37:31,android,208026,Keep Me in Your Heart,Warren Zevon,The Wind,trackdone,trackdone,TRUE,FALSE
7gwuLmdWVfHi35OU07U60N,2024-10-20 23:40:18,android,166933,Think Before You Drink,The Voidz,Virtue,trackdone,trackdone,TRUE,FALSE
60IGhnH20N82dNxKnc8jDd,2024-10-20 23:43:42,android,203173,Knee Deep (feat. Jimmy Buffett),Zac Brown Band,You Get What You Give,trackdone,trackdone,TRUE,FALSE
6sy3LkhNFjJWlaeSMNwQ62,2024-10-20 23:48:00,android,257840,Counting Stars,OneRepublic,Native,trackdone,trackdone,TRUE,FALSE
4zkVFDUVmZpib8E1z4c4Sa,2024-10-20 23:49:56,android,115293,Junk - Remastered 2011,Paul McCartney,McCartney,trackdone,trackdone,TRUE,FALSE
7M6WXLkKmGhsULxYjIDuG9,2024-10-20 23:53:51,android,234346,Alchemist Gold,The Mud Howlers,Timeliness,trackdone,trackdone,TRUE,FALSE
2TOBMDqbtPP6sAQtWc2Br9,2024-10-20 23:57:01,android,189800,Échame a Mi La Culpa,Luis Miguel,Mexico en la Piel (edicion diamante),trackdone,trackdone,TRUE,FALSE
7EUcOIbJSePmXGvAe7G79C,2024-10-21 00:00:39,android,217440,Black Treacle,Arctic Monkeys,Suck It and See,trackdone,trackdone,TRUE,FALSE
7DD7eSuYSC5xk2ArU62esN,2024-10-21 00:02:59,android,139560,Help! - Remastered 2009,The Beatles,Help!,trackdone,trackdone,TRUE,FALSE
3oTYv0yShT4sjuPncoUXfK,2024-10-21 00:03:18,android,17504,❤️,Coldplay,Music Of The Spheres,trackdone,fwdbtn,TRUE,TRUE
4AaPXm5NKGEwGdOJzuPnrL,2024-10-21 00:03:21,android,3227,She's Long Gone,The Black Keys,Brothers,fwdbtn,fwdbtn,TRUE,TRUE
25FcpZ9z5idbBaJXPEnHsC,2024-10-21 00:06:36,android,195621,By God,Houndmouth,Little Neon Limelight,fwdbtn,trackdone,TRUE,FALSE
76CfWxdNh9k5ssABTxlmMJ,2024-10-21 00:09:32,android,175333,Eight Line Poem - 2015 Remaster,David Bowie,Hunky Dory,trackdone,trackdone,TRUE,FALSE
2Ij4TNS0XKn05hXTEMcO4w,2024-10-21 00:13:16,android,222906,Who Let You Go?,The Killers,Sawdust,trackdone,trackdone,TRUE,FALSE
7dOeiXeTSfA1ixaYmQcWu7,2024-10-21 00:16:37,android,201256,Rich Love (with Seeb),OneRepublic,Rich Love,trackdone,trackdone,TRUE,FALSE
6ZOBP3NvffbU4SZcrnt1k6,2024-10-21 00:20:32,android,233933,Kryptonite,3 Doors Down,The Better Life,trackdone,trackdone,TRUE,FALSE
4RvW5ggYKC7bCDX4UUSSDc,2024-10-21 00:24:04,android,211851,Sleep On The Floor,The Lumineers,Cleopatra,trackdone,trackdone,TRUE,FALSE
0LOnyr7dtH8GQAVypvT98T,2024-10-21 00:26:53,android,168893,Peter Pan,Arcade Fire,Everything Now,trackdone,trackdone,TRUE,FALSE
0GvhHQbWSnGltjl0je61dI,2024-10-21 00:29:19,android,144946,Mystery Train,Elvis Presley,For LP Fans Only,trackdone,trackdone,TRUE,FALSE
6Qs5u9Tqh1rm1ljdr1ckhw,2024-10-21 00:33:48,android,269190,Mama Kin,Aerosmith,Aerosmith,trackdone,trackdone,TRUE,FALSE
1B5tiGNcOHERcXcBHiL6Xs,2024-10-21 00:38:22,android,273240,Be Still,The Killers,Battle Born,trackdone,trackdone,TRUE,FALSE
3OCu1I58aI9fy6m6pYEtN2,2024-10-21 00:42:12,android,229133,I'm Not the One,The Black Keys,Brothers,trackdone,trackdone,TRUE,FALSE
1ZYWWz6ADzrCazzGFWbOOf,2024-10-21 00:42:22,android,8359,"Madama Butterfly, Act II: Un bel dì vedremo (Butterfly)",Giacomo Puccini,Madame Butterfly,trackdone,fwdbtn,TRUE,TRUE
3rIxA8zMJNoMn6wYq9uA0x,2024-10-21 00:42:24,android,2936,Lady Stardust,Seu Jorge,The Life Aquatic Exclusive Studio Sessions Featuring Seu Jorge,fwdbtn,fwdbtn,TRUE,TRUE
52dm9op3rbfAkc1LGXgipW,2024-10-21 00:48:05,android,341773,Wild Horses - 2009 Mix,The Rolling Stones,Sticky Fingers,fwdbtn,trackdone,TRUE,FALSE
3ieLey98V9mIIh3W9gBlPF,2024-10-21 00:48:23,android,16577,Barcelona,George Ezra,Wanted on Voyage,trackdone,fwdbtn,TRUE,TRUE
4DR5MStkWtDYf17jBUOo0V,2024-10-21 00:48:25,android,1783,Little Green Bag,George Baker Selection,The Tarantino Connection,fwdbtn,fwdbtn,TRUE,TRUE
1zdmeAd3wE2VlrrxpAAEgr,2024-10-21 00:48:27,android,1487,Love Ain't For Keeping,The Who,Who's Next,fwdbtn,backbtn,TRUE,TRUE
4DR5MStkWtDYf17jBUOo0V,2024-10-21 00:53:01,android,195333,Little Green Bag,George Baker Selection,The Tarantino Connection,backbtn,trackdone,TRUE,FALSE
1zdmeAd3wE2VlrrxpAAEgr,2024-10-21 00:53:19,android,16747,Love Ain't For Keeping,The Who,Who's Next,trackdone,fwdbtn,TRUE,TRUE
6AzAWzsXXIChy2aulERrD0,2024-10-21 00:53:22,android,2280,Lonesome Cowboy Bill - 2015 Remaster,The Velvet Underground,Loaded,fwdbtn,fwdbtn,TRUE,TRUE
6QXtKi4TVe1458QNodE3cs,2024-10-21 00:53:24,android,2184,Poncho & Lefty,Townes Van Zandt,The Late Great Townes Van Zandt,fwdbtn,fwdbtn,TRUE,TRUE
6Oi3mUl8WwfTVRqEwByZ7R,2024-10-21 00:53:26,android,1872,If I Ever Get Around To Living,John Mayer,Born and Raised,fwdbtn,fwdbtn,TRUE,TRUE
0qkftSyehmgEES0ymuYiTS,2024-10-21 00:53:30,android,3571,Bendita Tu Luz,Maná,Amar Es Combatir,fwdbtn,fwdbtn,TRUE,TRUE
2jNCofCae2Txs2zaegNLOt,2024-10-21 00:55:24,android,114844,Don't Stop Me Now,Queen,Jazz,fwdbtn,fwdbtn,TRUE,TRUE
1X5BVBMuH2cy1jy8B2VRJi,2024-10-21 00:55:34,android,9280,Eden's House (feat. Ladysmith Black Mambazo),Milky Chance,Mind The Moon,fwdbtn,fwdbtn,TRUE,TRUE
0Zrug5Ry3x6x60lohpEU0C,2024-10-21 00:55:36,android,1930,Roll it on Home,John Mayer,The Search for Everything,fwdbtn,fwdbtn,TRUE,TRUE
7BbXV1wZWBDBXOc1IrDYo1,2024-10-21 00:55:37,android,1704,"Over, Under, Sideways, Down",The Yardbirds,Roger the Engineer (Expanded Edition),fwdbtn,backbtn,TRUE,TRUE
0Zrug5Ry3x6x60lohpEU0C,2024-10-21 00:58:59,android,202813,Roll it on Home,John Mayer,The Search for Everything,backbtn,trackdone,TRUE,FALSE
7BbXV1wZWBDBXOc1IrDYo1,2024-10-21 01:01:24,android,144084,"Over, Under, Sideways, Down",The Yardbirds,Roger the Engineer (Expanded Edition),trackdone,trackdone,TRUE,FALSE
76jtkq7829eEgEkoQrcjov,2024-10-21 01:06:14,android,289226,Brother,NEEDTOBREATHE,Rivers in the Wasteland,trackdone,trackdone,TRUE,FALSE
4Tt6GiWS2V9sQjZjS2xjp2,2024-10-21 01:09:34,android,199263,"Honey, I'm Good",Andy Grammer,Magazines Or Novels,trackdone,trackdone,TRUE,FALSE
5xZjfKSfTooDP2rcAgjxlH,2024-10-21 01:14:12,android,278373,Carry On,fun.,Some Nights,trackdone,trackdone,TRUE,FALSE
5qWvQZewRB57giOKgvUE3F,2024-10-21 01:14:17,android,3114,Harry's Wondrous World,John Williams,Harry Potter and The Chamber of Secrets/ Original Motion Picture Soundtrack,trackdone,fwdbtn,TRUE,TRUE
2g34T4Zs54pTRR1AYTjobc,2024-10-21 01:17:08,android,171101,"San Quentin - Live at San Quentin State Prison, San Quentin, CA - February 1969",Johnny Cash,At San Quentin,fwdbtn,fwdbtn,TRUE,TRUE
3BsNxZnM79oJPjhCdUDab9,2024-10-21 01:17:11,android,2581,The Kids Don't Stand a Chance,Vampire Weekend,Vampire Weekend,fwdbtn,fwdbtn,TRUE,TRUE
2Jpw6uRsDncpCYkvdrfTTk,2024-10-21 01:20:33,android,203480,Karpe Diem,Ed Maverick,mix pa llorar en tu cuarto,fwdbtn,trackdone,TRUE,FALSE
2rzk398EF8verl5lQPnXhW,2024-10-21 01:23:50,android,195733,"Battered, Black & Blue (Hole In My Heart)",AWOLNATION,Angel Miners & The Lightning Riders,trackdone,trackdone,TRUE,FALSE
4pOnY9Cbr16N3w0yDkUae8,2024-10-21 01:28:09,android,258533,Only The Young,Brandon Flowers,Flamingo,trackdone,trackdone,TRUE,FALSE
5VErNsWF69eD0HiBt2vWcH,2024-10-21 01:33:41,android,331853,Nineteen Hundred And Eighty Five - 2010 Remaster,Paul McCartney,Band On The Run,trackdone,trackdone,TRUE,FALSE
6yUonggMV7KxbTHcMPUW0k,2024-10-21 01:36:36,android,174160,Qué suerte la mía,Pedro Infante,Adios a Mis Chorreadas,trackdone,trackdone,TRUE,FALSE
3gTVZ87MqnpEQ9XGMYEYV8,2024-10-21 01:41:45,android,308920,Beautiful Night - 2020 Remaster,Paul McCartney,Flaming Pie,trackdone,trackdone,TRUE,FALSE
6ORqU0bHbVCRjXm9AjyHyZ,2024-10-21 01:44:19,android,153466,Good Riddance (Time of Your Life),Green Day,Nimrod,trackdone,trackdone,TRUE,FALSE
2gwwiPeyKgIdLqqlpt4Qee,2024-10-21 01:44:24,android,4050,Femme Fatale,The Velvet Underground,The Velvet Underground & Nico 45th Anniversary,trackdone,fwdbtn,TRUE,TRUE
2DrGEaqoruCSn0FffWCf5O,2024-10-21 01:46:41,android,137760,A-Punk,Vampire Weekend,Vampire Weekend,fwdbtn,trackdone,TRUE,FALSE
5a8YXmvWnhnHUDVHBO32zF,2024-10-21 01:46:54,android,11336,Cody - Abridged,The Killers,Pressure Machine,trackdone,fwdbtn,TRUE,TRUE
1oThOGPVYA2nHmw2K2DfFw,2024-10-21 01:46:56,android,1959,Home Tonight,Paul McCartney,Home Tonight / In A Hurry,fwdbtn,fwdbtn,TRUE,TRUE
7wNrk2vc0GUUNBFggJzEsI,2024-10-21 01:46:58,android,1542,Mujeres,Ricardo Arjona,Animal Nocturno,fwdbtn,fwdbtn,TRUE,TRUE
3QDahKSqLwYJYQRbILdzS6,2024-10-21 01:46:59,android,1062,Kid A,Radiohead,Kid A,fwdbtn,backbtn,TRUE,TRUE
7wNrk2vc0GUUNBFggJzEsI,2024-10-21 01:50:24,android,206000,Mujeres,Ricardo Arjona,Animal Nocturno,backbtn,trackdone,TRUE,FALSE
3QDahKSqLwYJYQRbILdzS6,2024-10-21 01:50:41,android,15990,Kid A,Radiohead,Kid A,trackdone,fwdbtn,TRUE,TRUE
3ReOV0SALd6mcz8SCSZLGV,2024-10-21 01:50:45,android,3698,Well Well Well - Remastered 2010,John Lennon,Plastic Ono Band,fwdbtn,fwdbtn,TRUE,TRUE
5m1x4QRgaKmK8cTkZQjGRr,2024-10-21 01:55:51,android,306373,Home - 2019 Remaster,Edward Sharpe & The Magnetic Zeros,Up From Below - 10th Anniversary Edition,fwdbtn,trackdone,TRUE,FALSE
5cwtY6Oxhd785D0E8mSpTq,2024-10-21 01:56:54,android,62364,Men of Good Fortune,Lou Reed,Berlin,trackdone,endplay,TRUE,TRUE
2ihCaVdNZmnHZWt0fvAM7B,2024-10-21 02:01:33,android,266600,Little Talks,Of Monsters and Men,My Head Is An Animal,fwdbtn,trackdone,TRUE,FALSE
5kXNWJJKNUkYgBymV54Wcl,2024-10-21 02:03:55,android,141600,I Hate You (My Friend) - LP,John Oszajca,From There To Here,trackerror,trackdone,TRUE,FALSE
6XtsMEFQ0M0X2yzMcqLSF6,2024-10-21 02:04:10,android,13307,Blue Red And Grey,The Who,The Who By Numbers,trackdone,fwdbtn,TRUE,TRUE
6rT0BKAbg4y35tukHcfk4N,2024-10-21 02:04:12,android,1993,Untitled (How Could This Happen to Me?),Simple Plan,Still Not Getting Any,fwdbtn,fwdbtn,TRUE,TRUE
0tgBtQ0ISnMQOKorrN9HLX,2024-10-21 02:04:17,android,4652,Last Train Home,John Mayer,Sob Rock,fwdbtn,fwdbtn,TRUE,TRUE
7GAaTpSoTWUTbP2Yxlt4Hd,2024-10-21 02:04:19,android,1739,Need You Now,Lady A,Need You Now,fwdbtn,fwdbtn,TRUE,TRUE
3LXFi1Xk9qJsYXYEjDcuVH,2024-10-21 02:09:37,android,319053,19 Dias y 500 Noches - En Directo,Joaquín Sabina,Nos Sobran Los Motivos,fwdbtn,trackdone,TRUE,FALSE
1tM9TBNPjieSOZ2d5VAQ1y,2024-10-21 02:11:55,android,137586,Lady Madonna - Remastered 2009,The Beatles,Past Masters,trackdone,trackdone,TRUE,FALSE
05DAGutMwjfc7HL5MFa1om,2024-10-21 02:15:19,android,203826,Moonlight Rider,Neil Diamond,50th Anniversary Collector's Edition,trackdone,trackdone,TRUE,FALSE
3KANrKOFYyAxfjQJHkgBdb,2024-10-21 02:19:14,android,234106,Smile Like You Mean It,The Killers,Hot Fuss,trackdone,trackdone,TRUE,FALSE
1UF3THyEZ9Iug3rQ1fvh0K,2024-10-21 02:21:57,android,162840,"I'm Left, You're Right, She's Gone - Slow Version",Elvis Presley,MEMPHIS,trackdone,trackdone,TRUE,FALSE
7lsHAhDUwPZj3bQJGqof6P,2024-10-21 02:22:08,android,9621,Tomorrow Never Comes - Acoustic Version,Zac Brown Band,JEKYLL + HYDE,trackdone,fwdbtn,TRUE,TRUE
6ZpkPahiQA2u63Jx9TnYNw,2024-10-21 02:26:11,android,243946,Don't Go Dark,Bleachers,Take the Sadness Out of Saturday Night,fwdbtn,trackdone,TRUE,FALSE
6C7aTTCUWRK7dD379yUT3W,2024-10-21 02:28:36,android,144600,Roll Over Beethoven,Chuck Berry,Berry Is On Top,trackdone,trackdone,TRUE,FALSE
165lX6DbMhTzqODVZKLmkm,2024-10-21 02:32:33,android,235800,Apartment,Young the Giant,Young The Giant,trackdone,trackdone,TRUE,FALSE
14AyWf6y7KlWWLfAjdKMKI,2024-10-21 02:32:50,android,15501,Ophelia,The Lumineers,Cleopatra,trackdone,fwdbtn,TRUE,TRUE
2AXY5WABx7NjWw1zb4qCdc,2024-10-21 02:36:10,android,201413,Cleopatra,The Lumineers,Cleopatra,fwdbtn,trackdone,TRUE,FALSE
1aOxOpH4AkGAd8OMrKjyNY,2024-10-21 02:43:36,android,248863,Why Are Sundays So Depressing,The Strokes,The New Abnormal,trackdone,fwdbtn,TRUE,TRUE
0S1yRPEdH2PpRrb0GRdVDH,2024-10-21 02:43:46,android,9739,Every Night,Imagine Dragons,Night Visions,fwdbtn,fwdbtn,TRUE,TRUE
3YTTBONdXJOXMCQP7vvPuY,2024-10-21 02:43:49,android,2706,Are You Experienced?,Jimi Hendrix,Are You Experienced,fwdbtn,fwdbtn,TRUE,TRUE
7wC4EW11mBVxDK3xdC7FTf,2024-10-21 02:46:18,android,150026,I'm A Loser - Remastered 2009,The Beatles,Beatles For Sale,fwdbtn,trackdone,TRUE,FALSE
4ltC6PrqkTtpcRNi5lvS4z,2024-10-21 02:48:35,android,136066,No Reply - Remastered 2009,The Beatles,Beatles For Sale,trackdone,trackdone,TRUE,FALSE
3PeCWDczrGqdD1E3mbok2X,2024-10-21 02:48:37,android,1146,Runaway Horses (feat. Phoebe Bridgers) - Abridged,The Killers,Pressure Machine,trackdone,fwdbtn,TRUE,TRUE
2x7vw79tKsW99s8sbyuvPM,2024-10-21 02:48:39,android,1745,Slow Down - Remastered 2009,The Beatles,Past Masters,fwdbtn,fwdbtn,TRUE,TRUE
0TpzAepHab0NofzyqV6As8,2024-10-21 02:48:41,android,1833,Samwise the Brave,Howard Shore,The Lord of the Rings: The Two Towers (Original Motion Picture Soundtrack),fwdbtn,fwdbtn,TRUE,TRUE
0YbI9lWxUBsCJLb6EBydkr,2024-10-21 02:48:42,android,1847,Leave Your Life,Ed Sheeran,=,fwdbtn,fwdbtn,TRUE,TRUE
3RdQfyk7BBxxIx0zSnCBIw,2024-10-21 02:49:48,android,48901,The Hardest Button to Button,The White Stripes,Elephant,fwdbtn,endplay,TRUE,TRUE
3RdQfyk7BBxxIx0zSnCBIw,2024-10-21 02:56:53,android,57243,The Hardest Button to Button,The White Stripes,Elephant,clickrow,fwdbtn,TRUE,TRUE
7IpROZzNQmCHpo2dasKmfc,2024-10-21 02:56:54,android,1232,The Night,Keuning,Prismism,fwdbtn,fwdbtn,TRUE,TRUE
1HNE2PX70ztbEl6MLxrpNL,2024-10-21 02:56:55,android,1301,In Too Deep,Sum 41,"All Killer, No Filler",fwdbtn,fwdbtn,TRUE,TRUE
1RKUoGiLEbcXN4GY4spQDx,2024-10-21 02:56:57,android,1202,Clint Eastwood,Gorillaz,Gorillaz,fwdbtn,fwdbtn,TRUE,TRUE
15Ev5G9uLhXqjBH4t16GQq,2024-10-21 02:56:58,android,1473,"The Heart of Life - Live at the Nokia Theatre, Los Angeles, CA - December 2007",John Mayer,Where the Light Is: John Mayer Live In Los Angeles,fwdbtn,fwdbtn,TRUE,TRUE
5eyTC5GZzpzlN7YRO9AoPf,2024-10-21 02:56:59,android,1069,The View From The Afternoon,Arctic Monkeys,"Whatever People Say I Am, That's What I'm Not",fwdbtn,fwdbtn,TRUE,TRUE
4fUKE8EULjQdHF4zb0M8FO,2024-10-21 02:57:01,android,1612,Sgt. Pepper's Lonely Hearts Club Band - Remastered 2009,The Beatles,Sgt. Pepper's Lonely Hearts Club Band,fwdbtn,fwdbtn,TRUE,TRUE
40qXGg5nRbcWzcFb26KWkQ,2024-10-21 02:57:04,android,2854,Misery - Remastered 2009,The Beatles,Please Please Me,fwdbtn,fwdbtn,TRUE,TRUE
6FBPOJLxUZEair6x4kLDhf,2024-10-21 02:57:05,android,1151,Any Colour You Like,Pink Floyd,The Dark Side of the Moon,fwdbtn,fwdbtn,TRUE,TRUE
1RywwImkBFUEVcRTBmw7vL,2024-10-21 02:57:07,android,1656,The Age of Worry,John Mayer,Born and Raised,fwdbtn,fwdbtn,TRUE,TRUE
2pNllR1aL6MFh1npf0376T,2024-10-21 02:57:08,android,1469,"Vultures - Live at the Nokia Theatre, Los Angeles, CA - December 2007",John Mayer,Where the Light Is: John Mayer Live In Los Angeles,fwdbtn,fwdbtn,TRUE,TRUE
3pRaLNL3b8x5uBOcsgvdqM,2024-10-21 02:57:11,android,2308,Hallelujah,Jeff Buckley,Grace,fwdbtn,fwdbtn,TRUE,TRUE
0Zrug5Ry3x6x60lohpEU0C,2024-10-21 02:57:12,android,1584,Roll it on Home,John Mayer,The Search for Everything,fwdbtn,fwdbtn,TRUE,TRUE
5XeFesFbtLpXzIVDNQP22n,2024-10-21 02:57:14,android,1291,I Wanna Be Yours,Arctic Monkeys,AM,fwdbtn,fwdbtn,TRUE,TRUE
3tGhRLgcCP6SIZU3tbGl7l,2024-10-21 02:57:15,android,1497,Got To Get You Into My Life - Remastered 2009,The Beatles,Revolver,fwdbtn,fwdbtn,TRUE,TRUE
1bo6xzrCrK7ocEirC5rrZk,2024-10-21 03:00:49,android,214198,Soul Love - 2012 Remaster,David Bowie,The Rise and Fall of Ziggy Stardust and the Spiders from Mars,fwdbtn,trackdone,TRUE,FALSE
4ZSJs1cqeincEi2KjUGmZC,2024-10-21 03:01:56,android,65979,Lucille,B.B. King,Lucille,trackdone,fwdbtn,TRUE,TRUE
7bcy34fBT2ap1L4bfPsl9q,2024-10-21 03:01:58,android,2281,I Didn't Change My Number,Billie Eilish,Happier Than Ever,fwdbtn,fwdbtn,TRUE,TRUE
5aHHf6jrqDRb1fcBmue2kn,2024-10-21 03:02:00,android,1510,The End - Remastered 2009,The Beatles,Abbey Road,fwdbtn,fwdbtn,TRUE,TRUE
4XNrMwGx1SqP01sqkGTDmo,2024-10-21 03:02:02,android,2270,One More Night,Maroon 5,Overexposed,fwdbtn,fwdbtn,TRUE,TRUE
7oeeeHdNY8S6zVsU0fuWLr,2024-10-21 03:02:08,android,5799,Trouble,Imagine Dragons,Smoke + Mirrors,fwdbtn,fwdbtn,TRUE,TRUE
5SiCTf5r1cVjQXAXB2StpS,2024-10-21 03:02:11,android,2917,Torn And Frayed,The Rolling Stones,Exile On Main Street,fwdbtn,fwdbtn,TRUE,TRUE
0kfjZ0JCXU9sSg99gbQpbJ,2024-10-21 03:17:03,android,76741,Good Times Bad Times - Remaster,Led Zeppelin,Led Zeppelin,fwdbtn,logout,TRUE,FALSE
2czpzliEFyUYpeyPvYfgMO,2024-10-22 00:16:56,android,5506,nadie va a pensar en ti mejor que yo - En Vivo,Ed Maverick,nadie va a pensar en ti mejor que yo,fwdbtn,endplay,TRUE,TRUE
2ihCaVdNZmnHZWt0fvAM7B,2024-10-22 00:17:00,android,3934,Little Talks,Of Monsters and Men,My Head Is An Animal,playbtn,fwdbtn,FALSE,TRUE
5qm0KiVKMXW1kq6VrnIhz5,2024-10-22 00:21:09,android,249767,Cliffs Of Dover - Instrumental,Eric Johnson,Ah Via Musicom,fwdbtn,trackdone,FALSE,FALSE
3lpDrxUkr0tIe1kmJvdK7d,2024-10-22 00:21:14,android,4253,YYZ,Rush,Moving Pictures,trackdone,fwdbtn,FALSE,TRUE
0K6yUnIKNsFtfIpTgGtcHm,2024-10-22 00:42:26,android,167820,Limelight,Rush,Moving Pictures,fwdbtn,logout,FALSE,FALSE
0K6yUnIKNsFtfIpTgGtcHm,2024-10-22 06:08:33,android,92032,Limelight,Rush,Moving Pictures,appload,trackdone,FALSE,FALSE
3QZ7uX97s82HFYSmQUAN1D,2024-10-22 06:13:11,android,276880,Tom Sawyer,Rush,Moving Pictures,trackdone,trackdone,FALSE,FALSE
5NUXE8W12lWcUXgJRCjeEw,2024-10-22 06:16:35,android,203893,One Too Many,Keith Urban,One Too Many,trackdone,trackdone,FALSE,FALSE
2bV4NwncWMnVvcWyU2yxwB,2024-10-22 06:19:12,android,156275,hole in the bottle (with Shania Twain),Kelsea Ballerini,hole in the bottle (with Shania Twain),trackdone,trackdone,FALSE,FALSE
536L9C0N7vhYdibCJx3cI2,2024-10-22 06:25:42,android,389280,The Wreck of the Edmund Fitzgerald,Gordon Lightfoot,Summertime Dream,trackdone,trackdone,FALSE,FALSE
2xJkInvoCAKWLUy64N13pU,2024-10-22 06:25:59,android,16165,Yo Me Bajo en Atocha,Joaquín Sabina,Sabina 70,trackdone,fwdbtn,FALSE,TRUE
6NQvRUIZZ2z5EUaFd9OloQ,2024-10-22 06:28:24,android,144987,A la Orilla de la Chimenea,Joaquín Sabina,Fisica Y Quimica,fwdbtn,fwdbtn,FALSE,TRUE
6Nd4WPRscBW9wGi2l7K1Ot,2024-10-22 06:32:35,android,250973,Bright Lights,The Killers,Bright Lights,fwdbtn,trackdone,FALSE,FALSE
02JIdsrod3BYucThfUFDUX,2024-10-22 06:32:37,android,1221,Le Festin,Camille,Ratatouille,trackdone,fwdbtn,FALSE,TRUE
0DcrhZ12WcCqruCs8ibXSf,2024-10-22 06:35:21,android,164733,I Can See Clearly Now - Edit,Johnny Nash,I Can See Clearly Now,fwdbtn,trackdone,FALSE,FALSE
18y1ZP9WCMunAe6QgByGif,2024-10-22 06:35:26,android,3768,The Point Of No Return,Andrew Lloyd Webber,The Phantom Of The Opera,trackdone,fwdbtn,FALSE,TRUE
4gj5Wv7rAJYhBrGPu01mxD,2024-10-22 12:33:33,android,42618,The Ballad Of Lucy Jordan,Marianne Faithfull,Broken English,fwdbtn,endplay,FALSE,TRUE
0K6yUnIKNsFtfIpTgGtcHm,2024-10-22 12:37:53,android,259840,Limelight,Rush,Moving Pictures,clickrow,trackdone,TRUE,FALSE
02lGHA7bFFplYLihnUWTx8,2024-10-22 12:40:32,android,159546,Tequila,Juanes,Más Futuro Que Pasado,trackdone,trackdone,TRUE,FALSE
7fzLfsWsXVvStzsk9yRfbG,2024-10-22 12:43:58,android,204506,Down the Highway,Bob Dylan,The Freewheelin' Bob Dylan,trackdone,trackdone,TRUE,FALSE
0KogQrSowDnZoU8GSpaxkj,2024-10-22 12:45:44,android,106400,Little Child - Remastered 2009,The Beatles,With The Beatles,trackdone,trackdone,TRUE,FALSE
1B5tiGNcOHERcXcBHiL6Xs,2024-10-22 12:50:18,android,273240,Be Still,The Killers,Battle Born,trackdone,trackdone,TRUE,FALSE
6wZI4mdT8JwXgkGURnBQiq,2024-10-22 12:54:09,android,230213,Say,John Mayer,Say,trackdone,trackdone,TRUE,FALSE
2MvvoeRt8NcOXWESkxWn3g,2024-10-22 12:58:46,android,258969,Ribs,Lorde,Pure Heroine,trackdone,trackdone,TRUE,FALSE
0HwhpBRNQejQ0lnUc4RPlX,2024-10-22 13:01:14,android,147733,Cry Baby Cry - Esher Demo,The Beatles,The Beatles,trackdone,trackdone,TRUE,FALSE
0hzBN7DGgtjBsTyZwTTKRS,2024-10-22 13:04:29,android,194586,Mind Eraser,The Black Keys,El Camino,trackdone,trackdone,TRUE,FALSE
1GnFQL9XnxrXFloKm1yjuW,2024-10-22 13:10:16,android,345886,The Numbers,Radiohead,A Moon Shaped Pool,trackdone,trackdone,TRUE,FALSE
0c2DAekH6ZEnHhf8dM1leK,2024-10-22 13:15:44,android,327466,Queen Jane Approximately,Bob Dylan,Highway 61 Revisited,trackdone,trackdone,TRUE,FALSE
5qlJg0Wbj3sslxfwiaRNpq,2024-10-22 13:20:44,android,299723,"I Don't Want To Miss A Thing - From ""Armageddon"" Soundtrack",Aerosmith,I Don't Want To Miss A Thing EP,trackdone,trackdone,TRUE,FALSE
71LsKf3xISiOlY1mj7FFPP,2024-10-22 13:23:29,android,164546,Happiness Is A Warm Gun - Remastered 2009,The Beatles,The Beatles,trackdone,trackdone,TRUE,FALSE
0dJ6WCwjkVBfh4h3vyzIeb,2024-10-22 15:14:22,android,171800,Powerman (2020 Stereo Remaster),The Kinks,"Lola Versus Powerman and the Moneygoround, Pt. 1",trackdone,logout,TRUE,FALSE
0dJ6WCwjkVBfh4h3vyzIeb,2024-10-22 21:12:54,android,85541,Powerman (2020 Stereo Remaster),The Kinks,"Lola Versus Powerman and the Moneygoround, Pt. 1",appload,trackdone,TRUE,FALSE
2a1iMaoWQ5MnvLFBDv4qkf,2024-10-22 21:13:37,android,41494,High and Dry,Radiohead,The Bends,trackdone,fwdbtn,TRUE,TRUE
5saQ13jGnI9vZzZ1nQFKrn,2024-10-22 21:17:12,android,215341,Invierno,Reik,Secuencia,fwdbtn,trackdone,TRUE,FALSE
40GFPBolcy0yucApV9uxq2,2024-10-22 21:18:19,android,66260,One of Us Must Know (Sooner or Later),Bob Dylan,Blonde On Blonde,trackdone,fwdbtn,TRUE,TRUE
0uco0wQkB909zpPlHvu5Cc,2024-10-22 21:22:30,android,251013,Bold as Love,Jimi Hendrix,Axis: Bold As Love,fwdbtn,trackdone,TRUE,FALSE
0bhCGRZvzfAzm0z1c7M3jQ,2024-10-22 22:48:27,android,147586,From Here On Out,The Killers,Battle Born,trackdone,trackdone,TRUE,FALSE
1d5kdIsY7Msv2Rqa2OJnHT,2024-10-22 22:48:33,android,4490,Queen Bitch,Seu Jorge,The Life Aquatic Exclusive Studio Sessions Featuring Seu Jorge,trackdone,fwdbtn,TRUE,TRUE
7FiJpVqkeiMHH3AzUgyJqx,2024-10-22 22:51:33,android,180760,Out Among the Stars,Johnny Cash,Out Among The Stars,fwdbtn,trackdone,TRUE,FALSE
567Df0jSPeshvSIpU5TEZ9,2024-10-22 22:55:45,android,224310,Sweet Lucy,Cass McCombs,Sweet Lucy / Wild Mountain Thyme,trackdone,endplay,TRUE,TRUE
567Df0jSPeshvSIpU5TEZ9,2024-10-23 06:24:38,android,10316,Sweet Lucy,Cass McCombs,Sweet Lucy / Wild Mountain Thyme,clickrow,endplay,TRUE,TRUE
3G0yz3DZn3lfraledmBCT0,2024-10-23 06:25:15,android,36840,P.I.M.P.,50 Cent,Get Rich Or Die Tryin',clickrow,endplay,TRUE,TRUE
0fLILzjVXRCLC0lsNKcQ8I,2024-10-23 06:29:52,android,248960,P.I.M.P. - Snoop Dogg Remix,50 Cent,Get Rich Or Die Tryin',clickrow,fwdbtn,FALSE,TRUE
5Tbpp3OLLClPJF8t1DmrFD,2024-10-23 06:29:53,android,684,"Nuthin' But A ""G"" Thang",Dr. Dre,The Chronic,fwdbtn,backbtn,FALSE,TRUE
0fLILzjVXRCLC0lsNKcQ8I,2024-10-23 06:29:54,android,1456,P.I.M.P. - Snoop Dogg Remix,50 Cent,Get Rich Or Die Tryin',backbtn,fwdbtn,FALSE,TRUE
503OTo2dSqe7qk76rgsbep,2024-10-23 06:29:59,android,4960,Still D.R.E.,Dr. Dre,2001,fwdbtn,fwdbtn,FALSE,TRUE
2pjbf0b1yioklKVpjDKJwb,2024-10-23 06:30:01,android,1736,Intro,50 Cent,Get Rich Or Die Tryin',fwdbtn,fwdbtn,FALSE,TRUE
59q0gDvWPoL2DQ1SAt5ZLY,2024-10-23 06:30:12,android,10830,What Up Gangsta,50 Cent,Get Rich Or Die Tryin',fwdbtn,endplay,FALSE,TRUE
39QBkWKnap8wRSW4WB9OK0,2024-10-23 06:31:31,android,77408,Gin and Juice,Snoop Dogg,Doggystyle,clickrow,fwdbtn,TRUE,TRUE
5Tbpp3OLLClPJF8t1DmrFD,2024-10-23 06:33:07,android,96171,"Nuthin' But A ""G"" Thang",Dr. Dre,The Chronic,fwdbtn,fwdbtn,TRUE,TRUE
27E39dDg0Bx1RzkF3eJJsb,2024-10-23 06:33:11,android,3688,I Want To Hold Your Hand - Remastered 2009,The Beatles,Past Masters,fwdbtn,endplay,TRUE,TRUE
2qOm7ukLyHUXWyR4ZWLwxA,2024-10-23 06:47:44,android,69940,It Was A Good Day,Ice Cube,The Predator,clickrow,logout,FALSE,FALSE
3FNy4yzOhHhFBeA5p4ofoq,2024-10-23 06:53:16,android,129380,"Young, Wild & Free (feat. Bruno Mars)",Snoop Dogg,"Young, Wild & Free (feat. Bruno Mars)",clickrow,logout,TRUE,FALSE
1jo3TwNGCXfNdB5uba3ZVv,2024-10-23 06:59:16,android,253579,Killshot,Eminem,Killshot,clickrow,trackdone,TRUE,FALSE
1jo3TwNGCXfNdB5uba3ZVv,2024-10-23 07:18:54,android,77400,Killshot,Eminem,Killshot,trackdone,logout,TRUE,FALSE
4wEbikMfcSFAukCbbL06si,2024-10-23 15:06:22,android,313546,No Vaseline,Ice Cube,Death Certificate,clickrow,trackdone,TRUE,FALSE
15E2P2ToSLNnZvcOEQra6a,2024-10-23 15:06:29,android,4273,Hold You Now (feat. Danielle Haim),Vampire Weekend,Father of the Bride,trackdone,logout,TRUE,FALSE
75IN3CtuZwTHTnZvYM4qnJ,2024-10-23 20:15:03,android,268400,My Name Is,Eminem,The Slim Shady LP,clickrow,trackdone,TRUE,FALSE
75IN3CtuZwTHTnZvYM4qnJ,2024-10-23 20:15:31,android,26612,My Name Is,Eminem,The Slim Shady LP,trackdone,endplay,TRUE,TRUE
0fLILzjVXRCLC0lsNKcQ8I,2024-10-23 20:16:25,android,53436,P.I.M.P. - Snoop Dogg Remix,50 Cent,Get Rich Or Die Tryin',clickrow,endplay,TRUE,TRUE
7lQ8MOhq6IN2w8EYcFNSUk,2024-10-23 20:21:14,android,290320,Without Me,Eminem,The Eminem Show,clickrow,trackdone,TRUE,FALSE
7iL6o9tox1zgHpKUfh9vuC,2024-10-23 20:24:28,android,193466,In Da Club,50 Cent,Get Rich Or Die Tryin',trackdone,trackdone,TRUE,FALSE
5sUSZx5d2bThAZa4iS7cfu,2024-10-23 20:24:57,android,27053,Paint the Town Green,The Script,No Sound Without Silence,trackdone,logout,TRUE,FALSE
561jH07mF1jHuk7KlaeF0s,2024-10-23 22:57:31,android,250760,Mockingbird,Eminem,Encore,clickrow,trackdone,FALSE,FALSE
7lQ8MOhq6IN2w8EYcFNSUk,2024-10-23 23:02:22,android,290320,Without Me,Eminem,The Eminem Show,trackdone,trackdone,FALSE,FALSE
2HYFX63wP3otVIvopRS99Z,2024-10-23 23:06:10,android,227239,Houdini,Eminem,Houdini,trackdone,trackdone,FALSE,FALSE
3yfqSUWxFvZELEM4PmlwIR,2024-10-23 23:10:54,android,284200,The Real Slim Shady,Eminem,The Marshall Mathers LP,trackdone,trackdone,FALSE,FALSE
15JINEqzVMv3SvJTAXAKED,2024-10-23 23:15:18,android,263373,Love The Way You Lie,Eminem,Recovery,trackdone,trackdone,FALSE,FALSE
2kQuhkFX7uSVepCD3h29g5,2024-10-23 23:18:51,android,212360,Smack That,Akon,Konvicted,trackdone,trackdone,FALSE,FALSE
4xkOaSrkexMciUUogZKVTS,2024-10-23 23:23:50,android,297786,Till I Collapse,Eminem,The Eminem Show,trackdone,trackdone,FALSE,FALSE
7FIWs0pqAYbP91WWM0vlTQ,2024-10-23 23:27:21,android,210800,Godzilla (feat. Juice WRLD),Eminem,Music To Be Murdered By,trackdone,trackdone,FALSE,FALSE
1v7L65Lzy0j0vdpRjJewt1,2024-10-23 23:32:44,android,322226,Lose Yourself,Eminem,Just Lose It,trackdone,trackdone,FALSE,FALSE
5In8B6Om5OKrhwBMB4tXSi,2024-10-23 23:36:17,android,213646,Fuel,Eminem,The Death of Slim Shady (Coup De Grâce),trackdone,trackdone,FALSE,FALSE
4woTEX1wYOTGDqNXuavlRC,2024-10-23 23:42:09,android,350320,Superman,Eminem,The Eminem Show,trackdone,trackdone,FALSE,FALSE
7Ie9W94M7OjPoZVV216Xus,2024-10-23 23:46:17,android,248133,Not Afraid,Eminem,Recovery,trackdone,trackdone,FALSE,FALSE
7iXF2W9vKmDoGAhlHdpyIa,2024-10-23 23:50:00,android,222293,Forgot About Dre,Dr. Dre,2001,trackdone,trackdone,FALSE,FALSE
4HMUrFl8y6rQCzEbaGEkcj,2024-10-23 23:53:31,android,207961,Somebody Save Me,Eminem,The Death of Slim Shady (Coup De Grâce),trackdone,logout,FALSE,FALSE
3GhcNCBIEMyrcpCJ8ccvXr,2024-10-23 23:57:28,android,33226,Public Service Announcement,Eminem,The Slim Shady LP,clickrow,trackdone,FALSE,FALSE
75IN3CtuZwTHTnZvYM4qnJ,2024-10-23 23:58:01,android,32197,My Name Is,Eminem,The Slim Shady LP,trackdone,logout,FALSE,FALSE
4dUWOra6S6IlEMiaFvb4lc,2024-10-24 06:27:13,android,79788,Hard Knock Life (Ghetto Anthem),JAY-Z,The Hits Collection Volume One,clickrow,endplay,FALSE,TRUE
5sNESr6pQfIhL3krM8CtZn,2024-10-24 06:29:11,android,2622,Numb / Encore,JAY-Z,Numb / Encore: MTV Ultimate Mash-Ups Presents Collision Course,unknown,endplay,FALSE,TRUE
3E7dfMvvCLUddWissuqMwr,2024-10-24 06:29:13,android,1642,Party In The U.S.A.,Miley Cyrus,The Time Of Our Lives,unknown,endplay,FALSE,TRUE
7GaFYUqP2WdR4KTPk7cXoP,2024-10-24 06:29:14,android,841,Let Me Love You,Mario,Turning Point,unknown,endplay,FALSE,TRUE
35srNkJVToAzYiZzron1FY,2024-10-24 06:31:31,android,252270,Young Forever,JAY-Z,The Blueprint 3,clickrow,endplay,FALSE,TRUE
1auxYwYrFRqZP7t3s7w4um,2024-10-24 06:33:42,android,130080,Ni**as In Paris,JAY-Z,Watch The Throne,clickrow,logout,FALSE,FALSE
0j3p1p06deJ7f9xmJ9yG22,2024-10-24 17:25:36,android,163453,Back In The U.S.S.R. - Remastered 2009,The Beatles,The Beatles,clickrow,trackdone,FALSE,FALSE
5NQYyej46WQkgCbnzGD21W,2024-10-24 17:29:32,android,235773,Dear Prudence - Remastered 2009,The Beatles,The Beatles,trackdone,trackdone,FALSE,FALSE
2jAojvUaPoHPFSPpF0UNRo,2024-10-24 17:31:50,android,137840,Glass Onion - Remastered 2009,The Beatles,The Beatles,trackdone,trackdone,FALSE,FALSE
1gFNm7cXfG1vSMcxPpSxec,2024-10-24 17:34:59,android,188960,"Ob-La-Di, Ob-La-Da - Remastered 2009",The Beatles,The Beatles,trackdone,trackdone,FALSE,FALSE
6j67aNAPeQ31uw4qw4rpLa,2024-10-24 17:35:52,android,52973,Wild Honey Pie - Remastered 2009,The Beatles,The Beatles,trackdone,trackdone,FALSE,FALSE
5Z3Rd1fMcaty8g5Pn7yhBQ,2024-10-24 17:39:06,android,194160,The Continuing Story Of Bungalow Bill - Remastered 2009,The Beatles,The Beatles,trackdone,trackdone,FALSE,FALSE
389QX9Q1eUOEZ19vtzzI9O,2024-10-24 17:43:51,android,285000,While My Guitar Gently Weeps - Remastered 2009,The Beatles,The Beatles,trackdone,trackdone,FALSE,FALSE
71LsKf3xISiOlY1mj7FFPP,2024-10-24 17:46:35,android,164546,Happiness Is A Warm Gun - Remastered 2009,The Beatles,The Beatles,trackdone,trackdone,FALSE,FALSE
1swmf4hFMJYRNA8Rq9PVaW,2024-10-24 17:49:04,android,148573,Martha My Dear - Remastered 2009,The Beatles,The Beatles,trackdone,trackdone,FALSE,FALSE
2X9H5BokS1u5O46YpNYNsZ,2024-10-24 17:51:07,android,123493,I'm So Tired - Remastered 2009,The Beatles,The Beatles,trackdone,trackdone,FALSE,FALSE
5jgFfDIR6FR0gvlA56Nakr,2024-10-24 17:53:26,android,138386,Blackbird - Remastered 2009,The Beatles,The Beatles,trackdone,trackdone,FALSE,FALSE
4ZmjfLdJXbqjAENqk7eWSE,2024-10-24 18:04:10,android,43040,Piggies - Remastered 2009,The Beatles,The Beatles,trackdone,logout,FALSE,FALSE
0y0imMk6KsO90MaHG4MVAl,2024-10-24 22:19:17,android,43170,Welcome To The Jungle,JAY-Z,Watch The Throne,clickrow,endplay,FALSE,TRUE
13Mh55MPFYy2O6uby9061n,2024-10-24 22:19:46,android,28847,Shoot Me Down,Lil Wayne,Tha Carter III,clickrow,endplay,FALSE,TRUE
46lIt6GmL0VkkbuUyGDbCs,2024-10-24 22:22:21,android,154172,Got Money,Lil Wayne,Tha Carter III,clickrow,endplay,FALSE,TRUE
2pjbf0b1yioklKVpjDKJwb,2024-10-24 22:22:27,android,6466,Intro,50 Cent,Get Rich Or Die Tryin',clickrow,trackdone,FALSE,FALSE
59q0gDvWPoL2DQ1SAt5ZLY,2024-10-24 22:24:55,android,147216,What Up Gangsta,50 Cent,Get Rich Or Die Tryin',trackdone,fwdbtn,FALSE,TRUE
6C781pluv3BPxGHHCUJNYc,2024-10-24 22:26:11,android,76198,Patiently Waiting,50 Cent,Get Rich Or Die Tryin',fwdbtn,fwdbtn,FALSE,TRUE
5STdMlrBf6pqWiNE7WqxSi,2024-10-24 22:26:20,android,9544,Many Men (Wish Death),50 Cent,Get Rich Or Die Tryin',fwdbtn,fwdbtn,FALSE,TRUE
7iL6o9tox1zgHpKUfh9vuC,2024-10-24 22:26:50,android,29751,In Da Club,50 Cent,Get Rich Or Die Tryin',fwdbtn,fwdbtn,FALSE,TRUE
4Jp4T5gbCLQzGz545Jb3NY,2024-10-24 22:26:57,android,6646,High All The Time,50 Cent,Get Rich Or Die Tryin',fwdbtn,fwdbtn,FALSE,TRUE
1b4oehAiKqRh5uDMNJfz60,2024-10-24 22:26:59,android,1541,Heat,50 Cent,Get Rich Or Die Tryin',fwdbtn,fwdbtn,FALSE,TRUE
6mcu7D7QuABVwUGDwovOEh,2024-10-24 22:26:59,android,398,If I Can't,50 Cent,Get Rich Or Die Tryin',fwdbtn,fwdbtn,FALSE,TRUE
11hW1pk42xj0koCUJf9Xnj,2024-10-24 22:27:01,android,1613,Blood Hound,50 Cent,Get Rich Or Die Tryin',fwdbtn,endplay,FALSE,TRUE
3G0yz3DZn3lfraledmBCT0,2024-10-24 22:27:05,android,3611,P.I.M.P.,50 Cent,Get Rich Or Die Tryin',clickrow,endplay,FALSE,TRUE
2eXlwgFPe6HgFaPJO8xQHK,2024-10-24 22:28:06,android,60953,Wanksta,50 Cent,Get Rich Or Die Tryin',clickrow,endplay,FALSE,TRUE
5HdZE8e4PPwEvDZuhJlfFg,2024-10-24 22:31:55,android,228626,The Ruler's Back,JAY-Z,The Blueprint,clickrow,trackdone,FALSE,FALSE
135lkyQRwFlWfmHjJTxtld,2024-10-24 22:37:08,android,313106,Takeover,JAY-Z,The Blueprint,trackdone,trackdone,FALSE,FALSE
3ia3dJETSOllPsv3LJkE35,2024-10-24 22:41:53,android,284906,California Love - Original Version,2Pac,Greatest Hits,trackdone,trackdone,FALSE,FALSE
4N0olzsMpr5cAPFrzNErGv,2024-10-24 22:43:39,android,105320,The Genesis,Nas,Illmatic,trackdone,trackdone,FALSE,FALSE
0trHOzAhNpGCsGBEu7dOJo,2024-10-24 22:48:33,android,293973,N.Y. State of Mind,Nas,Illmatic,trackdone,trackdone,FALSE,FALSE
4tEaytMs86hIaOSsiGoLcP,2024-10-24 22:52:28,android,234626,Excursions,A Tribe Called Quest,The Low End Theory,trackdone,trackdone,FALSE,FALSE
6wRvPNeuGg2mQA4agcxlBb,2024-10-24 22:54:09,android,100400,Countdown To Armageddon,Public Enemy,It Takes A Nation Of Millions To Hold Us Back,trackdone,trackdone,FALSE,FALSE
1i3xxWMwdPKDqrTEA9VgRc,2024-10-24 22:55:04,android,54191,Bring The Noise,Public Enemy,It Takes A Nation Of Millions To Hold Us Back,trackdone,fwdbtn,FALSE,TRUE
7LkwNlnMYYGOCqW1igUgqR,2024-10-24 22:56:13,android,69720,Intro,Outkast,Stankonia,fwdbtn,trackdone,FALSE,FALSE
1Jo3u8eXp8xobbrvq0FIi9,2024-10-24 22:57:31,android,77507,Gasoline Dreams (with Khujo Goodie),Outkast,Stankonia,trackdone,fwdbtn,FALSE,TRUE
7oYlZ3vB5yxiKMrbHeFV9v,2024-10-24 23:00:55,android,203853,Intro - 2005 Remaster,The Notorious B.I.G.,Ready to Die,fwdbtn,trackdone,FALSE,FALSE
5ByAIlEEnxYdvpnezg7HTX,2024-10-24 23:04:34,android,217775,Juicy - 2005 Remaster,The Notorious B.I.G.,Ready to Die,trackdone,fwdbtn,FALSE,TRUE
2g8HN35AnVGIk7B8yMucww,2024-10-24 23:05:46,android,72720,Big Poppa - 2005 Remaster,The Notorious B.I.G.,Ready to Die,fwdbtn,endplay,FALSE,TRUE
7hdOchAKFm6FwzyevcQ56y,2024-10-24 23:06:27,android,39680,Things Done Changed - 2005 Remaster,The Notorious B.I.G.,Ready to Die,clickrow,endplay,FALSE,TRUE
1xIxMz1sNQ4b6svH1GuTtF,2024-10-24 23:08:04,android,97010,Gimme the Loot - 2005 Remaster,The Notorious B.I.G.,Ready to Die,clickrow,fwdbtn,FALSE,TRUE
2bXI4Rbw1D7aVeHWLjn1Lb,2024-10-24 23:08:29,android,25708,Machine Gun Funk - 2005 Remaster,The Notorious B.I.G.,Ready to Die,fwdbtn,fwdbtn,FALSE,TRUE
33rsCCLHklTQav9klbpnAi,2024-10-24 23:08:58,android,28068,Warning - 2005 Remaster,The Notorious B.I.G.,Ready to Die,fwdbtn,fwdbtn,FALSE,TRUE
3UQAKY0SUEonxneROvv4jy,2024-10-24 23:09:32,android,34448,Ready to Die - 2005 Remaster,The Notorious B.I.G.,Ready to Die,fwdbtn,fwdbtn,FALSE,TRUE
5onGESUxi3P9xLt311oS59,2024-10-24 23:13:58,android,265621,One More Chance - 2005 Remaster,The Notorious B.I.G.,Ready to Die,fwdbtn,fwdbtn,FALSE,TRUE
1JEXG96amOfvR18sW1OXoI,2024-10-24 23:14:39,android,41335,Fuck Me (Interlude) - Interlude; 2005 Remaster,The Notorious B.I.G.,Ready to Die,fwdbtn,trackdone,FALSE,FALSE
4dTtYVQzlwBMpVyQ4h3wy2,2024-10-24 23:15:16,android,36125,The What - 2005 Remaster,The Notorious B.I.G.,Ready to Die,trackdone,fwdbtn,FALSE,TRUE
5ByAIlEEnxYdvpnezg7HTX,2024-10-24 23:15:17,android,1123,Juicy - 2005 Remaster,The Notorious B.I.G.,Ready to Die,fwdbtn,fwdbtn,FALSE,TRUE
3bOvAqhaZNSWpGVIvHEx8B,2024-10-24 23:15:41,android,22599,Everyday Struggle - 2005 Remaster,The Notorious B.I.G.,Ready to Die,fwdbtn,fwdbtn,FALSE,TRUE
0C5IKY0sXz4sg0hpx7HOz0,2024-10-24 23:15:50,android,8544,Me and My Bitch - 2005 Remaster,The Notorious B.I.G.,Ready to Die,fwdbtn,fwdbtn,FALSE,TRUE
2g8HN35AnVGIk7B8yMucww,2024-10-24 23:15:52,android,1938,Big Poppa - 2005 Remaster,The Notorious B.I.G.,Ready to Die,fwdbtn,fwdbtn,FALSE,TRUE
13N31D8yFuN4JeYYR7veY6,2024-10-24 23:16:30,android,37651,Respect - 2005 Remaster,The Notorious B.I.G.,Ready to Die,fwdbtn,fwdbtn,FALSE,TRUE
0TibDQQ58jAlr6jnl5AORf,2024-10-24 23:16:45,android,15687,Friend of Mine - 2005 Remaster,The Notorious B.I.G.,Ready to Die,fwdbtn,fwdbtn,FALSE,TRUE
4heC6SnTBxTZZDef4AIBOk,2024-10-24 23:16:47,android,1256,Unbelievable - 2005 Remaster,The Notorious B.I.G.,Ready to Die,fwdbtn,fwdbtn,FALSE,TRUE
5k8VqtBhkbAYakV5ZEFYNo,2024-10-24 23:19:23,android,156120,Suicidal Thoughts - 2005 Remaster,The Notorious B.I.G.,Ready to Die,fwdbtn,endplay,FALSE,TRUE
61fT12l0R16DiB9dd4zkfy,2024-10-24 23:20:20,android,56200,Just Playing (Dreams) - 2005 Remaster,The Notorious B.I.G.,Ready to Die,clickrow,endplay,FALSE,TRUE
6GAemDMWAXa8wZOBkO1gar,2024-10-24 23:20:51,android,31214,Buggin' Out,A Tribe Called Quest,The Low End Theory,clickrow,endplay,FALSE,TRUE
4HfxDJ0uLHTLe0fZrx0MbQ,2024-10-24 23:21:30,android,38374,Check the Rhime,A Tribe Called Quest,The Low End Theory,clickrow,endplay,FALSE,TRUE
4prCxGTYQMu3vOaHvojYZr,2024-10-24 23:26:42,android,313106,Takeover,JAY-Z,The Blueprint,clickrow,trackdone,FALSE,FALSE
10EGxvr4fSE42ABWZeJ3K3,2024-10-24 23:30:43,android,240626,Izzo (H.O.V.A.),JAY-Z,The Blueprint,trackdone,trackdone,FALSE,FALSE
6o1l9I0faXJN2iqulHrdCQ,2024-10-24 23:32:19,android,95072,Crazy,Gnarls Barkley,St. Elsewhere,trackdone,endplay,FALSE,TRUE
4qiBDlMzW2vTK8dJKw7xD3,2024-10-24 23:32:29,android,9202,Who's Gonna Save My Soul - Original Mix,Gnarls Barkley,The Odd Couple,clickrow,endplay,FALSE,TRUE
0hbSQvosqCvCFaiSRPEUYP,2024-10-24 23:37:22,android,275373,"Girls, Girls, Girls",JAY-Z,The Blueprint,clickrow,trackdone,FALSE,FALSE
6BUiGVFv9jW66DSnbNpPki,2024-10-24 23:40:46,android,204026,Jigga That Nigga,JAY-Z,The Blueprint,trackdone,trackdone,FALSE,FALSE
0KwmQGPCDkAUc4isMOj7VD,2024-10-24 23:44:05,android,199440,U Don't Know,JAY-Z,The Blueprint,trackdone,trackdone,FALSE,FALSE
3Pwu24LAuzHNm09CvMDLv8,2024-10-24 23:48:39,android,273160,Hola' Hovito,JAY-Z,The Blueprint,trackdone,trackdone,FALSE,FALSE
5wLYd2DPo20zEzB4Nk8vC1,2024-10-24 23:52:22,android,223240,Heart Of The City (Ain't No Love),JAY-Z,The Blueprint,trackdone,trackdone,FALSE,FALSE
7Ka2epdrW2dHzEOXZFqHyb,2024-10-24 23:56:19,android,237066,Never Change,JAY-Z,The Blueprint,trackdone,trackdone,FALSE,FALSE
19ELgyBdMcEjGcbFHcY1ba,2024-10-25 00:01:21,android,302360,Song Cry,JAY-Z,The Blueprint,trackdone,trackdone,FALSE,FALSE
0eQWCWetpAE7uuP2RCThpF,2024-10-25 00:05:47,android,265826,All I Need,JAY-Z,The Blueprint,trackdone,trackdone,FALSE,FALSE
1eAZcqDmiUE57YdeElYbMd,2024-10-25 00:11:25,android,337760,Renegade,JAY-Z,The Blueprint,trackdone,trackdone,FALSE,FALSE
67OtfOTrLHwXPQOOHsfFhR,2024-10-25 00:15:06,android,220733,Blueprint (Momma Loves Me),JAY-Z,The Blueprint,trackdone,trackdone,FALSE,FALSE
76Txs4ZQtkLExkkTNut2IH,2024-10-25 00:18:52,android,226066,Lyrical Exercise,JAY-Z,The Blueprint,trackdone,trackdone,FALSE,FALSE
2MWoG6ZINVavRRNNrVPplf,2024-10-25 00:23:06,android,254293,"Girls, Girls, Girls (Part 2)",JAY-Z,The Blueprint,trackdone,trackdone,FALSE,FALSE
60uesDF4UyLUs61FgiDkdp,2024-10-25 04:51:08,android,102050,Hello,Ice Cube,War & Peace Vol. 2 (The Peace Disc),clickrow,endplay,TRUE,TRUE
2LhhnqrHPWvXYveZVHLKrd,2024-10-25 04:53:35,android,146535,Life's a Bitch (feat. AZ & Olu Dara),Nas,Illmatic,clickrow,endplay,FALSE,TRUE
2Gnsof1hvZzjE1xdLRpjtf,2024-10-25 04:57:50,android,255080,Over My Dead Body,Drake,Take Care,clickrow,endplay,FALSE,TRUE
23Ij3xEFmYkRl00dDJCVMP,2024-10-25 05:01:50,android,239250,Good Ass Intro,Chance the Rapper,Acid Rap,clickrow,trackdone,FALSE,FALSE
4ygQUye7obtqhSltSxp18H,2024-10-25 05:04:10,android,139406,Pusha Man,Chance the Rapper,Acid Rap,trackdone,trackdone,FALSE,FALSE
6Oe5tmI1bfguCp6dKHbSj6,2024-10-25 05:08:45,android,275281,Paranoia,Chance the Rapper,Acid Rap,trackdone,trackdone,FALSE,FALSE
0aMHIW1lqrulVCx0LLlr6a,2024-10-25 05:13:52,android,307187,Cocoa Butter Kisses,Chance the Rapper,Acid Rap,trackdone,trackdone,FALSE,FALSE
3VhGbMpUONRwUIvgFoF14b,2024-10-25 05:14:22,android,30300,Juice,Chance the Rapper,Acid Rap,trackdone,trackdone,FALSE,FALSE
5v2ePUTZiv1mPDCD1nSbfF,2024-10-25 05:17:27,android,184562,Lost,Chance the Rapper,Acid Rap,trackdone,trackdone,FALSE,FALSE
4NBQVFmu2R7lmRU3yoSMm4,2024-10-25 05:21:33,android,245415,Everybody's Something,Chance the Rapper,Acid Rap,trackdone,endplay,FALSE,TRUE
3VhGbMpUONRwUIvgFoF14b,2024-10-25 05:22:03,android,30300,Juice,Chance the Rapper,Acid Rap,clickrow,trackdone,FALSE,FALSE
5v2ePUTZiv1mPDCD1nSbfF,2024-10-25 05:22:04,android,168,Lost,Chance the Rapper,Acid Rap,trackdone,endplay,FALSE,TRUE
4J2s7nWDdA7i92sojYX8RJ,2024-10-25 05:25:38,android,215062,Juice,Chance the Rapper,Acid Rap (10th Anniversary - Complete Edition),clickrow,trackdone,FALSE,FALSE
0uFJHfKnlRDyFkqULuYqhj,2024-10-25 05:25:53,android,13616,Lost,Chance the Rapper,Acid Rap (10th Anniversary - Complete Edition),trackdone,endplay,FALSE,TRUE
7nrraHMpSbyJJoN3unjjoJ,2024-10-25 05:30:34,android,149875,Interlude (That's Love),Chance the Rapper,Acid Rap,clickrow,trackdone,FALSE,FALSE
1sFstGV1Z3Aw5TDFCiT7vK,2024-10-25 05:33:40,android,185062,Favorite Song,Chance the Rapper,Acid Rap,trackdone,trackdone,FALSE,FALSE
5l08slmvFRUseHpq85neke,2024-10-25 05:37:26,android,87130,NaNa,Chance the Rapper,Acid Rap,trackdone,fwdbtn,FALSE,TRUE
0oeqJpFHNRjxa0kOMh4eQY,2024-10-25 05:39:24,android,118542,Smoke Again,Chance the Rapper,Acid Rap,fwdbtn,fwdbtn,FALSE,TRUE
0yLsJKNJHmSnmSGl3ZodYn,2024-10-25 05:42:10,android,165890,Acid Rain,Chance the Rapper,Acid Rap,fwdbtn,fwdbtn,FALSE,TRUE
4Jh8aypoHtCqv5GPzZxPsz,2024-10-25 05:45:40,android,210562,Chain Smoker,Chance the Rapper,Acid Rap,fwdbtn,trackdone,FALSE,FALSE
2f4K9nhN2RaRsMGaXTO3zt,2024-10-25 05:51:13,android,333379,Everything's Good (Good Ass Outro),Chance the Rapper,Acid Rap,trackdone,trackdone,FALSE,FALSE
6AI3ezQ4o3HUoP6Dhudph3,2024-10-25 05:56:35,android,284984,Not Like Us,Kendrick Lamar,Not Like Us,clickrow,endplay,FALSE,TRUE
3bfADkn4569mddf3NuIyKh,2024-10-25 06:01:22,android,287360,Wesley's Theory,Kendrick Lamar,To Pimp A Butterfly,clickrow,trackdone,FALSE,FALSE
4c5DfSNdMMD0WfAzC11Eb5,2024-10-25 06:03:33,android,130893,For Free? - Interlude,Kendrick Lamar,To Pimp A Butterfly,trackdone,trackdone,FALSE,FALSE
2XijsLg3IR0IkUMKtlqdvT,2024-10-25 06:07:28,android,234693,King Kunta,Kendrick Lamar,To Pimp A Butterfly,trackdone,trackdone,FALSE,FALSE
1FUcuS5FpYqBrIgTD9fXTQ,2024-10-25 06:12:00,android,271773,Institutionalized,Kendrick Lamar,To Pimp A Butterfly,trackdone,trackdone,FALSE,FALSE
7grlZyuGxtz5uWBNJ7aCmO,2024-10-25 06:17:00,android,300973,These Walls,Kendrick Lamar,To Pimp A Butterfly,trackdone,trackdone,FALSE,FALSE
7iVC68z9TYxNpFCQfs6TUE,2024-10-25 06:21:29,android,268493,u,Kendrick Lamar,To Pimp A Butterfly,trackdone,trackdone,FALSE,FALSE
6oakQZRgFZ5FRHDr3GoiPF,2024-10-25 06:25:08,android,219333,Alright,Kendrick Lamar,To Pimp A Butterfly,trackdone,trackdone,FALSE,FALSE
7KCvyzT5jtlJwoyUN8Uw0A,2024-10-25 06:30:00,android,291720,For Sale? - Interlude,Kendrick Lamar,To Pimp A Butterfly,trackdone,trackdone,FALSE,FALSE
2bwC0ggz9qwYcCIpM1fBzK,2024-10-25 06:34:43,android,283120,Momma,Kendrick Lamar,To Pimp A Butterfly,trackdone,trackdone,FALSE,FALSE
0lGb6cqAouFJqlNT0HJEcV,2024-10-25 06:39:36,android,292520,Hood Politics,Kendrick Lamar,To Pimp A Butterfly,trackdone,trackdone,FALSE,FALSE
4eZCJ2OFRnyfbPwH21tPL0,2024-10-25 06:43:58,android,261746,How Much A Dollar Cost,Kendrick Lamar,To Pimp A Butterfly,trackdone,trackdone,FALSE,FALSE
69u3f33ziqgUZkHpxhWuid,2024-10-25 06:48:21,android,263360,Complexion (A Zulu Love),Kendrick Lamar,To Pimp A Butterfly,trackdone,trackdone,FALSE,FALSE
5iazFRMdIQ78zSjPoxWQNI,2024-10-25 06:53:50,android,328826,The Blacker The Berry,Kendrick Lamar,To Pimp A Butterfly,trackdone,trackdone,FALSE,FALSE
4AzVz6cA7rsH4mYP1hmPhz,2024-10-25 06:57:52,android,241680,You Ain't Gotta Lie (Momma Said),Kendrick Lamar,To Pimp A Butterfly,trackdone,trackdone,FALSE,FALSE
6v0yKEba7ZN6BHkOOoWfsN,2024-10-25 07:03:27,android,336013,i,Kendrick Lamar,To Pimp A Butterfly,trackdone,trackdone,FALSE,FALSE
4AS5UEGASSIcbnwfDGOoK2,2024-10-25 07:14:40,android,659733,Mortal Man,Kendrick Lamar,To Pimp A Butterfly,trackdone,logout,FALSE,FALSE
7KXjTSCq5nL1LoYtL7XAwS,2024-10-25 15:36:46,android,175802,HUMBLE.,Kendrick Lamar,DAMN.,clickrow,endplay,FALSE,TRUE
6HZILIRieu8S0iqY8kIKhj,2024-10-25 15:38:29,android,102307,DNA.,Kendrick Lamar,DAMN.,clickrow,endplay,FALSE,TRUE
2LTlO3NuNVN70lp2ZbVswF,2024-10-25 15:39:42,android,73430,FEEL.,Kendrick Lamar,DAMN.,clickrow,endplay,FALSE,TRUE
5J6CXHvsfRGyyCnQZmVPoE,2024-10-25 15:40:33,android,30030,Poetic Justice,Kendrick Lamar,"good kid, m.A.A.d city",clickrow,unexpected-exit,FALSE,FALSE
7lIr3vVhpDkU5mQEDcnA0S,2024-10-25 15:41:27,android,19133,Intro,Kanye West,The College Dropout,clickrow,trackdone,FALSE,FALSE
0IW0qaeyxL5Et4UG2MrJKB,2024-10-25 15:45:27,android,239880,We Don't Care,Kanye West,The College Dropout,trackdone,trackdone,FALSE,FALSE
7wL7Lb8Q3aYyq6gmRL0PZq,2024-10-25 15:46:49,android,81786,Graduation Day,Kanye West,The College Dropout,trackdone,trackdone,FALSE,FALSE
5SkRLpaGtvYPhw02vZhQQ9,2024-10-25 15:50:33,android,223506,All Falls Down,Kanye West,The College Dropout,trackdone,trackdone,FALSE,FALSE
6MgGapP3EPFm9kYUvYBTZR,2024-10-25 15:51:43,android,69706,I'll Fly Away,Kanye West,The College Dropout,trackdone,trackdone,FALSE,FALSE
1ko2NuvWlQdxtNRc8QQzmT,2024-10-25 15:57:07,android,324226,Spaceship,Kanye West,The College Dropout,trackdone,trackdone,FALSE,FALSE
5g1vtHqi9uV7xtYeCcFOBx,2024-10-25 16:00:21,android,193733,Jesus Walks,Kanye West,The College Dropout,trackdone,trackdone,FALSE,FALSE
34j4OxJxKznBs88cjSL2j9,2024-10-25 16:05:45,android,324440,Never Let Me Down,Kanye West,The College Dropout,trackdone,trackdone,FALSE,FALSE
5b2FFKC64kxqcfaFnIZxoM,2024-10-25 16:10:35,android,289493,Get Em High,Kanye West,The College Dropout,trackdone,trackdone,FALSE,FALSE
2a1JSfTePKhysdIif2bzut,2024-10-25 16:11:21,android,46173,Workout Plan,Kanye West,The College Dropout,trackdone,trackdone,FALSE,FALSE
1Vp4St7JcXaUoJcIahtf3L,2024-10-25 16:16:46,android,322800,The New Workout Plan,Kanye West,The College Dropout,trackdone,trackdone,FALSE,FALSE
3A4cpTBPaIQdtPFb5JxtaX,2024-10-25 16:22:03,android,316053,Slow Jamz,Twista,The College Dropout,trackdone,trackdone,FALSE,FALSE
4KFY4EEv9CN6ivrzD6vEvg,2024-10-25 16:26:10,android,246933,Breathe In Breathe Out,Kanye West,The College Dropout,trackdone,trackdone,FALSE,FALSE
25mwJPzWVmS2yronBNQJF1,2024-10-25 16:27:28,android,78693,School Spirit Skit 1,Kanye West,The College Dropout,trackdone,trackdone,FALSE,FALSE
1th3G3okofWlvGWAAR7Y4V,2024-10-25 16:30:31,android,182386,School Spirit,Kanye West,The College Dropout,trackdone,trackdone,FALSE,FALSE
5MAY7XyW322jMwLDtBQgsZ,2024-10-25 16:31:14,android,43533,School Spirit Skit 2,Kanye West,The College Dropout,trackdone,trackdone,FALSE,FALSE
4BhwlQ9mTwhFGXpQvP9JTV,2024-10-25 16:32:08,android,53640,Lil Jimmy Skit,Kanye West,The College Dropout,trackdone,trackdone,FALSE,FALSE
62wtttQzoIA9HnNmGVd9Yq,2024-10-25 16:36:34,android,266213,Two Words,Kanye West,The College Dropout,trackdone,trackdone,FALSE,FALSE
4mmkhcEm1Ljy1U9nwtsxUo,2024-10-25 16:40:15,android,221226,Through The Wire,Kanye West,The College Dropout,trackdone,trackdone,FALSE,FALSE
5DBmXF7QO43Cuy9yqva116,2024-10-25 16:44:54,android,278893,Family Business,Kanye West,The College Dropout,trackdone,trackdone,FALSE,FALSE
7iOhWWYjhhQiXzF4o4HhXN,2024-10-25 16:57:35,android,760973,Last Call,Kanye West,The College Dropout,trackdone,trackdone,FALSE,FALSE
7JSHs5GH7pq5moVo8wu1I6,2024-10-25 16:59:05,android,89173,To All The Girls,Beastie Boys,Paul's Boutique,trackdone,trackdone,FALSE,FALSE
2qq0RYYIuQxXcOxQKN0drC,2024-10-25 17:02:23,android,198253,Shake Your Rump,Beastie Boys,Paul's Boutique,trackdone,trackdone,FALSE,FALSE
5EGWLtIZ5M1g1nU1SdQ5PY,2024-10-25 17:03:41,android,76985,Johnny Ryall,Beastie Boys,Paul's Boutique,trackdone,endplay,FALSE,TRUE
5qxChyzKLEyoPJ5qGrdurN,2024-10-25 17:07:48,android,246933,No Sleep Till Brooklyn,Beastie Boys,Licensed To Ill,clickrow,trackdone,FALSE,FALSE
6vcf7sA7tsNiIeufH0FUFL,2024-10-25 17:09:55,android,125345,Egg Man,Beastie Boys,Paul's Boutique,trackdone,fwdbtn,FALSE,TRUE
4qLmCFNUlFJXOb9TvU9D2L,2024-10-25 17:12:01,android,125835,High Plains Drifter,Beastie Boys,Paul's Boutique,fwdbtn,fwdbtn,FALSE,TRUE
033N3Mf87ODmORg6YO61cm,2024-10-25 17:14:15,android,134050,The Sounds Of Science,Beastie Boys,Paul's Boutique,fwdbtn,fwdbtn,FALSE,TRUE
5mew4rexHu1IV6kTXqH3Nu,2024-10-25 17:17:54,android,219413,3-Minute Rule,Beastie Boys,Paul's Boutique,fwdbtn,trackdone,FALSE,FALSE
5ulZo7nk3MByXLvja3NCAc,2024-10-25 17:20:13,android,138609,Hey Ladies,Beastie Boys,Paul's Boutique,trackdone,fwdbtn,FALSE,TRUE
134zGrFA6v190Bxl7bpzeB,2024-10-25 17:20:36,android,23253,5-Piece Chicken Dinner,Beastie Boys,Paul's Boutique,fwdbtn,trackdone,FALSE,FALSE
7mPfubAjo4PVuRqO84bHZb,2024-10-25 17:21:25,android,48823,Looking Down The Barrel Of A Gun,Beastie Boys,Paul's Boutique,trackdone,endplay,FALSE,TRUE
0Puj4YlTm6xNzDDADXHMI9,2024-10-25 17:22:24,android,58033,Sabotage,Beastie Boys,Ill Communication,clickrow,endplay,FALSE,TRUE
5NLuC70kZQv8q34QyQa1DP,2024-10-25 17:23:44,android,79903,Fight For Your Right,Beastie Boys,Licensed To Ill,clickrow,endplay,FALSE,TRUE
5fpizYGbi5IQoEraj6FP0R,2024-10-25 17:23:56,android,11155,Intergalactic - Remastered 2009,Beastie Boys,Hello Nasty,clickrow,endplay,FALSE,TRUE
59WN2psjkt1tyaxjspN8fp,2024-10-25 17:25:28,android,91595,Killing In The Name,Rage Against The Machine,Rage Against The Machine - XX (20th Anniversary Special Edition),clickrow,endplay,FALSE,TRUE
0tZ3mElWcr74OOhKEiNz1x,2024-10-25 17:26:39,android,70938,Bulls On Parade,Rage Against The Machine,Evil Empire,clickrow,endplay,FALSE,TRUE
3Ti0GdlrotgwsAVBBugv0I,2024-10-25 17:30:02,android,202086,Can I Kick It?,A Tribe Called Quest,People's Instinctive Travels and the Paths of Rhythm (25th Anniversary Edition),clickrow,fwdbtn,FALSE,TRUE
6z6ug1DvIzTdel6vW8rHVu,2024-10-25 17:30:04,android,2061,Car Thief,Beastie Boys,Paul's Boutique,fwdbtn,fwdbtn,FALSE,TRUE
2exGztZ4FhpmrcYhwN4TQy,2024-10-25 17:30:11,android,6873,What Comes Around,Beastie Boys,Paul's Boutique,fwdbtn,fwdbtn,FALSE,TRUE
2GOcde6C8b4jH17cYgKzlp,2024-10-25 17:30:12,android,1131,Shadrach,Beastie Boys,Paul's Boutique,fwdbtn,fwdbtn,FALSE,TRUE
5xNiV1sUHLmEcDzWcJbYjt,2024-10-25 17:30:13,android,1332,Ask For Janice,Beastie Boys,Paul's Boutique,fwdbtn,fwdbtn,FALSE,TRUE
1gBEvCBtfABQqEjwUGoSD3,2024-10-25 17:30:14,android,594,B-Boy Bouillabaisse: 59 Chrystie Street,Beastie Boys,Paul's Boutique,fwdbtn,fwdbtn,FALSE,TRUE
4TX7yCTRatSHtroppF1Nm7,2024-10-25 17:30:24,android,9608,B-Boy Bouillabaisse: Get On The Mic,Beastie Boys,Paul's Boutique,fwdbtn,fwdbtn,FALSE,TRUE
0eO8MW9YSTK3CjdaTYKlhF,2024-10-25 17:31:36,android,71443,Who Am I (What’s My Name)?,Snoop Dogg,Doggystyle,fwdbtn,endplay,FALSE,TRUE
0j2T0R9dR9qdJYsB7ciXhf,2024-10-25 17:32:27,android,51650,Stronger,Kanye West,Graduation,clickrow,endplay,TRUE,TRUE
1PS1QMdUqOal0ai3Gt7sDQ,2024-10-25 17:34:00,android,92754,Gold Digger,Kanye West,Late Registration,clickrow,endplay,TRUE,TRUE
0fLILzjVXRCLC0lsNKcQ8I,2024-10-25 17:38:48,android,288573,P.I.M.P. - Snoop Dogg Remix,50 Cent,Get Rich Or Die Tryin',clickrow,trackdone,TRUE,FALSE
6JnqbWl6N8g4Ikw5uZiJY4,2024-10-25 17:38:51,android,1212,No Surprise,Daughtry,Leave This Town,trackdone,fwdbtn,TRUE,TRUE
0ry355UoTbc3NScBC2F3jA,2024-10-25 17:38:52,android,900,"I Got Stripes - Live at Folsom State Prison, Folsom, CA (2nd Show) - January 1968",Johnny Cash,At Folsom Prison,fwdbtn,fwdbtn,TRUE,TRUE
6dnXePvKM5M7O1AjGaJOd7,2024-10-25 17:39:01,android,9335,She Wandered Through the Garden Fence - 2009 Remaster,Procol Harum,Procol Harum,fwdbtn,fwdbtn,TRUE,TRUE
2qkmPUG7ARsRwhVICQVwQS,2024-10-25 17:39:03,android,1938,Mercy,Muse,Drones,fwdbtn,fwdbtn,TRUE,TRUE
7psfcbjfnXwYIezHstNa1a,2024-10-25 17:39:04,android,1258,When the Levee Breaks - Remaster,Led Zeppelin,Led Zeppelin IV,fwdbtn,backbtn,TRUE,TRUE
2qkmPUG7ARsRwhVICQVwQS,2024-10-25 17:42:56,android,231973,Mercy,Muse,Drones,backbtn,trackdone,TRUE,FALSE
7psfcbjfnXwYIezHstNa1a,2024-10-25 17:50:05,android,428851,When the Levee Breaks - Remaster,Led Zeppelin,Led Zeppelin IV,trackdone,trackdone,TRUE,FALSE
71XTdtW3bvmIrotG8yYVMS,2024-10-25 17:52:04,android,118160,"Honey, Just Allow Me One More Chance",Bob Dylan,The Freewheelin' Bob Dylan,trackdone,trackdone,TRUE,FALSE
5C1WX3YK9raN9HLMoY1ji7,2024-10-25 18:20:49,android,23975,I'm Sitting On Top Of The World,Bobby Darin,I Got Rhythm,trackdone,logout,TRUE,FALSE
3GCdLUSnKSMJhs4Tj6CV3s,2024-10-25 19:23:32,android,81500,All The Stars (with SZA),Kendrick Lamar,Black Panther The Album Music From And Inspired By,clickrow,endplay,FALSE,TRUE
6IZvVAP7VPPnsGX6bvgkqg,2024-10-25 19:25:13,android,100554,PRIDE.,Kendrick Lamar,DAMN.,clickrow,fwdbtn,FALSE,TRUE
2tudvzsrR56uom6smgOcSf,2024-10-25 19:25:35,android,22491,Like That,Future,WE DON'T TRUST YOU,fwdbtn,endplay,FALSE,TRUE
74tLlkN3rgVzRqQJgPfink,2024-10-25 19:27:37,android,121787,Money Trees,Kendrick Lamar,"good kid, m.A.A.d city",clickrow,endplay,FALSE,TRUE
0y9uTzK9cNKSAEHnpeRG8C,2024-10-25 19:30:36,android,178436,DUCKWORTH.,Kendrick Lamar,DAMN.,clickrow,endplay,FALSE,TRUE
6AI3ezQ4o3HUoP6Dhudph3,2024-10-25 19:30:40,android,3288,Not Like Us,Kendrick Lamar,Not Like Us,clickrow,logout,FALSE,FALSE
68Dni7IE4VyPkTOH9mRWHr,2024-10-25 19:50:35,android,202000,No Role Modelz,J. Cole,2014 Forest Hills Drive,clickrow,logout,FALSE,FALSE
77DRzu7ERs0TX3roZcre7Q,2024-10-25 20:00:19,android,383639,euphoria,Kendrick Lamar,euphoria,clickrow,trackdone,FALSE,FALSE
2tudvzsrR56uom6smgOcSf,2024-10-25 20:02:42,android,138239,Like That,Future,WE DON'T TRUST YOU,clickrow,endplay,FALSE,TRUE
6AI3ezQ4o3HUoP6Dhudph3,2024-10-25 20:07:16,android,274192,Not Like Us,Kendrick Lamar,Not Like Us,clickrow,trackdone,FALSE,FALSE
3GCdLUSnKSMJhs4Tj6CV3s,2024-10-25 20:11:09,android,232186,All The Stars (with SZA),Kendrick Lamar,Black Panther The Album Music From And Inspired By,trackdone,trackdone,FALSE,FALSE
6IZvVAP7VPPnsGX6bvgkqg,2024-10-25 20:15:44,android,275253,PRIDE.,Kendrick Lamar,DAMN.,trackdone,trackdone,FALSE,FALSE
2tudvzsrR56uom6smgOcSf,2024-10-25 20:16:38,android,50827,Like That,Future,WE DON'T TRUST YOU,trackdone,logout,FALSE,FALSE
2tudvzsrR56uom6smgOcSf,2024-10-25 20:22:21,android,62750,Like That,Future,WE DON'T TRUST YOU,appload,endplay,FALSE,TRUE
5DBmXF7QO43Cuy9yqva116,2024-10-25 20:31:31,android,278893,Family Business,Kanye West,The College Dropout,clickrow,endplay,TRUE,TRUE
1th3G3okofWlvGWAAR7Y4V,2024-10-25 20:37:19,android,182386,School Spirit,Kanye West,The College Dropout,trackdone,trackdone,FALSE,FALSE
5b2FFKC64kxqcfaFnIZxoM,2024-10-25 21:06:46,android,289493,Get Em High,Kanye West,The College Dropout,trackdone,trackdone,FALSE,FALSE
34j4OxJxKznBs88cjSL2j9,2024-10-25 21:12:11,android,324440,Never Let Me Down,Kanye West,The College Dropout,trackdone,trackdone,FALSE,FALSE
0j2T0R9dR9qdJYsB7ciXhf,2024-10-25 21:17:23,android,311866,Stronger,Kanye West,Graduation,trackdone,trackdone,FALSE,FALSE
5g1vtHqi9uV7xtYeCcFOBx,2024-10-25 21:20:38,android,193733,Jesus Walks,Kanye West,The College Dropout,trackdone,trackdone,FALSE,FALSE
6MgGapP3EPFm9kYUvYBTZR,2024-10-25 21:21:48,android,69706,I'll Fly Away,Kanye West,The College Dropout,trackdone,trackdone,FALSE,FALSE
5SkRLpaGtvYPhw02vZhQQ9,2024-10-25 21:25:32,android,223506,All Falls Down,Kanye West,The College Dropout,trackdone,trackdone,FALSE,FALSE
0IW0qaeyxL5Et4UG2MrJKB,2024-10-25 21:29:32,android,239880,We Don't Care,Kanye West,The College Dropout,trackdone,trackdone,FALSE,FALSE
6v0yKEba7ZN6BHkOOoWfsN,2024-10-25 21:35:09,android,336013,i,Kendrick Lamar,To Pimp A Butterfly,trackdone,trackdone,FALSE,FALSE
5iazFRMdIQ78zSjPoxWQNI,2024-10-25 21:40:38,android,328826,The Blacker The Berry,Kendrick Lamar,To Pimp A Butterfly,trackdone,trackdone,FALSE,FALSE
0lGb6cqAouFJqlNT0HJEcV,2024-10-25 21:45:31,android,292520,Hood Politics,Kendrick Lamar,To Pimp A Butterfly,trackdone,trackdone,FALSE,FALSE
7KCvyzT5jtlJwoyUN8Uw0A,2024-10-25 21:50:23,android,291720,For Sale? - Interlude,Kendrick Lamar,To Pimp A Butterfly,trackdone,trackdone,FALSE,FALSE
6oakQZRgFZ5FRHDr3GoiPF,2024-10-25 21:54:03,android,219333,Alright,Kendrick Lamar,To Pimp A Butterfly,trackdone,trackdone,FALSE,FALSE
2XijsLg3IR0IkUMKtlqdvT,2024-10-25 21:57:58,android,234693,King Kunta,Kendrick Lamar,To Pimp A Butterfly,trackdone,trackdone,FALSE,FALSE
6AI3ezQ4o3HUoP6Dhudph3,2024-10-25 22:02:33,android,274192,Not Like Us,Kendrick Lamar,Not Like Us,trackdone,trackdone,FALSE,FALSE
1sFstGV1Z3Aw5TDFCiT7vK,2024-10-25 22:05:39,android,185062,Favorite Song,Chance the Rapper,Acid Rap,trackdone,trackdone,FALSE,FALSE
7nrraHMpSbyJJoN3unjjoJ,2024-10-25 22:09:45,android,149875,Interlude (That's Love),Chance the Rapper,Acid Rap,trackdone,trackdone,FALSE,FALSE
4J2s7nWDdA7i92sojYX8RJ,2024-10-25 22:13:27,android,215062,Juice,Chance the Rapper,Acid Rap (10th Anniversary - Complete Edition),trackdone,trackdone,FALSE,FALSE
0aMHIW1lqrulVCx0LLlr6a,2024-10-25 22:18:48,android,307187,Cocoa Butter Kisses,Chance the Rapper,Acid Rap,trackdone,trackdone,FALSE,FALSE
23Ij3xEFmYkRl00dDJCVMP,2024-10-25 22:22:47,android,239250,Good Ass Intro,Chance the Rapper,Acid Rap,trackdone,trackdone,FALSE,FALSE
2LhhnqrHPWvXYveZVHLKrd,2024-10-25 22:26:19,android,210840,Life's a Bitch (feat. AZ & Olu Dara),Nas,Illmatic,trackdone,trackdone,FALSE,FALSE
60uesDF4UyLUs61FgiDkdp,2024-10-25 22:30:17,android,232533,Hello,Ice Cube,War & Peace Vol. 2 (The Peace Disc),trackdone,trackdone,FALSE,FALSE
2MWoG6ZINVavRRNNrVPplf,2024-10-25 22:34:32,android,254293,"Girls, Girls, Girls (Part 2)",JAY-Z,The Blueprint,trackdone,trackdone,FALSE,FALSE
6o1l9I0faXJN2iqulHrdCQ,2024-10-25 22:35:38,android,64548,Crazy,Gnarls Barkley,St. Elsewhere,trackdone,fwdbtn,FALSE,TRUE
10EGxvr4fSE42ABWZeJ3K3,2024-10-25 22:39:38,android,240626,Izzo (H.O.V.A.),JAY-Z,The Blueprint,fwdbtn,trackdone,FALSE,FALSE
58CoyTs0xRU524pF3RvAuZ,2024-10-25 23:33:43,android,253653,Half Light I,Arcade Fire,The Suburbs (Deluxe),trackdone,trackdone,TRUE,FALSE
35srNkJVToAzYiZzron1FY,2024-10-25 23:37:58,android,253906,Young Forever,JAY-Z,The Blueprint 3,trackdone,trackdone,TRUE,FALSE
6WEBwvsmpaoGxka0tSh5a7,2024-10-25 23:41:49,android,231173,Won't Go Home Without You,Maroon 5,It Won't Be Soon Before Long,trackdone,trackdone,TRUE,FALSE
25nzKGDiua1lE9Qo5V19GL,2024-10-25 23:45:56,android,246600,Young Blood,The Naked And Famous,"Passive Me, Aggressive You",trackdone,trackdone,TRUE,FALSE
3tIvHt7VaIenprWXrYzgwb,2024-10-25 23:52:49,android,412760,Midnight Rambler,The Rolling Stones,Let It Bleed,trackdone,trackdone,TRUE,FALSE
1ZS5HBMAmZk3gjFcedts66,2024-10-25 23:56:42,android,232533,Sway - 2009 Mix,The Rolling Stones,Sticky Fingers,trackdone,trackdone,TRUE,FALSE
6NJQpFNkDCMaRBogIi9sOI,2024-10-26 00:02:01,android,317986,Bellbottoms,The Jon Spencer Blues Explosion,Orange,trackdone,trackdone,TRUE,FALSE
1KgZOCjN3nGRTk3c87oIj6,2024-10-26 00:05:00,android,178560,What We Live For,American Authors,What We Live For,trackdone,trackdone,TRUE,FALSE
0JSSvxGMpEBnsDbs9BlM6R,2024-10-26 00:10:50,android,348986,Picasso’s Last Words (Drink to Me) - 2010 Remaster,Paul McCartney,Band On The Run,trackdone,trackdone,TRUE,FALSE
7j91Me4PB3CLhuL4PKH9G8,2024-10-26 00:14:48,android,238040,We Are Golden,MIKA,The Boy Who Knew Too Much,trackdone,trackdone,TRUE,FALSE
1kDkaFlmkdEZiVUogaP9OZ,2024-10-26 00:16:48,android,119813,For No One - Remastered 2009,The Beatles,Revolver,trackdone,trackdone,TRUE,FALSE
6flXEGuz9BVk7tuBPmwcGw,2024-10-26 00:23:27,android,284706,Pressure Machine - Abridged,The Killers,Pressure Machine,trackdone,trackdone,TRUE,FALSE
4RvW5ggYKC7bCDX4UUSSDc,2024-10-26 00:27:00,android,211851,Sleep On The Floor,The Lumineers,Cleopatra,trackdone,trackdone,TRUE,FALSE
4uKop5eqeLow56qacdfO1P,2024-10-26 00:29:39,android,159333,Breakfast In America,Supertramp,Breakfast In America,trackdone,trackdone,TRUE,FALSE
7iTjGs5z7opNGCXyurs0Q7,2024-10-26 00:32:00,android,140600,Bad Boy - Remastered 2009,The Beatles,Past Masters,trackdone,trackdone,TRUE,FALSE
18lR4BzEs7e3qzc0KVkTpU,2024-10-26 00:35:26,android,205226,What I've Done,Linkin Park,Minutes to Midnight,trackdone,trackdone,TRUE,FALSE
3BsNxZnM79oJPjhCdUDab9,2024-10-26 00:39:30,android,243000,The Kids Don't Stand a Chance,Vampire Weekend,Vampire Weekend,trackdone,trackdone,TRUE,FALSE
4qh4lu4xf4r3ZkBoyeajuc,2024-10-26 00:42:55,android,204560,Revolution - Remastered 2009,The Beatles,Past Masters,trackdone,trackdone,TRUE,FALSE
6u0x5ad9ewHvs3z6u9Oe3c,2024-10-26 01:04:47,android,235546,Under Cover of Darkness,The Strokes,Angles,trackdone,trackdone,TRUE,FALSE
0qkftSyehmgEES0ymuYiTS,2024-10-26 01:09:11,android,263880,Bendita Tu Luz,Maná,Amar Es Combatir,trackdone,trackdone,TRUE,FALSE
2gTnu5RZNVFVnWdjLnyUA5,2024-10-26 01:12:36,android,203360,Nobody Home,Pink Floyd,The Wall,trackdone,trackdone,TRUE,FALSE
6OEHjJJvdkk1Ln0p0AZdyz,2024-10-26 01:16:11,android,215229,Girls Like You,Maroon 5,Red Pill Blues,trackdone,trackdone,TRUE,FALSE
2B4Y9u4ERAFiMo13XPJyGP,2024-10-26 01:18:37,android,144880,"Here, There And Everywhere - Remastered 2009",The Beatles,Revolver,trackdone,trackdone,TRUE,FALSE
18bzuq8A21sRcI4w4gqGD2,2024-10-26 01:21:12,android,154893,I Ain't Marching Anymore,Phil Ochs,I Ain't Marching Anymore,trackdone,trackdone,TRUE,FALSE
73PDjVfQff5GgqZHjYSNEV,2024-10-26 01:52:22,android,137843,Thistle & Weeds,Mumford & Sons,Sigh No More,trackdone,logout,TRUE,FALSE
7MH7TkjQ4RA1vG454dciw0,2024-10-26 04:01:43,android,212786,That's Entertainment,The Jam,Sound Affects,fwdbtn,trackdone,TRUE,FALSE
6QLh3oOA1AKocLHFH6j7qA,2024-10-26 04:06:31,android,287293,Dead Flowers,Townes Van Zandt,Roadsongs,trackdone,trackdone,TRUE,FALSE
1GcVa4jFySlun4jLSuMhiq,2024-10-26 04:11:03,android,272000,Angie - Remastered 2009,The Rolling Stones,Goats Head Soup,trackdone,trackdone,TRUE,FALSE
3hcU1qoBp7OEx1ZchiezDJ,2024-10-26 04:14:25,android,201022,Strangers (2020 Stereo Remaster),The Kinks,"Lola Versus Powerman and the Moneygoround, Pt. 1",trackdone,trackdone,TRUE,FALSE
55h7vJchibLdUkxdlX3fK7,2024-10-26 04:17:24,android,178560,Treasure,Bruno Mars,Unorthodox Jukebox,trackdone,trackdone,TRUE,FALSE
57cZFx3KlHmx0CNNYbWO8u,2024-10-26 04:23:02,android,337750,Wah-Wah (2014 Remaster),George Harrison,All Things Must Pass,trackdone,trackdone,TRUE,FALSE
0pjCkLjbgSLn5c0Ilwuv8z,2024-10-26 04:26:34,android,211520,The Longest Wave,Red Hot Chili Peppers,The Getaway,trackdone,trackdone,TRUE,FALSE
6j0wBBAP3hMe4t1Ymj7GIe,2024-10-26 04:27:10,android,34836,Audition (The Fools Who Dream),Emma Stone,La La Land,trackdone,fwdbtn,TRUE,TRUE
3nFhiJReGYBDoqArWW3p5e,2024-10-26 04:32:54,android,344906,Everything Will Be Alright,The Killers,Hot Fuss,fwdbtn,trackdone,TRUE,FALSE
4SrRrB27n7fiRkQcPoKfpk,2024-10-26 04:34:58,android,122641,Motion Picture Soundtrack,Radiohead,Kid A,trackdone,fwdbtn,TRUE,TRUE
2czpzliEFyUYpeyPvYfgMO,2024-10-26 04:35:01,android,2200,nadie va a pensar en ti mejor que yo - En Vivo,Ed Maverick,nadie va a pensar en ti mejor que yo,fwdbtn,fwdbtn,TRUE,TRUE
1sTsuZTdANkiFd7T34H3nb,2024-10-26 04:39:05,android,245373,Human,The Killers,Day & Age,fwdbtn,trackdone,TRUE,FALSE
1RNtm45kw0hPMBz7gKiIYu,2024-10-26 04:46:22,android,436440,Everything's Not Lost - Includes Hidden Track 'Life Is For Living',Coldplay,Parachutes,trackdone,trackdone,TRUE,FALSE
4Qi0rX6kEEkJvkcJkPeQql,2024-10-26 05:50:06,android,526,Here Comes Yet Another Day,The Kinks,Everybody's in Show-Biz,trackdone,logout,TRUE,FALSE
4prCxGTYQMu3vOaHvojYZr,2024-10-26 15:12:21,android,313106,Takeover,JAY-Z,The Blueprint,clickrow,endplay,TRUE,TRUE
5onGESUxi3P9xLt311oS59,2024-10-26 15:17:45,android,283026,One More Chance - 2005 Remaster,The Notorious B.I.G.,Ready to Die,trackdone,trackdone,TRUE,FALSE
3jlbL2OTD5YmIunYzgQTAN,2024-10-26 15:23:24,android,338853,Live Your Life,T.I.,Paper Trail,trackdone,trackdone,FALSE,FALSE
3QLjDkgLh9AOEHlhQtDuhs,2024-10-26 15:27:42,android,257690,Best I Ever Had,Drake,So Far Gone,trackdone,trackdone,FALSE,FALSE
5ByAIlEEnxYdvpnezg7HTX,2024-10-26 15:32:46,android,302760,Juicy - 2005 Remaster,The Notorious B.I.G.,Ready to Die,trackdone,trackdone,FALSE,FALSE
4tEaytMs86hIaOSsiGoLcP,2024-10-26 15:36:41,android,234626,Excursions,A Tribe Called Quest,The Low End Theory,trackdone,trackdone,FALSE,FALSE
0trHOzAhNpGCsGBEu7dOJo,2024-10-26 15:41:42,android,293973,N.Y. State of Mind,Nas,Illmatic,trackdone,trackdone,FALSE,FALSE
3ia3dJETSOllPsv3LJkE35,2024-10-26 15:46:28,android,284906,California Love - Original Version,2Pac,Greatest Hits,trackdone,trackdone,FALSE,FALSE
1auxYwYrFRqZP7t3s7w4um,2024-10-26 15:50:08,android,219333,Ni**as In Paris,JAY-Z,Watch The Throne,trackdone,trackdone,FALSE,FALSE
4dUWOra6S6IlEMiaFvb4lc,2024-10-26 15:54:09,android,240600,Hard Knock Life (Ghetto Anthem),JAY-Z,The Hits Collection Volume One,trackdone,trackdone,FALSE,FALSE
35srNkJVToAzYiZzron1FY,2024-10-26 15:58:23,android,253906,Young Forever,JAY-Z,The Blueprint 3,trackdone,trackdone,FALSE,FALSE
1PS1QMdUqOal0ai3Gt7sDQ,2024-10-26 16:01:51,android,207626,Gold Digger,Kanye West,Late Registration,trackdone,trackdone,FALSE,FALSE
7FIWs0pqAYbP91WWM0vlTQ,2024-10-26 16:05:23,android,210800,Godzilla (feat. Juice WRLD),Eminem,Music To Be Murdered By,trackdone,trackdone,FALSE,FALSE
2kQuhkFX7uSVepCD3h29g5,2024-10-26 16:08:55,android,212360,Smack That,Akon,Konvicted,trackdone,trackdone,FALSE,FALSE
2qOm7ukLyHUXWyR4ZWLwxA,2024-10-26 16:13:16,android,260000,It Was A Good Day,Ice Cube,The Predator,trackdone,trackdone,FALSE,FALSE
5Tbpp3OLLClPJF8t1DmrFD,2024-10-26 16:17:14,android,237573,"Nuthin' But A ""G"" Thang",Dr. Dre,The Chronic,trackdone,trackdone,FALSE,FALSE
39QBkWKnap8wRSW4WB9OK0,2024-10-26 16:20:46,android,211866,Gin and Juice,Snoop Dogg,Doggystyle,trackdone,trackdone,FALSE,FALSE
2NBQmPrOEEjA8VbeWOQGxO,2024-10-26 16:25:13,android,266066,Drop It Like It's Hot,Snoop Dogg,R&G (Rhythm & Gangsta): The Masterpiece,trackdone,trackdone,FALSE,FALSE
3FNy4yzOhHhFBeA5p4ofoq,2024-10-26 16:28:41,android,207346,"Young, Wild & Free (feat. Bruno Mars)",Snoop Dogg,"Young, Wild & Free (feat. Bruno Mars)",trackdone,trackdone,FALSE,FALSE
503OTo2dSqe7qk76rgsbep,2024-10-26 16:33:12,android,270586,Still D.R.E.,Dr. Dre,2001,trackdone,trackdone,FALSE,FALSE
7iXF2W9vKmDoGAhlHdpyIa,2024-10-26 16:36:55,android,222293,Forgot About Dre,Dr. Dre,2001,trackdone,trackdone,FALSE,FALSE
7lQ8MOhq6IN2w8EYcFNSUk,2024-10-26 16:41:46,android,290320,Without Me,Eminem,The Eminem Show,trackdone,trackdone,FALSE,FALSE
0fLILzjVXRCLC0lsNKcQ8I,2024-10-26 16:46:41,android,288573,P.I.M.P. - Snoop Dogg Remix,50 Cent,Get Rich Or Die Tryin',trackdone,trackdone,FALSE,FALSE
3G0yz3DZn3lfraledmBCT0,2024-10-26 16:47:04,android,15525,P.I.M.P.,50 Cent,Get Rich Or Die Tryin',trackdone,fwdbtn,FALSE,TRUE
2ihCaVdNZmnHZWt0fvAM7B,2024-10-26 16:47:47,android,15120,Little Talks,Of Monsters and Men,My Head Is An Animal,fwdbtn,logout,FALSE,FALSE
5W7BcYDIaeXnpG3e39T7hJ,2024-10-29 02:41:05,android,213292,How To Love,Lil Wayne,Tha Carter IV,clickrow,logout,FALSE,FALSE
5zpDHEU12zATwLGvozxPw2,2024-10-29 06:38:23,android,41200,Lighters,Bad Meets Evil,Hell: The Sequel,clickrow,logout,FALSE,FALSE
0mEdbdeRFQwBhN4xfyIeUM,2024-10-29 07:20:36,android,60256,Can't Tell Me Nothing,Kanye West,Graduation,clickrow,endplay,FALSE,TRUE
4EWCNWgDS8707fNSZ1oaA5,2024-10-29 07:21:47,android,71631,Heartless,Kanye West,808s & Heartbreak,clickrow,endplay,FALSE,TRUE
4KW1lqgSr8TKrvBII0Brf8,2024-10-29 07:22:30,android,42940,Father Stretch My Hands Pt. 1,Kanye West,The Life Of Pablo,clickrow,fwdbtn,FALSE,TRUE
5TRPicyLGbAF2LGBFbHGvO,2024-10-29 07:24:04,android,93023,Flashing Lights,Kanye West,Graduation,fwdbtn,fwdbtn,FALSE,TRUE
0JmGVy7IzUM27My3UuEOOZ,2024-10-29 07:28:00,android,236010,Knock You Down,Keri Hilson,In A Perfect World...,fwdbtn,endplay,FALSE,TRUE
3sNVsP50132BTNlImLx70i,2024-10-29 07:28:41,android,41022,Bound 2,Kanye West,Yeezus,clickrow,endplay,FALSE,TRUE
3s7MCdXyWmwjdcWh7GWXas,2024-10-29 07:31:40,android,178936,Violent Crimes,Kanye West,ye,clickrow,endplay,FALSE,TRUE
7rbECVPkY5UODxoOUVKZnA,2024-10-29 07:32:20,android,40138,I Wonder,Kanye West,Graduation,clickrow,endplay,FALSE,TRUE
4iz9lGMjU1lXS51oPmUmTe,2024-10-29 07:33:00,android,39467,Homecoming,Kanye West,Graduation,clickrow,endplay,FALSE,TRUE
7vgTNTaEz3CsBZ1N4YQalM,2024-10-29 07:34:07,android,66945,Ghost Town,Kanye West,ye,clickrow,endplay,FALSE,TRUE
7G3lxTsMfSx4yarMkfgnTC,2024-10-29 07:36:12,android,123020,The World Is Yours,Nas,Illmatic,clickrow,logout,FALSE,FALSE
7G3lxTsMfSx4yarMkfgnTC,2024-10-29 14:27:19,android,167570,The World Is Yours,Nas,Illmatic,appload,trackdone,FALSE,FALSE
2PRsh2LNPxoxC9OnErnelg,2024-10-29 14:31:40,android,260800,Halftime,Nas,Illmatic,trackdone,trackdone,FALSE,FALSE
2W58HMaCbjcUfZnZaeHtcC,2024-10-29 14:35:48,android,248213,Memory Lane (Sittin' in da Park),Nas,Illmatic,trackdone,trackdone,FALSE,FALSE
27u3Rh4IWYPdwVST20ALrt,2024-10-29 14:41:13,android,325653,One Love (feat. Q-Tip),Nas,Illmatic,trackdone,trackdone,FALSE,FALSE
3p50PUgtBHM6rwUuD3RfFV,2024-10-29 14:44:32,android,198800,One Time 4 Your Mind,Nas,Illmatic,trackdone,trackdone,FALSE,FALSE
6DPrhGVJ1WTZvM9fKptnGe,2024-10-29 14:48:45,android,252600,Represent,Nas,Illmatic,trackdone,trackdone,FALSE,FALSE
2CPturRUlpvirYr7VpkXCV,2024-10-29 14:50:26,android,100553,It Ain't Hard to Tell,Nas,Illmatic,trackdone,endplay,FALSE,TRUE
7G3lxTsMfSx4yarMkfgnTC,2024-10-30 19:22:51,android,290573,The World Is Yours,Nas,Illmatic,clickrow,trackdone,FALSE,FALSE
3s7MCdXyWmwjdcWh7GWXas,2024-10-30 19:26:27,android,215320,Violent Crimes,Kanye West,ye,trackdone,trackdone,FALSE,FALSE
0JmGVy7IzUM27My3UuEOOZ,2024-10-30 19:31:54,android,326186,Knock You Down,Keri Hilson,In A Perfect World...,trackdone,trackdone,FALSE,FALSE
5TRPicyLGbAF2LGBFbHGvO,2024-10-30 19:35:52,android,237506,Flashing Lights,Kanye West,Graduation,trackdone,trackdone,FALSE,FALSE
4EWCNWgDS8707fNSZ1oaA5,2024-10-30 19:39:23,android,211000,Heartless,Kanye West,808s & Heartbreak,trackdone,trackdone,FALSE,FALSE
0mEdbdeRFQwBhN4xfyIeUM,2024-10-30 19:43:55,android,271600,Can't Tell Me Nothing,Kanye West,Graduation,trackdone,trackdone,FALSE,FALSE
5W7BcYDIaeXnpG3e39T7hJ,2024-10-30 19:47:56,android,240306,How To Love,Lil Wayne,Tha Carter IV,trackdone,trackdone,FALSE,FALSE
3Ti0GdlrotgwsAVBBugv0I,2024-10-30 19:52:08,android,251573,Can I Kick It?,A Tribe Called Quest,People's Instinctive Travels and the Paths of Rhythm (25th Anniversary Edition),trackdone,trackdone,FALSE,FALSE
5qxChyzKLEyoPJ5qGrdurN,2024-10-30 19:56:16,android,246933,No Sleep Till Brooklyn,Beastie Boys,Licensed To Ill,trackdone,trackdone,FALSE,FALSE
5DBmXF7QO43Cuy9yqva116,2024-10-30 20:00:55,android,278893,Family Business,Kanye West,The College Dropout,trackdone,trackdone,FALSE,FALSE
1th3G3okofWlvGWAAR7Y4V,2024-10-30 20:54:09,android,15706,School Spirit,Kanye West,The College Dropout,trackdone,logout,FALSE,FALSE
5DBmXF7QO43Cuy9yqva116,2024-10-31 22:27:14,android,1213,Family Business,Kanye West,The College Dropout,backbtn,fwdbtn,FALSE,TRUE
1th3G3okofWlvGWAAR7Y4V,2024-10-31 22:30:16,android,182386,School Spirit,Kanye West,The College Dropout,fwdbtn,trackdone,FALSE,FALSE
5b2FFKC64kxqcfaFnIZxoM,2024-10-31 22:35:44,android,289493,Get Em High,Kanye West,The College Dropout,trackdone,trackdone,FALSE,FALSE
34j4OxJxKznBs88cjSL2j9,2024-10-31 22:41:09,android,324440,Never Let Me Down,Kanye West,The College Dropout,trackdone,trackdone,FALSE,FALSE
0j2T0R9dR9qdJYsB7ciXhf,2024-10-31 22:46:21,android,311866,Stronger,Kanye West,Graduation,trackdone,trackdone,FALSE,FALSE
5g1vtHqi9uV7xtYeCcFOBx,2024-10-31 22:49:35,android,193733,Jesus Walks,Kanye West,The College Dropout,trackdone,trackdone,FALSE,FALSE
6MgGapP3EPFm9kYUvYBTZR,2024-10-31 22:50:46,android,69706,I'll Fly Away,Kanye West,The College Dropout,trackdone,trackdone,FALSE,FALSE
5SkRLpaGtvYPhw02vZhQQ9,2024-10-31 22:54:30,android,223506,All Falls Down,Kanye West,The College Dropout,trackdone,trackdone,FALSE,FALSE
0IW0qaeyxL5Et4UG2MrJKB,2024-10-31 22:58:30,android,239880,We Don't Care,Kanye West,The College Dropout,trackdone,trackdone,FALSE,FALSE
6v0yKEba7ZN6BHkOOoWfsN,2024-10-31 23:04:07,android,336013,i,Kendrick Lamar,To Pimp A Butterfly,trackdone,trackdone,FALSE,FALSE
5iazFRMdIQ78zSjPoxWQNI,2024-10-31 23:09:36,android,328826,The Blacker The Berry,Kendrick Lamar,To Pimp A Butterfly,trackdone,trackdone,FALSE,FALSE
0lGb6cqAouFJqlNT0HJEcV,2024-10-31 23:14:29,android,292520,Hood Politics,Kendrick Lamar,To Pimp A Butterfly,trackdone,trackdone,FALSE,FALSE
7KCvyzT5jtlJwoyUN8Uw0A,2024-10-31 23:19:21,android,291720,For Sale? - Interlude,Kendrick Lamar,To Pimp A Butterfly,trackdone,trackdone,FALSE,FALSE
6oakQZRgFZ5FRHDr3GoiPF,2024-10-31 23:23:01,android,219333,Alright,Kendrick Lamar,To Pimp A Butterfly,trackdone,trackdone,FALSE,FALSE
2XijsLg3IR0IkUMKtlqdvT,2024-10-31 23:26:56,android,234693,King Kunta,Kendrick Lamar,To Pimp A Butterfly,trackdone,trackdone,FALSE,FALSE
6AI3ezQ4o3HUoP6Dhudph3,2024-10-31 23:31:31,android,274192,Not Like Us,Kendrick Lamar,Not Like Us,trackdone,trackdone,FALSE,FALSE
1sFstGV1Z3Aw5TDFCiT7vK,2024-10-31 23:34:37,android,185062,Favorite Song,Chance the Rapper,Acid Rap,trackdone,trackdone,FALSE,FALSE
7nrraHMpSbyJJoN3unjjoJ,2024-10-31 23:37:07,android,149875,Interlude (That's Love),Chance the Rapper,Acid Rap,trackdone,trackdone,FALSE,FALSE
4J2s7nWDdA7i92sojYX8RJ,2024-10-31 23:40:42,android,215062,Juice,Chance the Rapper,Acid Rap (10th Anniversary - Complete Edition),trackdone,trackdone,FALSE,FALSE
0aMHIW1lqrulVCx0LLlr6a,2024-10-31 23:45:50,android,307187,Cocoa Butter Kisses,Chance the Rapper,Acid Rap,trackdone,trackdone,FALSE,FALSE
23Ij3xEFmYkRl00dDJCVMP,2024-10-31 23:49:50,android,239250,Good Ass Intro,Chance the Rapper,Acid Rap,trackdone,trackdone,FALSE,FALSE
2LhhnqrHPWvXYveZVHLKrd,2024-10-31 23:53:21,android,210840,Life's a Bitch (feat. AZ & Olu Dara),Nas,Illmatic,trackdone,trackdone,FALSE,FALSE
60uesDF4UyLUs61FgiDkdp,2024-10-31 23:57:14,android,232533,Hello,Ice Cube,War & Peace Vol. 2 (The Peace Disc),trackdone,trackdone,FALSE,FALSE
2MWoG6ZINVavRRNNrVPplf,2024-11-01 00:01:29,android,254293,"Girls, Girls, Girls (Part 2)",JAY-Z,The Blueprint,trackdone,trackdone,FALSE,FALSE
6o1l9I0faXJN2iqulHrdCQ,2024-11-01 00:04:31,android,182066,Crazy,Gnarls Barkley,St. Elsewhere,trackdone,trackdone,FALSE,FALSE
10EGxvr4fSE42ABWZeJ3K3,2024-11-01 00:08:33,android,240626,Izzo (H.O.V.A.),JAY-Z,The Blueprint,trackdone,trackdone,FALSE,FALSE
4prCxGTYQMu3vOaHvojYZr,2024-11-01 00:13:46,android,313106,Takeover,JAY-Z,The Blueprint,trackdone,trackdone,FALSE,FALSE
5onGESUxi3P9xLt311oS59,2024-11-01 00:16:04,android,136735,One More Chance - 2005 Remaster,The Notorious B.I.G.,Ready to Die,trackdone,fwdbtn,FALSE,TRUE
6HTJZ0TQJVMSKkUGzAOe2h,2024-11-01 00:21:25,android,321649,Old Thing Back (feat. Ja Rule and Ralph Tresvant),Matoma,Old Thing Back (feat. Ja Rule and Ralph Tresvant),fwdbtn,trackdone,FALSE,FALSE
3jlbL2OTD5YmIunYzgQTAN,2024-11-01 00:27:04,android,338853,Live Your Life,T.I.,Paper Trail,trackdone,trackdone,FALSE,FALSE
3QLjDkgLh9AOEHlhQtDuhs,2024-11-01 01:14:24,android,17777,Best I Ever Had,Drake,So Far Gone,trackdone,logout,FALSE,FALSE
5ByAIlEEnxYdvpnezg7HTX,2024-11-01 03:08:18,android,302760,Juicy - 2005 Remaster,The Notorious B.I.G.,Ready to Die,fwdbtn,trackdone,FALSE,FALSE
4tEaytMs86hIaOSsiGoLcP,2024-11-01 03:12:13,android,234626,Excursions,A Tribe Called Quest,The Low End Theory,trackdone,trackdone,FALSE,FALSE
0trHOzAhNpGCsGBEu7dOJo,2024-11-01 03:12:18,android,3408,N.Y. State of Mind,Nas,Illmatic,trackdone,fwdbtn,FALSE,TRUE
3ia3dJETSOllPsv3LJkE35,2024-11-01 03:26:54,android,238060,California Love - Original Version,2Pac,Greatest Hits,fwdbtn,logout,FALSE,FALSE
3ia3dJETSOllPsv3LJkE35,2024-11-01 05:22:55,android,46871,California Love - Original Version,2Pac,Greatest Hits,appload,trackdone,FALSE,FALSE
1auxYwYrFRqZP7t3s7w4um,2024-11-01 05:26:45,android,219333,Ni**as In Paris,JAY-Z,Watch The Throne,trackdone,trackdone,FALSE,FALSE
4dUWOra6S6IlEMiaFvb4lc,2024-11-01 05:30:51,android,240600,Hard Knock Life (Ghetto Anthem),JAY-Z,The Hits Collection Volume One,trackdone,trackdone,FALSE,FALSE
6AI3ezQ4o3HUoP6Dhudph3,2024-11-01 05:35:26,android,274192,Not Like Us,Kendrick Lamar,Not Like Us,trackdone,trackdone,FALSE,FALSE
35srNkJVToAzYiZzron1FY,2024-11-01 06:03:01,android,241363,Young Forever,JAY-Z,The Blueprint 3,trackdone,logout,FALSE,FALSE
2deME7JS3NAKCVJqm1l0Vs,2024-11-01 20:20:00,android,65300,Bob,"""Weird Al"" Yankovic",Poodle Hat,clickrow,logout,FALSE,FALSE
5TRPicyLGbAF2LGBFbHGvO,2024-11-01 20:43:04,android,45428,Flashing Lights,Kanye West,Graduation,clickrow,endplay,FALSE,TRUE
0mEdbdeRFQwBhN4xfyIeUM,2024-11-01 20:43:07,android,3205,Can't Tell Me Nothing,Kanye West,Graduation,clickrow,endplay,FALSE,TRUE
3Ti0GdlrotgwsAVBBugv0I,2024-11-01 20:43:12,android,4698,Can I Kick It?,A Tribe Called Quest,People's Instinctive Travels and the Paths of Rhythm (25th Anniversary Edition),clickrow,endplay,FALSE,TRUE
5DBmXF7QO43Cuy9yqva116,2024-11-01 20:45:25,android,133118,Family Business,Kanye West,The College Dropout,clickrow,fwdbtn,FALSE,TRUE
1th3G3okofWlvGWAAR7Y4V,2024-11-01 20:45:26,android,871,School Spirit,Kanye West,The College Dropout,fwdbtn,fwdbtn,FALSE,TRUE
5b2FFKC64kxqcfaFnIZxoM,2024-11-01 20:45:31,android,5128,Get Em High,Kanye West,The College Dropout,fwdbtn,endplay,FALSE,TRUE
34j4OxJxKznBs88cjSL2j9,2024-11-01 20:45:40,android,8826,Never Let Me Down,Kanye West,The College Dropout,clickrow,endplay,FALSE,TRUE
5g1vtHqi9uV7xtYeCcFOBx,2024-11-01 20:45:48,android,7557,Jesus Walks,Kanye West,The College Dropout,clickrow,fwdbtn,FALSE,TRUE
6MgGapP3EPFm9kYUvYBTZR,2024-11-01 20:45:49,android,1023,I'll Fly Away,Kanye West,The College Dropout,fwdbtn,fwdbtn,FALSE,TRUE
5SkRLpaGtvYPhw02vZhQQ9,2024-11-01 20:45:51,android,2230,All Falls Down,Kanye West,The College Dropout,fwdbtn,fwdbtn,FALSE,TRUE
0IW0qaeyxL5Et4UG2MrJKB,2024-11-01 20:46:19,android,27963,We Don't Care,Kanye West,The College Dropout,fwdbtn,endplay,FALSE,TRUE
7FIWs0pqAYbP91WWM0vlTQ,2024-11-01 20:46:36,android,16714,Godzilla (feat. Juice WRLD),Eminem,Music To Be Murdered By,clickrow,endplay,FALSE,TRUE
5Tbpp3OLLClPJF8t1DmrFD,2024-11-01 20:47:04,android,27813,"Nuthin' But A ""G"" Thang",Dr. Dre,The Chronic,clickrow,endplay,FALSE,TRUE
6AI3ezQ4o3HUoP6Dhudph3,2024-11-01 20:51:38,android,274192,Not Like Us,Kendrick Lamar,Not Like Us,clickrow,trackdone,FALSE,FALSE
1sFstGV1Z3Aw5TDFCiT7vK,2024-11-01 20:52:12,android,25247,Favorite Song,Chance the Rapper,Acid Rap,trackdone,logout,FALSE,FALSE
49tqyhwvGuhjFklMq6BMBI,2024-11-02 07:39:49,android,5783,The Love You Save (May Be Your Own),Joe Tex,Greatest Hits,clickrow,logout,FALSE,FALSE
6AI3ezQ4o3HUoP6Dhudph3,2024-11-02 10:05:44,android,274192,Not Like Us,Kendrick Lamar,Not Like Us,clickrow,trackdone,FALSE,FALSE
1sFstGV1Z3Aw5TDFCiT7vK,2024-11-02 10:08:49,android,185062,Favorite Song,Chance the Rapper,Acid Rap,trackdone,trackdone,FALSE,FALSE
7nrraHMpSbyJJoN3unjjoJ,2024-11-02 10:11:20,android,149875,Interlude (That's Love),Chance the Rapper,Acid Rap,trackdone,trackdone,FALSE,FALSE
4J2s7nWDdA7i92sojYX8RJ,2024-11-02 11:34:14,android,72990,Juice,Chance the Rapper,Acid Rap (10th Anniversary - Complete Edition),trackdone,logout,FALSE,FALSE
7KXjTSCq5nL1LoYtL7XAwS,2024-11-02 18:26:19,android,177000,HUMBLE.,Kendrick Lamar,DAMN.,clickrow,trackdone,FALSE,FALSE
6IZvVAP7VPPnsGX6bvgkqg,2024-11-02 18:28:20,android,117880,PRIDE.,Kendrick Lamar,DAMN.,trackdone,logout,FALSE,FALSE
7wdzLe2Gsx1RGqbvYZHASz,2024-11-02 20:47:45,android,116517,i,Kendrick Lamar,i,clickrow,endplay,FALSE,TRUE
3KHjXNQDEZ0Hb2hzGdxcx7,2024-11-02 20:52:18,android,273640,Sherane a.k.a Master Splinter’s Daughter,Kendrick Lamar,"good kid, m.A.A.d city",clickrow,trackdone,FALSE,FALSE
0yhMmqax6HRAZxI7udEask,2024-11-02 20:57:29,android,310720,"Bitch, Don’t Kill My Vibe",Kendrick Lamar,"good kid, m.A.A.d city",trackdone,trackdone,FALSE,FALSE
0vjKXtFLt6Ti08Y3JCnRKB,2024-11-02 21:01:02,android,212653,Backseat Freestyle,Kendrick Lamar,"good kid, m.A.A.d city",trackdone,trackdone,FALSE,FALSE
4Gf6VlNy2E4VVuAkl0y2XW,2024-11-02 21:14:31,android,208226,The Art of Peer Pressure,Kendrick Lamar,"good kid, m.A.A.d city",trackdone,logout,FALSE,FALSE
4Gf6VlNy2E4VVuAkl0y2XW,2024-11-02 23:29:19,android,2306,The Art of Peer Pressure,Kendrick Lamar,"good kid, m.A.A.d city",clickrow,endplay,FALSE,TRUE
6AI3ezQ4o3HUoP6Dhudph3,2024-11-02 23:33:53,android,274192,Not Like Us,Kendrick Lamar,Not Like Us,clickrow,trackdone,FALSE,FALSE
47atuTch0AN7NvP9vp42a5,2024-11-02 23:34:22,android,28405,Ramble Tamble,Creedence Clearwater Revival,Cosmo's Factory,trackdone,fwdbtn,TRUE,TRUE
4hq2roPX353f7CNphjEcKc,2024-11-02 23:37:20,android,178773,Peace Frog,The Doors,American Animals (Original Motion Picture Soundtrack),fwdbtn,trackdone,TRUE,FALSE
5PbdVk09VHHcvGa0pX86RP,2024-11-02 23:37:43,android,21216,Flowers In Your Hair,The Lumineers,The Lumineers,trackdone,fwdbtn,TRUE,TRUE
0awvW9Pcq2skIqVOUdk5wX,2024-11-02 23:37:47,android,3632,Despite Repeated Warnings,Paul McCartney,Egypt Station,fwdbtn,fwdbtn,TRUE,TRUE
1d5kdIsY7Msv2Rqa2OJnHT,2024-11-02 23:37:50,android,3301,Queen Bitch,Seu Jorge,The Life Aquatic Exclusive Studio Sessions Featuring Seu Jorge,fwdbtn,fwdbtn,TRUE,TRUE
3R4Xk37WTagjzODMNEQLvs,2024-11-02 23:38:06,android,15630,Bullet In A Gun,Imagine Dragons,Origins,fwdbtn,fwdbtn,TRUE,TRUE
6oITpHnMfc7R7wTLGvrjWD,2024-11-02 23:38:08,android,2660,"San Quentin (Reprise) - Live at San Quentin State Prison, San Quentin, CA - February 1969",Johnny Cash,At San Quentin,fwdbtn,fwdbtn,TRUE,TRUE
2B1fuWoWaYnCXbjYp1gXg5,2024-11-02 23:38:43,android,34502,Boomerang,Imagine Dragons,Origins,fwdbtn,fwdbtn,TRUE,TRUE
1QQSTB03vIsgjU67UnUPEL,2024-11-02 23:38:54,android,10950,I Call Your Name - Remastered 2009,The Beatles,Past Masters,fwdbtn,fwdbtn,TRUE,TRUE
3cRTt4jCzcyRLe6nh6c5io,2024-11-02 23:38:56,android,2585,My Mummy's Dead - Remastered 2010,John Lennon,Plastic Ono Band,fwdbtn,fwdbtn,TRUE,TRUE
6RSVgjjYRtKg4FDyx2Lj1u,2024-11-02 23:39:00,android,3502,The Best,AWOLNATION,Angel Miners & The Lightning Riders,fwdbtn,fwdbtn,TRUE,TRUE
0vBCQeiEKRy6eJmrf5zz4H,2024-11-02 23:39:04,android,3572,"Singing Winds, Crying Beasts",Santana,Abraxas,fwdbtn,fwdbtn,TRUE,TRUE
111HOSfnPX1mCxwwb49BCY,2024-11-02 23:39:07,android,3011,Caution,The Killers,Imploding The Mirage,fwdbtn,fwdbtn,TRUE,TRUE
2ASaiQWWIhao3cniyiwItc,2024-11-02 23:39:12,android,4771,You and I,SYML,The Day My Father Died,fwdbtn,fwdbtn,TRUE,TRUE
2nLtzopw4rPReszdYBJU6h,2024-11-02 23:39:15,android,3014,Numb,Linkin Park,Meteora,fwdbtn,fwdbtn,TRUE,TRUE
5qPGi9p8VqcizfdgWxtmLt,2024-11-02 23:39:17,android,2661,Lovers in Japan,Coldplay,Viva La Vida or Death and All His Friends,fwdbtn,fwdbtn,TRUE,TRUE
4Wgj6jzoI2gYlumXdYAB8U,2024-11-02 23:39:20,android,2323,The National Anthem,Radiohead,Kid A,fwdbtn,fwdbtn,TRUE,TRUE
7Cuklz7fuYfBvSlo7PcRaL,2024-11-02 23:39:23,android,3810,The Ballad Of John And Yoko - Take 7,The Beatles,Abbey Road,fwdbtn,fwdbtn,TRUE,TRUE
4zkVFDUVmZpib8E1z4c4Sa,2024-11-02 23:39:28,android,4139,Junk - Remastered 2011,Paul McCartney,McCartney,fwdbtn,backbtn,TRUE,TRUE
7Cuklz7fuYfBvSlo7PcRaL,2024-11-02 23:39:30,android,2026,The Ballad Of John And Yoko - Take 7,The Beatles,Abbey Road,backbtn,backbtn,TRUE,TRUE
4Wgj6jzoI2gYlumXdYAB8U,2024-11-02 23:45:21,android,351693,The National Anthem,Radiohead,Kid A,backbtn,trackdone,TRUE,FALSE
7Cuklz7fuYfBvSlo7PcRaL,2024-11-02 23:45:23,android,1002,The Ballad Of John And Yoko - Take 7,The Beatles,Abbey Road,trackdone,fwdbtn,TRUE,TRUE
4zkVFDUVmZpib8E1z4c4Sa,2024-11-02 23:45:27,android,4352,Junk - Remastered 2011,Paul McCartney,McCartney,fwdbtn,fwdbtn,TRUE,TRUE
1ZYWWz6ADzrCazzGFWbOOf,2024-11-02 23:47:02,android,94280,"Madama Butterfly, Act II: Un bel dì vedremo (Butterfly)",Giacomo Puccini,Madame Butterfly,fwdbtn,fwdbtn,TRUE,TRUE
2AKOOhml62GZNFWDN7VqzT,2024-11-02 23:47:05,android,3390,Killer Queen - Remastered 2011,Queen,Sheer Heart Attack,fwdbtn,fwdbtn,TRUE,TRUE
6JnqbWl6N8g4Ikw5uZiJY4,2024-11-02 23:47:11,android,6070,No Surprise,Daughtry,Leave This Town,fwdbtn,fwdbtn,TRUE,TRUE
48K6A6FIx6HnP2qrpOGu3v,2024-11-02 23:47:18,android,6308,"Catalani: La Wally, Act 1: ""Ebben? Ne andrò lontana"" (Wally)",Alfredo Catalani,Pure - Maria Callas,fwdbtn,fwdbtn,TRUE,TRUE
2fgbsGWU2Dum08uifQHhiB,2024-11-02 23:47:24,android,6170,Furr,Blitzen Trapper,Furr,fwdbtn,fwdbtn,TRUE,TRUE
3CPID5jKTRXhTK3yHf66KX,2024-11-02 23:47:49,android,25391,Another One Bites The Dust,Queen,The Game,fwdbtn,fwdbtn,TRUE,TRUE
5qfZRNjt2TkHEL12r3sDEU,2024-11-02 23:47:52,android,2700,Everglow,Coldplay,A Head Full of Dreams,fwdbtn,fwdbtn,TRUE,TRUE
4Sfa7hdVkqlM8UW5LsSY3F,2024-11-02 23:47:55,android,2790,Take a Walk,Passion Pit,Gossamer,fwdbtn,fwdbtn,TRUE,TRUE
1ddKBAEfEhTHKuY8fTOTwQ,2024-11-02 23:47:58,android,3015,It Had To Be You - 2009 Remaster,Frank Sinatra,"Sinatra, With Love",fwdbtn,fwdbtn,TRUE,TRUE
6ie2Bw3xLj2JcGowOlcMhb,2024-11-02 23:48:01,android,2717,Green Light,Lorde,Melodrama,fwdbtn,fwdbtn,TRUE,TRUE
0x8BlHc0tPoiY8zAzsD2Wa,2024-11-02 23:48:03,android,2270,Tiramisu de Limon,Joaquín Sabina,Vinagre Y Rosas,fwdbtn,fwdbtn,TRUE,TRUE
37JISltgxizbDAyNEEqkTY,2024-11-02 23:48:06,android,3000,Planet Telex,Radiohead,The Bends,fwdbtn,fwdbtn,TRUE,TRUE
6HXnZNgsQmQ8iXUvJN4eyx,2024-11-02 23:48:09,android,3256,He's Always There,The Yardbirds,Roger the Engineer (Expanded Edition),fwdbtn,fwdbtn,TRUE,TRUE
0hKRSZhUGEhKU6aNSPBACZ,2024-11-02 23:48:17,android,7760,A Day In The Life - Remastered 2009,The Beatles,Sgt. Pepper's Lonely Hearts Club Band,fwdbtn,fwdbtn,TRUE,TRUE
6DnfupwdspmFT2PYRjFH2F,2024-11-02 23:48:20,android,2900,Stop Stop,The Black Keys,El Camino,fwdbtn,fwdbtn,TRUE,TRUE
536L9C0N7vhYdibCJx3cI2,2024-11-02 23:48:23,android,2360,The Wreck of the Edmund Fitzgerald,Gordon Lightfoot,Summertime Dream,fwdbtn,fwdbtn,TRUE,TRUE
0kImdohyHuuk2yTyfYftGq,2024-11-02 23:48:25,android,2908,Hot House of Omagarashid,The Yardbirds,Roger the Engineer (Expanded Edition),fwdbtn,fwdbtn,TRUE,TRUE
1evEO1ep4O4XDklg3baSqp,2024-11-02 23:48:29,android,3266,Age of Light,The Mud Howlers,Timeliness,fwdbtn,fwdbtn,TRUE,TRUE
4faZbPZPQAmHADVtQNsv5E,2024-11-02 23:48:35,android,6641,Hotel Yorba,The White Stripes,White Blood Cells,fwdbtn,fwdbtn,TRUE,TRUE
22OTrlQy1sXdtdo1VgDUZb,2024-11-02 23:48:39,android,3362,I Just Want To See His Face,The Rolling Stones,Exile On Main Street,fwdbtn,fwdbtn,TRUE,TRUE
3icbmPGKTsKAa0IinkizCM,2024-11-02 23:48:44,android,5050,That's How You Know (feat. Kid Ink & Bebe Rexha),Nico & Vinz,That's How You Know (feat. Kid Ink & Bebe Rexha),fwdbtn,fwdbtn,TRUE,TRUE
3FXJxGvARJVwsGDMQ1rY7w,2024-11-02 23:48:46,android,2062,A Dustland Fairytale - Live From The Royal Albert Hall / 2009,The Killers,Live From The Royal Albert Hall,fwdbtn,fwdbtn,TRUE,TRUE
0HTFDQQb7auJ2dZwXtPK5e,2024-11-02 23:48:49,android,2360,Host of a Ghost,Porter,Atemahawke,fwdbtn,fwdbtn,TRUE,TRUE
63lNvqjdrYxusz43JnORbE,2024-11-02 23:48:51,android,1925,Hold Back The River,James Bay,Chaos And The Calm,fwdbtn,fwdbtn,TRUE,TRUE
2lRY2cUGU9fmFW5z9anYdB,2024-11-02 23:48:57,android,5921,Please Leave A Light On When You Go,fun.,Beck Song Reader,fwdbtn,fwdbtn,TRUE,TRUE
7D49Iig0avHre9RFSUMkd2,2024-11-02 23:54:45,android,178465,I Lived,OneRepublic,Native,fwdbtn,fwdbtn,TRUE,TRUE
0pdp3VrR4WQaswf0GyT0Y0,2024-11-02 23:54:47,android,2683,Dangerous Animals,Arctic Monkeys,Humbug,fwdbtn,fwdbtn,TRUE,TRUE
2Vy7Ly22pMm4d5xax6gEwG,2024-11-02 23:54:53,android,5231,Smile Away - Remastered 2012,Paul McCartney,Ram,fwdbtn,fwdbtn,TRUE,TRUE
4HKXt2VLfGtDquDPm7lh5p,2024-11-02 23:54:55,android,2780,Working Man,Imagine Dragons,Night Visions,fwdbtn,fwdbtn,TRUE,TRUE
1ltf1XEP18QMCMRRQtFbAl,2024-11-02 23:54:59,android,3201,Little Room,The White Stripes,White Blood Cells,fwdbtn,fwdbtn,TRUE,TRUE
0jH7gF7KCk2Lom9gimaKms,2024-11-02 23:55:02,android,2712,Coloratura,Coldplay,Music Of The Spheres,fwdbtn,fwdbtn,TRUE,TRUE
55S2PQgSMYAhgoTCcGCDfw,2024-11-02 23:55:11,android,9164,Youngblood,5 Seconds of Summer,Youngblood,fwdbtn,fwdbtn,TRUE,TRUE
6tQvjqDIK9GXWIC6mejms8,2024-11-02 23:55:37,android,26608,Girl - Remastered 2009,The Beatles,Rubber Soul,fwdbtn,fwdbtn,TRUE,TRUE
4o74y4XY1ypNZkZtZkK8Wi,2024-11-02 23:55:40,android,2911,I’m So Sorry,Imagine Dragons,Smoke + Mirrors,fwdbtn,fwdbtn,TRUE,TRUE
5xXkyBtG1sNIhkpCIxF0Il,2024-11-02 23:55:45,android,4123,Lazy Boy,The Voidz,Virtue,fwdbtn,fwdbtn,TRUE,TRUE
1XaL1OWGibGlPqLUW9MnCX,2024-11-02 23:55:48,android,3080,Sister Morphine - 2009 Mix,The Rolling Stones,Sticky Fingers,fwdbtn,fwdbtn,TRUE,TRUE
7Ie9W94M7OjPoZVV216Xus,2024-11-02 23:55:50,android,2362,Not Afraid,Eminem,Recovery,fwdbtn,fwdbtn,TRUE,TRUE
5ekl3XnNi8NcqgUBsZcnIM,2024-11-02 23:55:53,android,2561,Acquiesce,Oasis,The Masterplan,fwdbtn,fwdbtn,TRUE,TRUE
52a6VcF23v5HB7KfDEmBHq,2024-11-02 23:55:59,android,6430,Carried Away,Passion Pit,Gossamer,fwdbtn,fwdbtn,TRUE,TRUE
0DwClY2t9YAWHBROMIgrXb,2024-11-02 23:56:03,android,3406,Ho Hey,The Lumineers,The Lumineers,fwdbtn,fwdbtn,TRUE,TRUE
0ESIjVxnDnCDaTPo6sStHm,2024-11-02 23:56:19,android,16554,Till There Was You - Remastered 2009,The Beatles,With The Beatles,fwdbtn,fwdbtn,TRUE,TRUE
0oPDrdHQwkjaT0aytZavUO,2024-11-02 23:56:22,android,3098,Nothing Without Love,Nate Ruess,Grand Romantic,fwdbtn,fwdbtn,TRUE,TRUE
2rhFaau65TFMv4mACtE9it,2024-11-02 23:56:25,android,2980,Scenes from an Italian Restaurant,Billy Joel,The Stranger,fwdbtn,fwdbtn,TRUE,TRUE
1Ag8YqvKOcwapkaRJG66p8,2024-11-03 00:00:50,android,265466,Mother's Daughter,Santana,Abraxas,fwdbtn,trackdone,TRUE,FALSE
0wQCKR9OFjYu5Kzrk7WivJ,2024-11-03 00:01:47,android,37793,Corazón partío,Alejandro Sanz,Más,trackdone,endplay,TRUE,TRUE
0wQCKR9OFjYu5Kzrk7WivJ,2024-11-03 01:29:33,android,10275,Corazón partío,Alejandro Sanz,Más,appload,fwdbtn,TRUE,TRUE
0wQCKR9OFjYu5Kzrk7WivJ,2024-11-03 01:29:38,android,5573,Corazón partío,Alejandro Sanz,Más,fwdbtn,fwdbtn,TRUE,TRUE
47atuTch0AN7NvP9vp42a5,2024-11-03 01:29:45,android,6302,Ramble Tamble,Creedence Clearwater Revival,Cosmo's Factory,fwdbtn,fwdbtn,TRUE,TRUE
5PbdVk09VHHcvGa0pX86RP,2024-11-03 01:29:49,android,4023,Flowers In Your Hair,The Lumineers,The Lumineers,fwdbtn,fwdbtn,TRUE,TRUE
0awvW9Pcq2skIqVOUdk5wX,2024-11-03 01:29:57,android,8341,Despite Repeated Warnings,Paul McCartney,Egypt Station,fwdbtn,fwdbtn,TRUE,TRUE
1d5kdIsY7Msv2Rqa2OJnHT,2024-11-03 01:30:00,android,2872,Queen Bitch,Seu Jorge,The Life Aquatic Exclusive Studio Sessions Featuring Seu Jorge,fwdbtn,fwdbtn,TRUE,TRUE
3R4Xk37WTagjzODMNEQLvs,2024-11-03 01:30:25,android,24610,Bullet In A Gun,Imagine Dragons,Origins,fwdbtn,endplay,TRUE,TRUE
5W7BcYDIaeXnpG3e39T7hJ,2024-11-03 01:35:11,android,286699,How To Love,Lil Wayne,Tha Carter IV,clickrow,endplay,TRUE,TRUE
1z667LebVh3DtYNrVJEao0,2024-11-03 01:40:37,android,304626,All the Above (feat. T-Pain),Maino,If Tomorrow Comes...,trackdone,fwdbtn,FALSE,TRUE
4EWCNWgDS8707fNSZ1oaA5,2024-11-03 02:53:40,android,196860,Heartless,Kanye West,808s & Heartbreak,fwdbtn,logout,FALSE,FALSE
1QoyuMHNBe7lg3YW4Qtll4,2024-11-03 15:23:32,android,197019,St. Chroma (feat. Daniel Caesar),"Tyler, The Creator",CHROMAKOPIA,clickrow,trackdone,FALSE,FALSE
5RePVWy39tLpHH0WwXgBsK,2024-11-03 15:26:18,android,165412,Rah Tah Tah,"Tyler, The Creator",CHROMAKOPIA,trackdone,trackdone,FALSE,FALSE
1YdtGoSYDvVQKoUqSDXX41,2024-11-03 16:03:06,android,279767,Noid,"Tyler, The Creator",CHROMAKOPIA,trackdone,logout,FALSE,FALSE
1YdtGoSYDvVQKoUqSDXX41,2024-11-03 19:24:53,android,4616,Noid,"Tyler, The Creator",CHROMAKOPIA,clickrow,trackdone,FALSE,FALSE
0VaeksJaXy5R1nvcTMh3Xk,2024-11-03 19:24:59,android,5265,"Darling, I (feat. Teezo Touchdown)","Tyler, The Creator",CHROMAKOPIA,trackdone,endplay,FALSE,TRUE
5W7BcYDIaeXnpG3e39T7hJ,2024-11-03 19:28:59,android,240306,How To Love,Lil Wayne,Tha Carter IV,clickrow,trackdone,TRUE,FALSE
1b7LMtXCXGc2EwOIplI35z,2024-11-03 19:30:28,android,87868,Stuck In The Middle With You,Stealers Wheel,Reservoir Dogs,trackdone,fwdbtn,TRUE,TRUE
5lT6QdEC0h3kmR9FkojwbP,2024-11-03 19:30:31,android,2525,"Starkville City Jail - Live at San Quentin State Prison, San Quentin, CA - February 1969",Johnny Cash,At San Quentin,fwdbtn,fwdbtn,TRUE,TRUE
2U8g9wVcUu9wsg6i7sFSv8,2024-11-03 19:30:34,android,2740,Every Teardrop Is a Waterfall,Coldplay,Mylo Xyloto,fwdbtn,fwdbtn,TRUE,TRUE
7pD9hy7ThJthIwFUrrhYPh,2024-11-03 19:30:47,android,13377,Cigarette Burns Forever,Adam Green,Minor Love,fwdbtn,fwdbtn,TRUE,TRUE
7phlxankXZJoo62Wk6HIbs,2024-11-03 19:30:54,android,6982,What Do You Want,The Yardbirds,Roger the Engineer (Expanded Edition),fwdbtn,fwdbtn,TRUE,TRUE
5xf0zdP4KCfshyVn02D3Ea,2024-11-03 19:31:46,android,51640,Kansas City / Hey-Hey-Hey-Hey - Medley / Remastered 2009,The Beatles,Beatles For Sale,fwdbtn,fwdbtn,TRUE,TRUE
4SalVML4kHX3Kjlbq24EgZ,2024-11-03 19:32:17,android,31040,La Profecía,Guillem Roma,La Profecía,fwdbtn,fwdbtn,TRUE,TRUE
5ChkMS8OtdzJeqyybCc9R5,2024-11-03 19:37:10,android,293826,Billie Jean,Michael Jackson,Thriller 25 Super Deluxe Edition,fwdbtn,trackdone,TRUE,FALSE
1ZYWWz6ADzrCazzGFWbOOf,2024-11-03 19:37:14,android,3136,"Madama Butterfly, Act II: Un bel dì vedremo (Butterfly)",Giacomo Puccini,Madame Butterfly,trackdone,fwdbtn,TRUE,TRUE
28heol5hhOGj6KYbJrRteJ,2024-11-03 19:37:18,android,3132,I Don’t Know Why,Imagine Dragons,Evolve,fwdbtn,fwdbtn,TRUE,TRUE
04Jdmzb6gfuSZxGfAFc2NH,2024-11-03 19:37:21,android,3518,It Comes Back To You,Imagine Dragons,Smoke + Mirrors,fwdbtn,fwdbtn,TRUE,TRUE
68hYdj3GepWm2R202KhJT7,2024-11-03 19:37:24,android,3084,1901,Phoenix,Wolfgang Amadeus Phoenix,fwdbtn,fwdbtn,TRUE,TRUE
4eUwprTmYFNR9SkbRiWV7x,2024-11-03 19:37:28,android,3290,Sad Song,Lou Reed,Berlin,fwdbtn,fwdbtn,TRUE,TRUE
4ED8LCbaRC0opEDKBLoQk8,2024-11-03 19:37:39,android,11317,Tú Y Yo Somos Uno Mismo,Timbiriche,Imprescindibles,fwdbtn,fwdbtn,TRUE,TRUE
6os5B6xjuke9YfBKH3tu1e,2024-11-03 19:37:50,android,10213,Highway 61 Revisited,Bob Dylan,Highway 61 Revisited,fwdbtn,fwdbtn,TRUE,TRUE
4vcDnnuHUmombz20IRkzRO,2024-11-03 19:52:29,android,228560,Me and Paul,Willie Nelson,Yesterday's Wine,fwdbtn,trackdone,TRUE,FALSE
3PVw25ktxI9o7RHt54G2cj,2024-11-03 19:53:52,android,67640,I Will Remember,Train,Bulletproof Picasso,trackdone,endplay,TRUE,TRUE
3PVw25ktxI9o7RHt54G2cj,2024-11-04 20:25:51,android,12563,I Will Remember,Train,Bulletproof Picasso,clickrow,endplay,TRUE,TRUE
49tqyhwvGuhjFklMq6BMBI,2024-11-05 05:11:14,android,10400,The Love You Save (May Be Your Own),Joe Tex,Greatest Hits,playbtn,logout,FALSE,FALSE
49tqyhwvGuhjFklMq6BMBI,2024-11-06 21:21:51,android,14217,The Love You Save (May Be Your Own),Joe Tex,Greatest Hits,clickrow,endplay,FALSE,TRUE
2KSwmLHkgjZCE49YFkgspo,2024-11-06 21:25:18,android,207613,Baby It's You,Smith,A Group Called Smith,clickrow,trackdone,TRUE,FALSE
7wSVa5dSpjM62zrF0WsMVQ,2024-11-06 21:28:08,android,157173,Turd On The Run,The Rolling Stones,Exile On Main Street,trackdone,trackdone,TRUE,FALSE
1HgFg4pCJO1tX1uh5NMALx,2024-11-06 22:13:05,android,46713,Temporary Like Achilles,Bob Dylan,Blonde On Blonde,trackdone,logout,TRUE,FALSE
1HgFg4pCJO1tX1uh5NMALx,2024-11-06 22:59:02,android,253611,Temporary Like Achilles,Bob Dylan,Blonde On Blonde,appload,trackdone,TRUE,FALSE
00oZhqZIQfL9P5CjOP6JsO,2024-11-06 23:02:02,android,179546,Tomorrow Never Knows - Remastered 2009,The Beatles,Revolver,trackdone,trackdone,TRUE,FALSE
6Brmhk7BOshEQpEq8Fi9WB,2024-11-06 23:05:29,android,206466,Scarecrow,Alex & Sierra,It's About Us,trackdone,trackdone,TRUE,FALSE
31u6rUeIEXGrYVoh10U7eu,2024-11-06 23:19:46,android,114759,Leave It In My Dreams,The Voidz,Virtue,trackdone,logout,TRUE,FALSE
31u6rUeIEXGrYVoh10U7eu,2024-11-07 06:22:06,android,124701,Leave It In My Dreams,The Voidz,Virtue,appload,trackdone,TRUE,FALSE
6QaBuSmU5NpdW2jcL27aB6,2024-11-07 06:25:58,android,231574,Domingo en la Mañana,Lucah,Voy a Ti,trackdone,trackdone,TRUE,FALSE
5LSss5LIF1zQKKZJ29ZYbS,2024-11-07 06:28:38,android,158613,That Would Be Something - Remastered 2011,Paul McCartney,McCartney,trackdone,trackdone,TRUE,FALSE
0GRBFjza23Im7Xb16c9AaK,2024-11-07 06:29:33,android,54045,No Quarter - Remaster,Led Zeppelin,Houses of the Holy,trackdone,fwdbtn,TRUE,TRUE
7cDxjUnMitNKQC5c8RQUko,2024-11-07 06:34:52,android,319773,Black Magic Woman / Gypsy Queen,Santana,Abraxas,fwdbtn,trackdone,TRUE,FALSE
27Nb6r8d0aiHVJyZDB9cNS,2024-11-07 06:34:54,android,1083,El Demonio en Casa,Ricardo Arjona,5to Piso,trackdone,fwdbtn,TRUE,TRUE
2qkmPUG7ARsRwhVICQVwQS,2024-11-07 06:40:06,android,231973,Mercy,Muse,Drones,fwdbtn,trackdone,TRUE,FALSE
4orHVYvdG5v4G4bmp2Lwdg,2024-11-07 06:43:37,android,210373,Sight of the Sun - Single Version,fun.,Sight of the Sun,trackdone,trackdone,TRUE,FALSE
0SuG9kyzGRpDqrCWtgD6Lq,2024-11-07 06:48:25,android,260038,Give Me Love,Ed Sheeran,+,trackdone,endplay,TRUE,TRUE
4xaPCPyMiFDiw7SoksTBKo,2024-11-07 17:49:02,android,358533,"The Road Goes Ever On..., Pt. 1",Howard Shore,The Lord of the Rings: The Fellowship of the Ring - the Complete Recordings,clickrow,trackdone,FALSE,FALSE
2WFlUh3vI3duc27xe7miox,2024-11-07 17:52:44,android,221226,"The Road Goes Ever On..., Pt. 2 / ""In Dreams"" (feat. Edward Ross)",Howard Shore,The Lord of the Rings: The Fellowship of the Ring - the Complete Recordings,trackdone,trackdone,FALSE,FALSE
0FQLQfuCKSlcVSOPscqCJ6,2024-11-07 18:02:58,android,614266,"The Return of the King (feat. Sir James Galway, Viggo Mortensen and Renee Fleming)",Howard Shore,The Lord of the Rings: The Return of the King,trackdone,trackdone,FALSE,FALSE
1lIcdDpGlc2mO2LYA0f5KM,2024-11-07 18:15:17,android,738080,"The Fellowship Reunited (feat. Sir James Galway, Viggo Mortensen and Renée Fleming)",Howard Shore,The Lord of the Rings - The Return of the King - The Complete Recordings,trackdone,trackdone,FALSE,FALSE
6caCfb9Hg5NlUfXg9nRSnm,2024-11-07 18:22:51,android,454520,The Journey to the Grey Havens (feat. Sir James Galway),Howard Shore,The Lord of the Rings - The Return of the King - The Complete Recordings,trackdone,trackdone,FALSE,FALSE
2O8AQadTJzQ3wdhSNRHdYg,2024-11-07 18:26:42,android,229440,The King of the Golden Hall,Howard Shore,The Lord of the Rings: The Two Towers (Original Motion Picture Soundtrack),trackdone,trackdone,FALSE,FALSE
0TpzAepHab0NofzyqV6As8,2024-11-07 18:30:28,android,226000,Samwise the Brave,Howard Shore,The Lord of the Rings: The Two Towers (Original Motion Picture Soundtrack),trackdone,trackdone,FALSE,FALSE
1c2MrGer9xRKm3tqZeivXr,2024-11-07 18:34:12,android,223120,"Once Upon a Time in the West (From ""Once Upon a Time in the West"") - Titles",Ennio Morricone,Love Themes,trackdone,trackdone,FALSE,FALSE
3qwREmAbFtUFXryKFCxKvl,2024-11-07 18:37:43,android,210813,All I Ask of You,Richard Clayderman,Songs of Love,trackdone,trackdone,FALSE,FALSE
69QlacVkOfx1du1DEDyO83,2024-11-07 18:41:14,android,210295,"Rocky Prelude (From ""Rocky"") [Piano Solo]",Juggernoud1,"Rocky Prelude (From ""Rocky"") [Piano Solo]",trackdone,trackdone,FALSE,FALSE
7FZeb3WUrCInAITFu9ZLJ8,2024-11-07 18:45:07,android,232965,"Por una Cabeza (From ""Parfum de femme"")",Gerardo Matos Rodríguez,"A Time for Us (Silence, on joue!)",trackdone,trackdone,FALSE,FALSE
42KZ8Ico4auwb8jSijJtI1,2024-11-07 18:50:50,android,341866,Claudia's Theme - Version Eight,Lennie Niehaus,Unforgiven,trackdone,trackdone,FALSE,FALSE
4xx3UI7cLCk1awQPAPLeHj,2024-11-07 18:53:49,android,178666,Nuovo Cinema Paradiso,Ennio Morricone,Nuovo Cinema Paradiso (Original Motion Picture Soundtrack),trackdone,trackdone,FALSE,FALSE
5UnuaZofqTYKCsYbSnfHzB,2024-11-07 18:56:06,android,136560,First Youth,Ennio Morricone,Cinema Paradiso (Original Motion Picture Soundtrack),trackdone,trackdone,FALSE,FALSE
6DkKSBcnGBBULwomYMczHg,2024-11-07 19:00:15,android,249026,Tema D'Amore Per Nata,Ennio Morricone,Nuovo Cinema Paradiso (Original Motion Picture Soundtrack),trackdone,trackdone,FALSE,FALSE
1UIF5my20zENjZdAESc9u1,2024-11-07 19:01:37,android,81026,Totò e Alfredo - Version 2,Ennio Morricone,Nuovo Cinema Paradiso (Original Motion Picture Soundtrack),trackdone,trackdone,FALSE,FALSE
6FGVd5yS155IEvtD1TFONX,2024-11-07 19:03:29,android,111400,Per Elena,Ennio Morricone,Nuovo Cinema Paradiso (Original Motion Picture Soundtrack),trackdone,trackdone,FALSE,FALSE
1m4ZjbibTvvmYIJyXAIuxv,2024-11-07 19:07:15,android,225666,Fawkes the Phoenix,John Williams,Harry Potter and The Chamber of Secrets/ Original Motion Picture Soundtrack,trackdone,trackdone,FALSE,FALSE
5yh0phgrkE0qQeWJs3x3hf,2024-11-07 19:10:34,android,199133,Fawkes Is Reborn,John Williams,Harry Potter and The Chamber of Secrets/ Original Motion Picture Soundtrack,trackdone,trackdone,FALSE,FALSE
0rpSIjKSmZ2SFO6vmLJpXl,2024-11-07 19:15:43,android,308200,Reunion of Friends,John Williams,Harry Potter and The Chamber of Secrets/ Original Motion Picture Soundtrack,trackdone,trackdone,FALSE,FALSE
775OxWq9wfVzmVDS0n3zff,2024-11-07 19:18:08,android,144200,Statues,Alexandre Desplat,"Harry Potter and the Deathly Hallows, Pt. 2 (Original Motion Picture Soundtrack)",trackdone,trackdone,FALSE,FALSE
4H3KBBAe2Fcgv9lH6E10Oe,2024-11-07 19:21:03,android,174440,Harry in Winter,Patrick Doyle,Harry Potter And The Goblet Of Fire (Original Motion Picture Soundtrack),trackdone,trackdone,FALSE,FALSE
2UVPNfmTx2C27Py3z5r9RC,2024-11-07 19:23:22,android,138840,Potter Waltz,Patrick Doyle,Harry Potter And The Goblet Of Fire (Original Motion Picture Soundtrack),trackdone,trackdone,FALSE,FALSE
38aLVNQCL1nWPLhQgVuj1V,2024-11-07 19:26:06,android,163520,Hogwarts' March,Patrick Doyle,Harry Potter And The Goblet Of Fire (Original Motion Picture Soundtrack),trackdone,trackdone,FALSE,FALSE
2ecYJyAHF43oBSQ5Crcrel,2024-11-07 19:29:02,android,176306,Hogwarts' Hymn,Patrick Doyle,Harry Potter And The Goblet Of Fire (Original Motion Picture Soundtrack),trackdone,trackdone,FALSE,FALSE
2GY8VKvfP3ZtKSk1byDYb1,2024-11-07 19:31:43,android,160253,Dumbledore's Army,Nicholas Hooper,Harry Potter And The Order Of The Phoenix (Original Motion Picture Soundtrack),trackdone,trackdone,FALSE,FALSE
4lg0h4AJhPMxbO3VMpbUqS,2024-11-07 19:37:05,android,321066,Harry's Wondrous World - Extended Version,John Williams,Harry Potter and The Sorcerer's Stone Original Motion Picture Soundtrack,trackdone,trackdone,FALSE,FALSE
6pbAfIcd0IQXTE3a3LHURA,2024-11-07 19:39:53,android,167400,The Norwegian Ridgeback and a Change of Season,John Williams,Harry Potter and The Sorcerer's Stone Original Motion Picture Soundtrack,trackdone,trackdone,FALSE,FALSE
15yScQGLH5QOuXm9XbhnPb,2024-11-07 19:42:07,android,133573,Leaving Hogwarts,John Williams,Harry Potter and The Sorcerer's Stone Original Motion Picture Soundtrack,trackdone,trackdone,FALSE,FALSE
1Vk4yRsz0iBzDiZEoFMQyv,2024-11-07 19:43:46,android,98040,Mia & Sebastian’s Theme,Justin Hurwitz,La La Land,trackdone,trackdone,FALSE,FALSE
2bonbKENtFAQQh8U4UEAu5,2024-11-07 19:45:13,android,87213,Engagement Party,Justin Hurwitz,La La Land,trackdone,trackdone,FALSE,FALSE
762K1h8yVV5IgAVuEMpqfZ,2024-11-07 19:52:53,android,459466,Epilogue,Justin Hurwitz,La La Land,trackdone,trackdone,FALSE,FALSE
644es5aYPJghtZLjM1rmSP,2024-11-07 19:55:49,android,175040,Concerning Hobbits,Howard Shore,The Lord of the Rings: The Fellowship of the Ring (Original Motion Picture Soundtrack),trackdone,trackdone,FALSE,FALSE
6IQY3GEMC2B3mchMvi4NZj,2024-11-07 19:57:52,android,123000,The Ring Goes South,Howard Shore,The Lord of the Rings: The Fellowship of the Ring (Original Motion Picture Soundtrack),trackdone,trackdone,FALSE,FALSE
1ykbtFnlIjmIFnZ8j6wg6i,2024-11-07 20:23:05,android,12012,"The Breaking of the Fellowship (feat. ""In Dreams"")",Howard Shore,The Lord of the Rings: The Fellowship of the Ring (Original Motion Picture Soundtrack),trackdone,logout,FALSE,FALSE
1ykbtFnlIjmIFnZ8j6wg6i,2024-11-08 01:52:18,android,30167,"The Breaking of the Fellowship (feat. ""In Dreams"")",Howard Shore,The Lord of the Rings: The Fellowship of the Ring (Original Motion Picture Soundtrack),appload,endplay,FALSE,TRUE
6HDxUR4nMVM69Vz9q1oHIk,2024-11-08 01:56:09,android,225160,A Dustland Fairytale,The Killers,Day & Age,playbtn,trackdone,TRUE,FALSE
5d6ZRqgbz26Sg4bk1oifQw,2024-11-08 01:56:10,android,0,Blue Suede Shoes,Carl Perkins,The Dance Album,trackdone,fwdbtn,TRUE,TRUE
5m1PiAtjdEXXKmqxGoyrnD,2024-11-08 01:56:15,android,5192,Cast No Shadow - Acoustic,Liam Gallagher,Acoustic Sessions,fwdbtn,fwdbtn,TRUE,TRUE
6WLcfx5k7piKZWUm1SwFco,2024-11-08 01:56:17,android,1909,Long Haired Lady - Remastered 2012,Paul McCartney,Ram,fwdbtn,fwdbtn,TRUE,TRUE
4MhXtGRDLde1lGwmaETipl,2024-11-08 01:56:20,android,3423,The Wall,Johnny Cash,Orange Blossom Special,fwdbtn,fwdbtn,TRUE,TRUE
2ISOWWoNh0lVz2XH6lXmrt,2024-11-08 01:56:22,android,1746,I Me Mine - Naked Version / Remastered 2013,The Beatles,Let It Be... Naked,fwdbtn,fwdbtn,TRUE,TRUE
21rBVSwu6bc1zwSd6J8Xo4,2024-11-08 01:56:25,android,3095,Be Still,Liam Gallagher,Why Me? Why Not.,fwdbtn,fwdbtn,TRUE,TRUE
6aeOSY6fPsvGTzyXi65pNY,2024-11-08 01:56:27,android,1838,Leopard-Skin Pill-Box Hat,Bob Dylan,Blonde On Blonde,fwdbtn,fwdbtn,TRUE,TRUE
0JSSvxGMpEBnsDbs9BlM6R,2024-11-08 01:56:30,android,2923,Picasso’s Last Words (Drink to Me) - 2010 Remaster,Paul McCartney,Band On The Run,fwdbtn,fwdbtn,TRUE,TRUE
14duGIk3TzgV1Canl8vEmz,2024-11-08 01:56:33,android,2720,Free,Bleeker,Erase You,fwdbtn,fwdbtn,TRUE,TRUE
5tvUEs7zWbe9rPXQUGE6Cg,2024-11-08 02:00:00,android,207293,Hail Rain or Sunshine,The Script,No Sound Without Silence,fwdbtn,trackdone,TRUE,FALSE
4zQLZPcTl8hJC5pJtooT3h,2024-11-08 02:02:31,android,150720,Trying to Get to You,Elvis Presley,Elvis Presley,trackdone,trackdone,TRUE,FALSE
5ykU1R2EkDFfccEDqKOvvf,2024-11-08 02:05:45,android,193440,You're My Home,Billy Joel,Piano Man,trackdone,trackdone,TRUE,FALSE
1aOxOpH4AkGAd8OMrKjyNY,2024-11-08 02:10:21,android,275666,Why Are Sundays So Depressing,The Strokes,The New Abnormal,trackdone,trackdone,TRUE,FALSE
4p3RAb1HkCRugbC8LGSP2K,2024-11-08 03:01:33,android,226827,Adam's Apple,Aerosmith,Toys In The Attic,trackdone,logout,TRUE,FALSE
4p3RAb1HkCRugbC8LGSP2K,2024-11-08 04:41:36,android,47902,Adam's Apple,Aerosmith,Toys In The Attic,appload,trackdone,TRUE,FALSE
6sHHbTcr4zXpp2VbhYR9TB,2024-11-08 04:44:52,android,194746,Young And Wild,Zac Brown Band,JEKYLL + HYDE,trackdone,trackdone,TRUE,FALSE
0O2SYh5AZ0y8MAPOVC4Mxz,2024-11-08 04:49:56,android,303270,Ball and Biscuit,The White Stripes,Elephant,trackdone,fwdbtn,TRUE,TRUE
11VwZwNF29HrqwalYUMitb,2024-11-08 04:55:35,android,339533,Pale Blue Eyes,The Velvet Underground,The Velvet Underground,fwdbtn,trackdone,TRUE,FALSE
2iLZUYfWFuSwPxOXdLHiwo,2024-11-08 04:59:49,android,253200,Colombina - Remastered,Jaime Roos,Estamos Rodeados,trackdone,trackdone,TRUE,FALSE
6io3AIZkXoaBcMZxcvtcth,2024-11-08 05:03:37,android,227920,All The Reaching Trims,Daniel Romano,Finally Free,trackdone,trackdone,TRUE,FALSE
7bA0d6jzxTTWIBE8o7n41k,2024-11-08 18:11:40,android,212400,Eres Tú,Mocedades,Coleccion Original: Mocedades,trackdone,trackdone,TRUE,FALSE
1Vk4yRsz0iBzDiZEoFMQyv,2024-11-08 18:13:18,android,98040,Mia & Sebastian’s Theme,Justin Hurwitz,La La Land,trackdone,trackdone,TRUE,FALSE
5Fd3EvrK2b8AAoEGD7XJdf,2024-11-08 18:17:36,android,256800,El del Espejo,Ricardo Arjona,5to Piso,trackdone,trackdone,TRUE,FALSE
5V8Ma6MQwoBf7Z7Lq2w26s,2024-11-08 18:20:47,android,191093,Get Back - Remastered 2009,The Beatles,Past Masters,trackdone,trackdone,TRUE,FALSE
2eKBLX1uF9PgvJ6qqGwmRZ,2024-11-08 18:24:30,android,222600,Un Velero Llamado Libertad,José Luis Perales,Tiempo de otoño,trackdone,trackdone,TRUE,FALSE
379hxtlY5LvbPQa5LL6dPo,2024-11-08 18:24:35,android,3307,The Inner Light - Remastered 2009,The Beatles,Past Masters,trackdone,fwdbtn,TRUE,TRUE
2VRJIIzbhhOGaxAhwCMfZX,2024-11-08 18:29:31,android,241320,In One Ear,Cage The Elephant,Cage The Elephant (Expanded Edition),fwdbtn,trackdone,TRUE,FALSE
6otiaV2fagE3s8IvP6WkwG,2024-11-08 18:32:50,android,198333,I'm Just a Kid,Simple Plan,"No Pads, No Helmets...Just Balls",trackdone,trackdone,TRUE,FALSE
5tztLBvTlNC15Np2tnQ5Ll,2024-11-08 18:33:20,android,28740,All I've Got To Do - Remastered 2009,The Beatles,With The Beatles,trackdone,fwdbtn,TRUE,TRUE
64yrDBpcdwEdNY9loyEGbX,2024-11-08 18:40:25,android,321093,21 Guns,Green Day,21st Century Breakdown,fwdbtn,trackdone,TRUE,FALSE
06KakoES48DwEoAiUIdjmg,2024-11-08 18:40:53,android,26884,I Promise,Radiohead,OK Computer OKNOTOK 1997 2017,trackdone,fwdbtn,TRUE,TRUE
1hZk9dktp4yRFTm0TrycuH,2024-11-08 18:40:54,android,1233,If I Lose Myself - Alesso vs OneRepublic,OneRepublic,Native,fwdbtn,fwdbtn,TRUE,TRUE
25nzKGDiua1lE9Qo5V19GL,2024-11-08 18:41:33,android,38569,Young Blood,The Naked And Famous,"Passive Me, Aggressive You",fwdbtn,endplay,TRUE,TRUE
4prCxGTYQMu3vOaHvojYZr,2024-11-08 18:46:45,android,313106,Takeover,JAY-Z,The Blueprint,clickrow,trackdone,FALSE,FALSE
0Gx4VrHzS7pZOEAGrmXXBH,2024-11-08 18:50:35,android,229509,La Bicicleta,Carlos Vives,VIVES,trackdone,trackdone,TRUE,FALSE
71XTdtW3bvmIrotG8yYVMS,2024-11-08 18:50:40,android,3023,"Honey, Just Allow Me One More Chance",Bob Dylan,The Freewheelin' Bob Dylan,trackdone,fwdbtn,TRUE,TRUE
5p3JunprHCxClJjOmcLV8G,2024-11-08 18:50:42,android,2432,Walk On the Wild Side,Lou Reed,Transformer,fwdbtn,fwdbtn,TRUE,TRUE
2a4iE4k1IkIswThuJ3ROsw,2024-11-08 18:50:44,android,1899,Not In That Way,Sam Smith,In The Lonely Hour,fwdbtn,fwdbtn,TRUE,TRUE
59gSh5ihFRsCyB4gpwDjcC,2024-11-08 18:56:46,android,307453,I Want You,Kings of Leon,Only By The Night,fwdbtn,trackdone,TRUE,FALSE
0sNKiz82ATCvT3f3XVVUUj,2024-11-08 18:59:39,android,172466,Why Don't You Get A Job,The Offspring,Americana,trackdone,trackdone,TRUE,FALSE
3Jnxngdff0lVu2rza1GVx6,2024-11-08 19:07:31,android,167720,Paranoid - 2009 Remaster,Black Sabbath,Paranoid,trackdone,trackdone,TRUE,FALSE
5V4cTdJIfdxoy4k5Ib2tKa,2024-11-08 19:07:41,android,9375,Someday,Scott Bradlee's Postmodern Jukebox,Top Hat On Fleek,trackdone,fwdbtn,TRUE,TRUE
4T2qnyKCo9UISjERbIeJQg,2024-11-08 19:10:34,android,173356,Life Support,Sam Smith,In The Lonely Hour,fwdbtn,trackdone,TRUE,FALSE
32fDz5sQmtuqukL5sYi4Yk,2024-11-08 19:11:56,android,80709,Best That I Can,Vance Joy,Dream Your Life Away,trackdone,fwdbtn,TRUE,TRUE
3gCYle76USfbHa7VDTDg5V,2024-11-08 19:11:58,android,1598,The Kiss Of Venus (Dominic Fike),Paul McCartney,The Kiss Of Venus (Dominic Fike),fwdbtn,fwdbtn,TRUE,TRUE
3w3y8KPTfNeOKPiqUTakBh,2024-11-08 19:12:09,android,10830,Locked out of Heaven,Bruno Mars,Unorthodox Jukebox,fwdbtn,fwdbtn,TRUE,TRUE
7sMcFdVYcwucGVtoV7r9lZ,2024-11-08 19:12:12,android,3697,Casual Party,Band of Horses,Why Are You OK,fwdbtn,fwdbtn,TRUE,TRUE
1RywwImkBFUEVcRTBmw7vL,2024-11-08 19:12:15,android,2095,The Age of Worry,John Mayer,Born and Raised,fwdbtn,fwdbtn,TRUE,TRUE
6xdLJrVj4vIXwhuG8TMopk,2024-11-08 19:18:43,android,163373,Crazy Little Thing Called Love - Remastered 2011,Queen,The Game,fwdbtn,trackdone,TRUE,FALSE
05Ez6KwjICkscWQVTsT3f5,2024-11-08 19:35:02,android,241346,I Will Be Found (Lost At Sea),John Mayer,Paradise Valley,trackdone,trackdone,TRUE,FALSE
0JBvtprXP2Z0LP3jmzA7Xp,2024-11-08 19:38:45,android,181306,"Baby, You're A Rich Man - Remastered 2009",The Beatles,Magical Mystery Tour,trackdone,trackdone,TRUE,FALSE
0O8Ymlu03OqEX5XU5p8Rw3,2024-11-08 19:51:07,android,238905,In the Backseat,Arcade Fire,Funeral,trackdone,fwdbtn,TRUE,TRUE
5VErNsWF69eD0HiBt2vWcH,2024-11-08 19:51:10,android,3223,Nineteen Hundred And Eighty Five - 2010 Remaster,Paul McCartney,Band On The Run,fwdbtn,fwdbtn,TRUE,TRUE
3CbAW3GjkBKfErt4LLbSzr,2024-11-08 19:56:35,android,325626,Stop Whispering,Radiohead,Pablo Honey,fwdbtn,trackdone,TRUE,FALSE
3DQVgcqaP3iSMbaKsd57l5,2024-11-08 19:59:29,android,173680,I Bet You Look Good On The Dancefloor,Arctic Monkeys,"Whatever People Say I Am, That's What I'm Not",trackdone,trackdone,TRUE,FALSE
7C6hdDIz90Uf5YmdZnYbJJ,2024-11-08 20:01:52,android,142266,If I Needed Someone - Remastered 2009,The Beatles,Rubber Soul,trackdone,trackdone,TRUE,FALSE
35YyxFpE0ZTOoqFx5bADW8,2024-11-08 20:02:44,android,50266,Nude,Radiohead,In Rainbows,trackdone,fwdbtn,TRUE,TRUE
2bzgKuK3pVez40qUvo8sYr,2024-11-08 20:07:09,android,265678,Heartache Tonight - 2013 Remaster,Eagles,The Long Run,fwdbtn,trackdone,TRUE,FALSE
69QFcT6d5s682XOUtyiliA,2024-11-08 20:07:30,android,19628,Incomplete,James Bay,Chaos And The Calm,trackdone,fwdbtn,TRUE,TRUE
5XRHGXut00SrJUFmcn2lQF,2024-11-08 20:11:27,android,238000,All The Right Moves,OneRepublic,Waking Up,fwdbtn,trackdone,TRUE,FALSE
5QWGBEzcO7viNSQOiRegK5,2024-11-08 20:13:53,android,145336,Jeff's Boogie,The Yardbirds,Roger the Engineer (Expanded Edition),trackdone,trackdone,TRUE,FALSE
4ODWgs1CVAZKDbryEodjiz,2024-11-08 20:13:59,android,4607,"Theme From New York, New York",Frank Sinatra,Ultimate Sinatra,trackdone,fwdbtn,TRUE,TRUE
5Ukzlujip1Slqka5OY82YS,2024-11-08 20:14:01,android,2826,U.N.I.,Ed Sheeran,+,fwdbtn,fwdbtn,TRUE,TRUE
7xRemq7GLu0Tbqe9OckG87,2024-11-08 20:17:07,android,186213,The Man in Me,Bob Dylan,New Morning,fwdbtn,trackdone,TRUE,FALSE
4Hhv2vrOTy89HFRcjU3QOx,2024-11-08 20:20:07,android,179693,At Last,Etta James,At Last!,trackdone,trackdone,TRUE,FALSE
00kMf9MR2OKGpBovO2wYdG,2024-11-08 20:22:24,android,135463,Five Years,Seu Jorge,The Life Aquatic Exclusive Studio Sessions Featuring Seu Jorge,trackdone,fwdbtn,TRUE,TRUE
6OEHjJJvdkk1Ln0p0AZdyz,2024-11-08 20:25:59,android,215229,Girls Like You,Maroon 5,Red Pill Blues,fwdbtn,trackdone,TRUE,FALSE
1PXsUXSM3LF2XNSkmIldPb,2024-11-08 20:30:10,android,251266,Little Black Submarines,The Black Keys,El Camino,trackerror,trackdone,TRUE,FALSE
5sml5GrLj7g9WIpC2R3Tgk,2024-11-08 20:30:25,android,13192,Replaced,American Authors,What We Live For,trackdone,fwdbtn,TRUE,TRUE
4pXyK9GW7fuT645U0DLYYF,2024-11-08 20:33:32,android,188313,"Alone, Together",The Strokes,Is This It,fwdbtn,trackdone,TRUE,FALSE
1NYTj6JEw3IOh4ggiBh82h,2024-11-08 20:40:36,android,423666,Stuck Inside of Mobile with the Memphis Blues Again,Bob Dylan,Blonde On Blonde,trackdone,trackdone,TRUE,FALSE
15JINEqzVMv3SvJTAXAKED,2024-11-08 20:46:13,android,263373,Love The Way You Lie,Eminem,Recovery,trackdone,trackdone,TRUE,FALSE
7zMUCLm1TN9o9JlLISztxO,2024-11-08 20:49:03,android,170293,Burning Love,Elvis Presley,Elvis (Fool),trackdone,trackdone,TRUE,FALSE
13nQ70PnhDnTkYqCmdg3sy,2024-11-08 20:49:11,android,6457,I Can't,Radiohead,Pablo Honey,trackdone,fwdbtn,TRUE,TRUE
21s2FWRApO7LxvhunUoPNm,2024-11-08 20:49:13,android,1613,My Mind,Skegss,My Own Mess,fwdbtn,fwdbtn,TRUE,TRUE
536L9C0N7vhYdibCJx3cI2,2024-11-08 20:55:41,android,389280,The Wreck of the Edmund Fitzgerald,Gordon Lightfoot,Summertime Dream,fwdbtn,trackdone,TRUE,FALSE
6zW80jVqLtgSF1yCtGHiiD,2024-11-08 20:56:25,android,42530,The Shire,Howard Shore,The Lord of the Rings: The Fellowship of the Ring - the Complete Recordings,trackdone,fwdbtn,TRUE,TRUE
1p50TN8eyDm3mJHZVgcTxm,2024-11-08 20:56:27,android,2112,Au Revoir,OneRepublic,Native,fwdbtn,fwdbtn,TRUE,TRUE
2TfSHkHiFO4gRztVIkggkE,2024-11-08 21:00:16,android,229093,"Sugar, We're Goin Down",Fall Out Boy,From Under The Cork Tree,fwdbtn,trackdone,TRUE,FALSE
755bvJDSA3LNcNuFgBT9LK,2024-11-08 21:06:11,android,354213,Iron Man - 2009 Remaster,Black Sabbath,Paranoid,trackdone,trackdone,TRUE,FALSE
0jWgAnTrNZmOGmqgvHhZEm,2024-11-08 21:11:06,android,295533,What's Up?,4 Non Blondes,"Bigger, Better, Faster, More !",trackdone,trackdone,TRUE,FALSE
4dnwtykvirYJPQOL0OgL6B,2024-11-08 21:14:19,android,192306,Badge And Gun,John Mayer,Paradise Valley,trackdone,trackdone,TRUE,FALSE
39AqQWRaP77mkS1MZfm2Nv,2024-11-08 21:18:11,android,230787,Closer - Presets Remix,Kings of Leon,Come Around Sundown (Expanded Edition),trackdone,fwdbtn,TRUE,TRUE
0K6yUnIKNsFtfIpTgGtcHm,2024-11-08 21:22:30,android,259840,Limelight,Rush,Moving Pictures,fwdbtn,trackdone,TRUE,FALSE
6Vecwo7AHst9V2CE3kmwr0,2024-11-08 21:22:35,android,3476,No Such Thing,John Mayer,Room For Squares,trackdone,fwdbtn,TRUE,TRUE
38aLVNQCL1nWPLhQgVuj1V,2024-11-08 21:22:37,android,1574,Hogwarts' March,Patrick Doyle,Harry Potter And The Goblet Of Fire (Original Motion Picture Soundtrack),fwdbtn,fwdbtn,TRUE,TRUE
71KfMB0IF32Xuucdlza8RE,2024-11-08 21:22:39,android,1569,A Long Way from Home (2020 Stereo Remaster),The Kinks,"Lola Versus Powerman and the Moneygoround, Pt. 1",fwdbtn,fwdbtn,TRUE,TRUE
12BF5YE6PMOnebPCLW5AiI,2024-11-08 21:22:40,android,1336,Blue Moon of Kentucky,Elvis Presley,MEMPHIS,fwdbtn,fwdbtn,TRUE,TRUE
4SalVML4kHX3Kjlbq24EgZ,2024-11-08 21:22:41,android,1340,La Profecía,Guillem Roma,La Profecía,fwdbtn,fwdbtn,TRUE,TRUE
4TDLfAmx45EpSiQYG6hCzT,2024-11-08 21:26:10,android,209266,Dirty Blvd.,Lou Reed,New York,fwdbtn,trackdone,TRUE,FALSE
0IxtJOcnoS2DPmBfV2HDfW,2024-11-08 21:27:43,android,91329,Moby Dick - Remaster,Led Zeppelin,Led Zeppelin II,trackdone,fwdbtn,TRUE,TRUE
0joO6IeobvKP3cDz8xZfWe,2024-11-08 21:27:44,android,1261,Smoke And Mirrors,Imagine Dragons,Smoke + Mirrors,fwdbtn,fwdbtn,TRUE,TRUE
41gpbNDcsSh4r8YgVMbQqh,2024-11-08 21:27:45,android,1339,Asilo (feat. Mon Laferte),Jorge Drexler,Salvavidas de hielo,fwdbtn,fwdbtn,TRUE,TRUE
03QZPaiw1N94aAFDv7k5Em,2024-11-08 21:33:08,android,322946,Rock 'n' Roll Star - Remastered,Oasis,Definitely Maybe,fwdbtn,trackdone,TRUE,FALSE
3S2R0EVwBSAVMd5UMgKTL0,2024-11-08 21:39:05,android,357266,Thriller,Michael Jackson,Thriller 25 Super Deluxe Edition,trackdone,trackdone,TRUE,FALSE
66S14BkJDxgkYxLl5DCqOz,2024-11-08 21:42:45,android,219466,I'm Gonna Be (500 Miles),The Proclaimers,Finest,trackdone,trackdone,TRUE,FALSE
5NAiPIEzxAexFE3ucV18Q8,2024-11-08 21:46:28,android,222146,Run For Cover,The Killers,Wonderful Wonderful,trackdone,trackdone,TRUE,FALSE
1VrIr1toXX6bOSdotodB71,2024-11-08 21:51:12,android,283493,Without You - Remastered 2010,Badfinger,No Dice,trackdone,trackdone,TRUE,FALSE
2jvuMDqBK04WvCYYz5qjvG,2024-11-08 22:08:18,android,1025280,Dogs,Pink Floyd,Animals,trackdone,trackdone,TRUE,FALSE
0M6KY0x5u65ybXHZ3IAega,2024-11-08 22:11:10,android,171320,Qué Vida la Mía,Reik,Reik,trackdone,trackdone,TRUE,FALSE
4LLBKnNCrSRrSjSTuiwjE9,2024-11-08 22:11:15,android,3908,You Won't See Me - Remastered 2009,The Beatles,Rubber Soul,trackdone,fwdbtn,TRUE,TRUE
7fRCD4vVNpCy91Y3zxNMUl,2024-11-08 22:14:34,android,199626,Stop Making This Hurt,Bleachers,Take the Sadness Out of Saturday Night,fwdbtn,trackdone,TRUE,FALSE
1EAgPzRbK9YmdOESSMUm6P,2024-11-08 22:18:05,android,210173,Home,Phillip Phillips,The World From The Side Of The Moon,trackdone,trackdone,TRUE,FALSE
6UCFZ9ZOFRxK8oak7MdPZu,2024-11-08 22:18:31,android,25986,Her Majesty - Remastered 2009,The Beatles,Abbey Road,trackdone,trackdone,TRUE,FALSE
4gj5Wv7rAJYhBrGPu01mxD,2024-11-08 22:18:32,android,0,The Ballad Of Lucy Jordan,Marianne Faithfull,Broken English,trackdone,fwdbtn,TRUE,TRUE
4uhJps8XVlPZbdI5ZArAUO,2024-11-08 22:18:34,android,2176,You Gotta Move - 2009 Mix,The Rolling Stones,Sticky Fingers,fwdbtn,fwdbtn,TRUE,TRUE
0nOF9ewQlwzVU0qKPR2DTq,2024-11-08 22:18:36,android,1926,Live Forever - Remastered,Oasis,Definitely Maybe,fwdbtn,fwdbtn,TRUE,TRUE
1EYzr2S8PJmqUsRMkX3cSP,2024-11-08 22:18:38,android,1284,I Found Out - Remastered 2010,John Lennon,Plastic Ono Band,fwdbtn,backbtn,TRUE,TRUE
0nOF9ewQlwzVU0qKPR2DTq,2024-11-08 22:23:14,android,276666,Live Forever - Remastered,Oasis,Definitely Maybe,backbtn,trackdone,TRUE,FALSE
1EYzr2S8PJmqUsRMkX3cSP,2024-11-08 22:23:19,android,4029,I Found Out - Remastered 2010,John Lennon,Plastic Ono Band,trackdone,fwdbtn,TRUE,TRUE
4kx0y4fd5vXuKstek2ELAg,2024-11-08 22:23:21,android,2528,Human - Live From The Royal Albert Hall / 2009,The Killers,Live From The Royal Albert Hall,fwdbtn,fwdbtn,TRUE,TRUE
3YllcvA3PW1DUwjckCVjIw,2024-11-08 22:23:23,android,1830,I Was Born To Love You,Ray LaMontagne,MONOVISION,fwdbtn,fwdbtn,TRUE,TRUE
1c57SWN0OSsLZGsSNtnE7o,2024-11-08 22:23:25,android,1307,Stars - Live,Philip Quast,Les Misérables (10th Anniversary Concert Live at Royal Albert Hall),fwdbtn,fwdbtn,TRUE,TRUE
2wuxCm6QikYr215FwRMF1I,2024-11-08 22:29:08,android,344013,"100,000 People",Kings of Leon,When You See Yourself,fwdbtn,trackdone,TRUE,FALSE
4KANJH1baadr3U7XsVbM17,2024-11-08 22:33:10,android,241266,Something I Need,OneRepublic,Native,trackdone,trackdone,TRUE,FALSE
19tHmIQsRnebkyK09m2UXE,2024-11-08 22:34:35,android,84280,Pigs on the Wing 1,Pink Floyd,Animals,trackdone,trackdone,TRUE,FALSE
5jEQXSaKfnCiLlzaFl1FZP,2024-11-08 22:34:38,android,2003,Broken Clocks,Keuning,Prismism,trackdone,fwdbtn,TRUE,TRUE
78Gzxi27GuNHTfkn2BylG4,2024-11-08 22:34:40,android,1722,What Ever Happened?,The Strokes,Room On Fire,fwdbtn,fwdbtn,TRUE,TRUE
2CxTkdvhDuQrOxl8xXkdJS,2024-11-08 22:34:41,android,1454,Every Little Thing - Remastered 2009,The Beatles,Beatles For Sale,fwdbtn,fwdbtn,TRUE,TRUE
6GXxOycOvD7pp0F4ee6X5R,2024-11-08 22:38:04,android,203533,45,Bleachers,Take the Sadness Out of Saturday Night,fwdbtn,trackdone,TRUE,FALSE
22OLKsm2UUUmLiB7L5P8dO,2024-11-08 22:38:11,android,5340,Down in the Valley,The Head And The Heart,The Head And The Heart,trackdone,fwdbtn,TRUE,TRUE
7yED4n2U8RR5LKZVmisiev,2024-11-08 22:38:12,android,1178,The Way You Look Tonight,Tony Bennett,"Rarities, Outtakes & Other Delights, Vol. 2",fwdbtn,fwdbtn,TRUE,TRUE
1EsgUWQsxGBwnu3NATDjiU,2024-11-08 22:41:38,android,207679,The Modern Age,The Strokes,Is This It,fwdbtn,trackdone,TRUE,FALSE
0c2DAekH6ZEnHhf8dM1leK,2024-11-08 22:41:44,android,3807,Queen Jane Approximately,Bob Dylan,Highway 61 Revisited,trackdone,fwdbtn,TRUE,TRUE
4D7BCuvgdJlYvlX5WlN54t,2024-11-08 22:41:46,android,1622,"You're On Your Own, Kid",Taylor Swift,Midnights,fwdbtn,fwdbtn,TRUE,TRUE
76RAlQcfuQknnQFruYDj6Q,2024-11-08 22:41:47,android,1718,Bones,Radiohead,The Bends,fwdbtn,fwdbtn,TRUE,TRUE
6V3Sd5FVnf83LLA6VMP15F,2024-11-08 22:41:49,android,1695,"Good Love Is On the Way - Live at the Nokia Theatre, Los Angeles, CA - December 2007",John Mayer,Where the Light Is: John Mayer Live In Los Angeles,fwdbtn,fwdbtn,TRUE,TRUE
701DK0It9f7iurRnzKvF0y,2024-11-08 22:41:51,android,1677,Helpless,John Mayer,The Search for Everything,fwdbtn,fwdbtn,TRUE,TRUE
6otiaV2fagE3s8IvP6WkwG,2024-11-08 22:45:08,android,198333,I'm Just a Kid,Simple Plan,"No Pads, No Helmets...Just Balls",fwdbtn,trackdone,TRUE,FALSE
1RKUoGiLEbcXN4GY4spQDx,2024-11-08 22:50:50,android,340920,Clint Eastwood,Gorillaz,Gorillaz,trackdone,trackdone,TRUE,FALSE
5nw6Uk1a2NkmTqfalBvMia,2024-11-08 22:55:39,android,288626,Dice la gente,Kiko Veneno,Dice la gente,trackdone,trackdone,TRUE,FALSE
0dlNwpfDzFIKdtuJSnHbzK,2024-11-08 22:58:43,android,183453,My Heroes Have Always Been Cowboys,Willie Nelson,The Essential Willie Nelson,trackdone,trackdone,TRUE,FALSE
1CREYYq1k6c2JTo2WeFF4o,2024-11-08 22:58:49,android,4436,Keep On Wanting,The Fray,Helios,trackdone,fwdbtn,TRUE,TRUE
2NXn1qtyQLXTPVGsZHQ0nW,2024-11-08 22:58:51,android,2053,Rock N' Roll Suicide,Seu Jorge,The Life Aquatic Exclusive Studio Sessions Featuring Seu Jorge,fwdbtn,fwdbtn,TRUE,TRUE
1xLs8Mu1QEVbGCpyHQ2r2U,2024-11-08 22:58:52,android,1277,Why,Dominic Fike,What Could Possibly Go Wrong,fwdbtn,fwdbtn,TRUE,TRUE
4ErQ9so16QNxy0srB7vJE7,2024-11-08 22:58:53,android,1098,Gianni Schicchi: O mio babbino caro,Giacomo Puccini,Opera Chill & Relax,fwdbtn,fwdbtn,TRUE,TRUE
71ytDkCnYc11VRiRCrhDHX,2024-11-08 22:58:55,android,1207,Only Ones Who Know,Arctic Monkeys,Favourite Worst Nightmare,fwdbtn,fwdbtn,TRUE,TRUE
2rCB5HK3jZMabjE1YpYXb2,2024-11-08 23:02:08,android,193853,Pecan Tree,The Mud Howlers,Timeliness,fwdbtn,trackdone,TRUE,FALSE
4yBxXm4dDL00YGdO5G9ubK,2024-11-08 23:04:49,android,160501,Sit Around And Miss You,The Black Keys,"""Let's Rock""",trackdone,trackdone,TRUE,FALSE
3gdewACMIVMEWVbyb8O9sY,2024-11-08 23:09:31,android,281613,"Rocket Man (I Think It's Going To Be A Long, Long Time)",Elton John,Honky Chateau,trackdone,trackdone,TRUE,FALSE
7sVKPV1W2UZ0rR77GeAimi,2024-11-08 23:15:27,android,355866,Stand by Me - Remastered,Oasis,Be Here Now,trackdone,trackdone,TRUE,FALSE
01SfTM5nfCou5gQL70r6gs,2024-11-08 23:17:00,android,91760,Golden Slumbers - Remastered 2009,The Beatles,Abbey Road,trackdone,trackdone,TRUE,FALSE
3KiexfmhxHvG5IgAElmTkd,2024-11-08 23:19:54,android,173946,I Saw Her Standing There - Remastered 2009,The Beatles,Please Please Me,trackdone,trackdone,TRUE,FALSE
2FO2Z7K49PcfQVs6Mghrqp,2024-11-08 23:27:09,android,388835,Riviera Paradise,Stevie Ray Vaughan,The Essential Stevie Ray Vaughan And Double Trouble,trackdone,fwdbtn,TRUE,TRUE
3d8HHp62VSr68R51OurJiR,2024-11-08 23:27:10,android,1105,Over You,Daughtry,Daughtry,fwdbtn,fwdbtn,TRUE,TRUE
4NUt1fcnO9aQAELBgXq3Kr,2024-11-08 23:27:12,android,1193,Me Dediqué a Perderte,Alejandro Fernández,A Corazón Abierto,fwdbtn,backbtn,TRUE,TRUE
3d8HHp62VSr68R51OurJiR,2024-11-08 23:30:36,android,204853,Over You,Daughtry,Daughtry,backbtn,trackdone,TRUE,FALSE
4NUt1fcnO9aQAELBgXq3Kr,2024-11-08 23:34:28,android,231773,Me Dediqué a Perderte,Alejandro Fernández,A Corazón Abierto,trackdone,trackdone,TRUE,FALSE
0bkW98npv8EsWQ2fXFzK56,2024-11-08 23:39:12,android,283466,From Eden,Hozier,Hozier,trackdone,trackdone,TRUE,FALSE
0lE2q3brrqkQNApUl3Jk8b,2024-11-08 23:39:18,android,4575,Winter Winds,Mumford & Sons,Sigh No More,trackdone,fwdbtn,TRUE,TRUE
40qXGg5nRbcWzcFb26KWkQ,2024-11-08 23:39:20,android,2113,Misery - Remastered 2009,The Beatles,Please Please Me,fwdbtn,fwdbtn,TRUE,TRUE
3JIqogHHQIQW1uJ5Yivb88,2024-11-08 23:45:06,android,346164,Otherside (feat. Fences) [Ryan Lewis Remix],Macklemore & Ryan Lewis,VS. Redux,fwdbtn,trackdone,TRUE,FALSE
6NJQpFNkDCMaRBogIi9sOI,2024-11-08 23:45:39,android,31877,Bellbottoms,The Jon Spencer Blues Explosion,Orange,trackdone,fwdbtn,TRUE,TRUE
0dEPlb8waIqRtKpLb3l6So,2024-11-08 23:49:40,android,242537,Fotografía,Juanes,Un Día Normal,fwdbtn,trackdone,TRUE,FALSE
0yJi7eb2SosK5CsSnnqc5o,2024-11-08 23:49:59,android,17612,Foreigner's God,Hozier,Hozier,trackdone,fwdbtn,TRUE,TRUE
5tvUEs7zWbe9rPXQUGE6Cg,2024-11-08 23:50:08,android,8298,Hail Rain or Sunshine,The Script,No Sound Without Silence,fwdbtn,fwdbtn,TRUE,TRUE
6DiFE5a3ApjWhMGhMmKO9r,2024-11-08 23:50:22,android,13770,You're Gloating,Carlos Rafael Rivera,The Queen's Gambit (Music from the Netflix Limited Series),fwdbtn,fwdbtn,TRUE,TRUE
0rzDX4x0oSI2Gs3mPEvoIl,2024-11-08 23:50:26,android,3838,"Il Trovatore / Act 3: ""Di quella pira""",Giuseppe Verdi,Joseph Calleja - Verdi,fwdbtn,fwdbtn,TRUE,TRUE
12yHvSYFXI7PGzNecUvIDu,2024-11-08 23:55:20,android,295466,Saturday Night’s Alright (For Fighting) - Remastered 2014,Elton John,Goodbye Yellow Brick Road,fwdbtn,trackdone,TRUE,FALSE
34OzAaQeAWlFnZBSyUAtRh,2024-11-08 23:59:45,android,264266,Loving Cup,The Rolling Stones,Exile On Main Street,trackdone,trackdone,TRUE,FALSE
6Vcwr9tb3ZLO63F8DL8cqu,2024-11-09 00:29:41,android,201015,Tangled up in Blue,Bob Dylan,Blood On The Tracks,trackdone,logout,TRUE,FALSE
6Nd4WPRscBW9wGi2l7K1Ot,2024-11-09 22:04:46,android,250973,Bright Lights,The Killers,Bright Lights,clickrow,trackdone,TRUE,FALSE
54ZMu7omgz5h9xNbkGkAFG,2024-11-09 22:07:34,android,168080,Superdeli,Caloncho,Tofu,trackdone,trackdone,TRUE,FALSE
4bw8mcDUSRWfQo63ZTYRnU,2024-11-09 22:18:08,android,30706,Según Quién,Maluma,Don Juan,trackdone,logout,TRUE,FALSE
4bw8mcDUSRWfQo63ZTYRnU,2024-11-09 22:43:59,android,111672,Según Quién,Maluma,Don Juan,appload,trackdone,TRUE,FALSE
7gr9lJ5mVX0PfrApeAyT76,2024-11-09 22:47:10,android,190980,Antes Que al Mío,Los Ángeles Azules,Esto Sí Es Cumbia,trackdone,trackdone,TRUE,FALSE
0qRR9d89hIS0MHRkQ0ejxX,2024-11-09 22:49:34,android,142786,Rich Girl,Daryl Hall & John Oates,Bigger Than Both Of Us,trackdone,trackdone,TRUE,FALSE
6WCeFNVAXUtNczb7lqLiZU,2024-11-09 22:53:29,android,235440,Crocodile Rock,Elton John,Don't Shoot Me I'm Only The Piano Player,trackdone,trackdone,TRUE,FALSE
3B4q6KbHbGV51HO3GznBFF,2024-11-09 22:56:21,android,170906,What I Got,Sublime,Sublime,trackdone,trackdone,TRUE,FALSE
3Qw0WuniULBdYjXe2jsqCy,2024-11-09 22:59:40,android,198480,boy,The Killers,boy,trackdone,trackdone,TRUE,FALSE
0o1itZURoZ70rgXiLijzB0,2024-11-09 23:02:58,android,197760,Jambalaya (On The Bayou),John Fogerty,The Blue Ridge Rangers,trackdone,trackdone,TRUE,FALSE
5BY0p2EH4EznNZ0MFD9mjt,2024-11-09 23:06:11,android,192613,Me Enamora,Juanes,La Vida Es Un Ratico,trackdone,trackdone,TRUE,FALSE
7GmiJVBAzWNikX5VkNQg85,2024-11-09 23:08:54,android,160143,Hawaiian Roller Coaster Ride,Mark Keali'i Ho'omalu,Lilo & Stitch,trackdone,logout,TRUE,FALSE
7GmiJVBAzWNikX5VkNQg85,2024-11-10 19:11:50,android,48108,Hawaiian Roller Coaster Ride,Mark Keali'i Ho'omalu,Lilo & Stitch,appload,trackdone,TRUE,FALSE
3S2ypj6FSu07jVKFSTAUjm,2024-11-10 19:15:46,android,224266,Se Me Olvidó Otra Vez - Unplugged; 2020 Remasterizado,Maná,MTV Unplugged,trackdone,trackdone,TRUE,FALSE
34DIwlo2i3s5Piug6nHzK9,2024-11-10 19:19:34,android,227680,Postdata,Joaquín Sabina,Lo Niego Todo,trackdone,trackdone,TRUE,FALSE
7dVQkdJ8VJp6I40eRH7V9o,2024-11-10 19:22:59,android,138424,Get It On,T. Rex,Get It On: The Collection,trackdone,endplay,TRUE,TRUE
7dVQkdJ8VJp6I40eRH7V9o,2024-11-10 19:26:12,android,50149,Get It On,T. Rex,Get It On: The Collection,remote,endplay,TRUE,TRUE
38v9pKVik1eEJhpSuh97oc,2024-11-10 19:29:50,android,218840,Sovereign Light Café,Keane,Strangeland,clickrow,trackdone,FALSE,FALSE
05ajrG3EAcIe3j7NuqRV9B,2024-11-10 19:32:52,android,181266,Alright (2015 Remaster),Supergrass,I Should Coco (20th Anniversary Collector's Edition),trackdone,trackdone,FALSE,FALSE
4bEb3KE4mSKlTFjtWJQBqO,2024-11-10 19:36:06,android,193346,Don't Stop - 2004 Remaster,Fleetwood Mac,Rumours,trackdone,trackdone,FALSE,FALSE
2hwOoMtWPtTSSn6WHV7Vp5,2024-11-10 19:39:36,android,209440,Blue World,Mac Miller,Circles,trackdone,trackdone,FALSE,FALSE
0bBvuLFzIjrHm9PPyvohIA,2024-11-10 19:43:06,android,209786,Mi Mayor Anhelo,Banda MS de Sergio Lizárraga,Mi Mayor Anhelo,trackdone,trackdone,FALSE,FALSE
4Yps42QJDbtsgBRQguNH2p,2024-11-10 19:46:45,android,218400,Stay High,Childish Gambino,Stay High,trackdone,trackdone,FALSE,FALSE
1ek5GzoAX8EsM75zHB2grh,2024-11-10 19:49:38,android,172945,Follow You - Summer ’21 Version,Imagine Dragons,Follow You,trackdone,trackdone,FALSE,FALSE
714hERk9U1W8FMYkoC83CO,2024-11-10 19:53:44,android,244920,You Sexy Thing,Hot Chocolate,Hot Chocolate,trackdone,trackdone,FALSE,FALSE
7npDMYrWBinJmMTq4Hjlc3,2024-11-10 19:53:55,android,10060,On The Road,Keane,Strangeland,trackdone,endplay,FALSE,TRUE
6ls6Wxw0iivqDIQmlFeG6F,2024-11-10 19:53:57,android,1677,Who Am I,Vance Joy,Dream Your Life Away,playbtn,fwdbtn,TRUE,TRUE
19q0WSVYv3qjCKD9eUEXL6,2024-11-10 19:53:59,android,1937,Collide,James Bay,Chaos And The Calm,fwdbtn,fwdbtn,TRUE,TRUE
0HEKDQsIItk1i2NKVgNroy,2024-11-10 19:54:02,android,3067,It's Not Over,Daughtry,Daughtry,fwdbtn,fwdbtn,TRUE,TRUE
04Jdmzb6gfuSZxGfAFc2NH,2024-11-10 19:54:05,android,2531,It Comes Back To You,Imagine Dragons,Smoke + Mirrors,fwdbtn,fwdbtn,TRUE,TRUE
5MZBOcqI3Vpvp2PZy6ddyD,2024-11-10 19:54:07,android,2001,The Way It Is,The Strokes,Room On Fire,fwdbtn,fwdbtn,TRUE,TRUE
1Ipr3KqyGfPGO4sd3BDuiT,2024-11-10 19:54:09,android,1820,El Amor,Ricardo Arjona,Independiente,fwdbtn,fwdbtn,TRUE,TRUE
4RdJFhfLQcezwN5LsXl4qP,2024-11-10 19:54:10,android,1443,Love You To - Remastered 2009,The Beatles,Revolver,fwdbtn,fwdbtn,TRUE,TRUE
3nOXPCnRX87iLuIpU82Um1,2024-11-10 19:55:58,android,57355,Fear and Trembling,Gang of Youths,Go Farther In Lightness,fwdbtn,fwdbtn,TRUE,TRUE
6lFZbCc7pn6Lme1NP7qQqQ,2024-11-10 19:55:59,android,1561,You Can't Always Get What You Want,The Rolling Stones,Let It Bleed,fwdbtn,fwdbtn,TRUE,TRUE
65T1aY3I9qfNUDVAnaM9bq,2024-11-10 19:59:58,android,239881,Sedona,Houndmouth,Little Neon Limelight,fwdbtn,trackdone,TRUE,FALSE
4lV4rSToJeG9gqpvkpgnkz,2024-11-10 20:04:12,android,252480,Tommy Chong,Blue Scholars,Cinemetropolis,trackdone,trackdone,TRUE,FALSE
1obisQNOcikRvTdStbW3pG,2024-11-10 20:04:16,android,2722,Go Big Or Go Home,American Authors,What We Live For,trackdone,fwdbtn,TRUE,TRUE
2E64SWjM9rQmAshItmdbcw,2024-11-10 20:06:45,android,150200,Communication Breakdown - Remaster,Led Zeppelin,Led Zeppelin,fwdbtn,trackdone,TRUE,FALSE
1sdal9qXdnK5bNl578FlpM,2024-11-10 20:06:56,android,10066,Get Back in Line (2020 Stereo Remaster),The Kinks,"Lola Versus Powerman and the Moneygoround, Pt. 1",trackdone,fwdbtn,TRUE,TRUE
2VNuEsFUWpcIsGVkFu5ddt,2024-11-10 20:07:01,android,4579,Hopeless Wanderer,Mumford & Sons,Babel,fwdbtn,fwdbtn,TRUE,TRUE
5FPnjikbwlDMULCCCa6ZCJ,2024-11-10 20:07:03,android,1803,Daughters,John Mayer,Heavier Things,fwdbtn,fwdbtn,TRUE,TRUE
64GMkUhGX3gp18F1tajKXg,2024-11-10 20:11:07,android,244946,Sleepwalker - Abridged,The Killers,Pressure Machine,fwdbtn,trackdone,TRUE,FALSE
6FGVd5yS155IEvtD1TFONX,2024-11-10 20:11:18,android,9414,Per Elena,Ennio Morricone,Nuovo Cinema Paradiso (Original Motion Picture Soundtrack),trackdone,fwdbtn,TRUE,TRUE
0ntQJM78wzOLVeCUAW7Y45,2024-11-10 20:14:41,android,203346,Sex on Fire,Kings of Leon,Only By The Night,fwdbtn,trackdone,TRUE,FALSE
1fSdAkbofT03q7ddO2jdss,2024-11-10 20:18:13,android,211578,Supersonic Rocket Ship,The Kinks,Everybody's in Show-Biz,trackdone,trackdone,TRUE,FALSE
40e9kU9Wd4vbedqSA7Io4n,2024-11-10 20:24:01,android,180840,Notion,Kings of Leon,Only By The Night,trackdone,trackdone,TRUE,FALSE
2sjmitOYix0e0FXAR5Cvvc,2024-11-10 20:24:06,android,4345,The Staunton Lick,Lemon Jelly,LemonJelly.ky,trackdone,fwdbtn,TRUE,TRUE
3n63ZaEPnDt1zlsWnPIohb,2024-11-10 20:24:10,android,3841,Bésame morenita,Pedro Infante,60 Rancheras Inmortales,fwdbtn,fwdbtn,TRUE,TRUE
7hMhO4oenpVkVaM5bNkEbz,2024-11-10 20:27:24,android,194680,When the Ship Comes In,Bob Dylan,The Times They Are A-Changin',fwdbtn,trackdone,TRUE,FALSE
4AFtVxzEh3i1U0CV2IYOGJ,2024-11-10 20:28:16,android,50621,Mila Song,Lacashora,Dow Cabin,trackdone,fwdbtn,TRUE,TRUE
7F02x6EKYIQV3VcTaTm7oN,2024-11-10 20:32:54,android,278440,Hey You,Pink Floyd,The Wall,fwdbtn,trackdone,TRUE,FALSE
74z9AsqO74WCnX3BlvbGAL,2024-11-10 20:33:06,android,11122,Obviously Five Believers,Bob Dylan,Blonde On Blonde,trackdone,fwdbtn,TRUE,TRUE
6C6y4OWK1Ki3FVF1TIonxW,2024-11-10 20:33:09,android,2746,What You're Doing - Remastered 2009,The Beatles,Beatles For Sale,fwdbtn,fwdbtn,TRUE,TRUE
2tvoIQqGv1vnJAA1fM8cEk,2024-11-10 20:33:11,android,1672,The Bed,Lou Reed,Berlin,fwdbtn,fwdbtn,TRUE,TRUE
3QDahKSqLwYJYQRbILdzS6,2024-11-10 20:33:13,android,2343,Kid A,Radiohead,Kid A,fwdbtn,fwdbtn,TRUE,TRUE
52KT9rZ08EwZM80YJIbxFq,2024-11-10 20:36:57,android,224381,Sinister Kid,The Black Keys,Brothers,fwdbtn,trackdone,TRUE,FALSE
4IoYz8XqqdowINzfRrFnhi,2024-11-10 20:36:58,android,218,You Found Me,The Fray,The Fray,trackdone,fwdbtn,TRUE,TRUE
3i25w2HOWoafnTIiWJCL71,2024-11-10 20:37:01,android,2590,Fool in the Rain - Remaster,Led Zeppelin,In Through the out Door,fwdbtn,fwdbtn,TRUE,TRUE
2CxTkdvhDuQrOxl8xXkdJS,2024-11-10 20:37:03,android,1741,Every Little Thing - Remastered 2009,The Beatles,Beatles For Sale,fwdbtn,fwdbtn,TRUE,TRUE
09e3onHcCEizlM8IW0t5ff,2024-11-10 20:37:04,android,1263,The Great Eye,Howard Shore,The Lord of the Rings: The Fellowship of the Ring - the Complete Recordings,fwdbtn,fwdbtn,TRUE,TRUE
6pgaDhAVcTbvURjdZFBSPk,2024-11-10 20:40:34,android,211493,No Tengo Dinero,Juanes,Origen,fwdbtn,trackdone,TRUE,FALSE
0gWvVB4bGvADocoPMEDy3K,2024-11-10 20:40:45,android,9380,The Crystal Ship,The Doors,The Doors,trackdone,fwdbtn,TRUE,TRUE
0u6JFVn0KHHlidZxNL9gVE,2024-11-10 20:44:35,android,230480,La Grange (2005 Remaster),ZZ Top,Tres Hombres,fwdbtn,trackdone,TRUE,FALSE
5BDqX0YK9TpLotRBvcR8MN,2024-11-10 20:44:39,android,2394,I Wonder Why,Kacy & Clayton,Plastic Bouquet,trackdone,fwdbtn,TRUE,TRUE
1evEO1ep4O4XDklg3baSqp,2024-11-10 20:44:40,android,1491,Age of Light,The Mud Howlers,Timeliness,fwdbtn,fwdbtn,TRUE,TRUE
6Hmj7SrLRbreLVfVS7mV1S,2024-11-10 20:50:15,android,335333,Wake Up,Arcade Fire,Funeral,fwdbtn,trackdone,TRUE,FALSE
7N2PNxzZXxCdAHiAfsklhT,2024-11-10 20:53:56,android,220146,"Check Yes, Juliet",We The Kings,We The Kings,trackdone,trackdone,TRUE,FALSE
6UpqYTSz30LQREVtYeVQLR,2024-11-10 20:56:54,android,177493,Burn the Damn Thing Down,The Black Keys,Dropout Boogie,trackdone,trackdone,TRUE,FALSE
0UOguLYTbPVXplQwFBpaDH,2024-11-10 20:57:02,android,7597,Sweet Hitch-Hiker,Creedence Clearwater Revival,Mardi Gras,trackdone,fwdbtn,TRUE,TRUE
1Tu5fpEjGl78R4mA6pQ7Tk,2024-11-10 20:57:05,android,2260,I Don't Care (with Justin Bieber),Ed Sheeran,No.6 Collaborations Project,fwdbtn,fwdbtn,TRUE,TRUE
489qGxxMxFWIFgtNYFzlAz,2024-11-10 21:01:07,android,242960,Land Of The Free,The Killers,Land Of The Free,fwdbtn,trackdone,TRUE,FALSE
6wnmRxEbwUK7WLyUtiRuT7,2024-11-10 21:01:09,android,708,Fitter Happier,Radiohead,OK Computer,trackdone,fwdbtn,TRUE,TRUE
6i81qFkru6Kj1IEsB7KNp2,2024-11-10 21:04:44,android,215853,Just Breathe,Pearl Jam,Backspacer,fwdbtn,trackdone,TRUE,FALSE
1cqlBqJC2FL38DYTXgvQIW,2024-11-10 21:04:49,android,3061,Anoche Soñé Contigo,Kevin Johansen,Logo,trackdone,fwdbtn,TRUE,TRUE
61etvQSDceCm7XRgK4HZgb,2024-11-10 21:04:51,android,1949,The Nazz Are Blue,The Yardbirds,Roger the Engineer (Expanded Edition),fwdbtn,fwdbtn,TRUE,TRUE
4o74y4XY1ypNZkZtZkK8Wi,2024-11-10 21:04:53,android,1939,I’m So Sorry,Imagine Dragons,Smoke + Mirrors,fwdbtn,fwdbtn,TRUE,TRUE
63lNvqjdrYxusz43JnORbE,2024-11-10 21:04:54,android,1386,Hold Back The River,James Bay,Chaos And The Calm,fwdbtn,fwdbtn,TRUE,TRUE
5atlAt28h9xM5wxPspr5MU,2024-11-10 21:08:19,android,205706,Whole Wide World - Unpeeled,Cage The Elephant,Unpeeled,fwdbtn,trackdone,TRUE,FALSE
2lRY2cUGU9fmFW5z9anYdB,2024-11-10 21:11:02,android,162626,Please Leave A Light On When You Go,fun.,Beck Song Reader,trackdone,trackdone,TRUE,FALSE
1sbkNZZh1Mcw4dSA5AB8jQ,2024-11-10 21:15:10,android,247293,Life in Technicolor ii,Coldplay,Life in Technicolor ii,trackdone,trackdone,TRUE,FALSE
2zYzyRzz6pRmhPzyfMEC8s,2024-11-10 21:18:39,android,208400,Highway to Hell,AC/DC,Highway to Hell,trackdone,trackdone,TRUE,FALSE
5ewQvWOpYJ60zpy9Ap8aK0,2024-11-10 21:18:44,android,3738,The Gardener,The Tallest Man On Earth,Shallow Grave,trackdone,fwdbtn,TRUE,TRUE
7DmiHaP1MxL9i1p0kHhXq2,2024-11-10 21:23:44,android,300973,Wasted Time,Vance Joy,Dream Your Life Away,fwdbtn,trackdone,TRUE,FALSE
3HFtCewZzBRxOESSqk1nVn,2024-11-10 21:26:53,android,188307,Outro,Diles que no me maten,La Vida De Alguien Más,trackdone,trackdone,TRUE,FALSE
1RKUoGiLEbcXN4GY4spQDx,2024-11-10 21:32:34,android,340920,Clint Eastwood,Gorillaz,Gorillaz,trackdone,trackdone,TRUE,FALSE
3kKb3U3a8jmUJQB9ypE1Jl,2024-11-10 21:32:51,android,15803,Under Control,The Strokes,Room On Fire,trackdone,fwdbtn,TRUE,TRUE
3OuMIIFP5TxM8tLXMWYPGV,2024-11-10 21:34:47,android,115892,Whole Lotta Love - Remaster,Led Zeppelin,Led Zeppelin II,fwdbtn,fwdbtn,TRUE,TRUE
1yKQBy7olMIqRpziyAzf8c,2024-11-10 21:35:01,android,13543,Working Class Hero - Remastered 2010,John Lennon,Plastic Ono Band,fwdbtn,fwdbtn,TRUE,TRUE
09Plbz3Ja2gxU9xCsqA5KY,2024-11-10 21:35:08,android,7224,Sunny Afternoon,The Kinks,Face to Face,fwdbtn,fwdbtn,TRUE,TRUE
7BbXV1wZWBDBXOc1IrDYo1,2024-11-10 21:37:32,android,144084,"Over, Under, Sideways, Down",The Yardbirds,Roger the Engineer (Expanded Edition),fwdbtn,trackdone,TRUE,FALSE
5LXj9Ch3O9ATm1NoHT8GXn,2024-11-10 21:38:12,android,38945,Hypnotised,Coldplay,Hypnotised,trackdone,fwdbtn,TRUE,TRUE
2t2gZb03AlCSlBzbWeeHsM,2024-11-10 21:38:14,android,2438,Take It Away - Remixed 2015,Paul McCartney,Tug Of War,fwdbtn,fwdbtn,TRUE,TRUE
3KyYAROzxfIPyazgg5o47G,2024-11-10 21:38:19,android,4650,Do You Hear The People Sing? - Live,Michael Maguire,Les Misérables (10th Anniversary Concert Live at Royal Albert Hall),fwdbtn,fwdbtn,TRUE,TRUE
0P3XcK6fckxtGWlojkx5Mm,2024-11-10 21:38:20,android,1280,Culpable,David Bisbal,Tú Y Yo,fwdbtn,fwdbtn,TRUE,TRUE
28Yg22uFFB7x5Y2R8tacnh,2024-11-10 21:44:07,android,347653,"When You See Yourself, Are You Far Away",Kings of Leon,When You See Yourself,fwdbtn,trackdone,TRUE,FALSE
3aVyHFxRkf8lSjhWdJ68AW,2024-11-10 21:48:30,android,262000,Just Another Girl,The Killers,Direct Hits,trackdone,trackdone,TRUE,FALSE
3YubPkIjza38KmXTIGdk91,2024-11-10 21:51:09,android,158400,Te Solté la Rienda,José Alfredo Jimenez,El Cantinero,trackdone,trackdone,TRUE,FALSE
3nSiB5WCF2pmRQrYSsteHv,2024-11-10 21:54:34,android,204506,Young Volcanoes,Fall Out Boy,Save Rock And Roll,trackdone,trackdone,TRUE,FALSE
5n7yP1qQiXs9uCE3m1eyGB,2024-11-10 21:57:38,android,186773,Aye,Sam Fender,Aye,trackdone,trackdone,TRUE,FALSE
5VErNsWF69eD0HiBt2vWcH,2024-11-10 22:03:11,android,331853,Nineteen Hundred And Eighty Five - 2010 Remaster,Paul McCartney,Band On The Run,trackdone,trackdone,TRUE,FALSE
69QFcT6d5s682XOUtyiliA,2024-11-10 22:03:28,android,16145,Incomplete,James Bay,Chaos And The Calm,trackdone,fwdbtn,TRUE,TRUE
0MV8NQXGDMR0EKX314JlN9,2024-11-10 22:03:31,android,2240,Year in Review,The Black Keys,Turn Blue,fwdbtn,fwdbtn,TRUE,TRUE
2ehqlczScmyeaqICVOGaDs,2024-11-10 22:03:33,android,1964,Valentine Day - Remastered 2011,Paul McCartney,McCartney,fwdbtn,fwdbtn,TRUE,TRUE
15BQ7vEDv2LJuh8TxWIhtd,2024-11-10 22:04:05,android,32464,The Passenger,Iggy Pop,Lust For Life,fwdbtn,fwdbtn,TRUE,TRUE
78WVLOP9pN0G3gRLFy1rAa,2024-11-10 22:09:41,android,336200,Piano Man,Billy Joel,Piano Man,fwdbtn,trackdone,TRUE,FALSE
3NRql0A1Ef4RCvT473iqgD,2024-11-10 22:10:14,android,32684,Hell N Back,Bakar,Hell N Back,trackdone,fwdbtn,TRUE,TRUE
5XNpdKmlLJPUbwKQceX2tW,2024-11-10 22:10:18,android,3478,Little Wing,Stevie Ray Vaughan,Couldn't Stand The Weather (Legacy Edition),fwdbtn,fwdbtn,TRUE,TRUE
1i4F583d9v9RabcfOlKKVL,2024-11-10 22:10:21,android,3285,Love In Slow Motion,Ed Sheeran,=,fwdbtn,fwdbtn,TRUE,TRUE
6RMZQm0MRP8qkRKTnzyYWB,2024-11-10 22:10:43,android,21707,Unfamiliar Sun,Twin Peaks,Lookout Low,fwdbtn,fwdbtn,TRUE,TRUE
18GiV1BaXzPVYpp9rmOg0E,2024-11-10 22:13:28,android,165426,Blowin' in the Wind,Bob Dylan,The Freewheelin' Bob Dylan,fwdbtn,trackdone,TRUE,FALSE
08mG3Y1vljYA6bvDt4Wqkj,2024-11-10 22:17:44,android,255493,Back In Black,AC/DC,Back In Black,trackdone,trackdone,TRUE,FALSE
0LtOwyZoSNZKJWHqjzADpW,2024-11-10 22:20:57,android,192960,Feels Like We Only Go Backwards,Tame Impala,Lonerism,trackdone,trackdone,TRUE,FALSE
62vBgmeAJZYrwaYJy5xDhv,2024-11-10 22:22:14,android,75173,One Day More! - Live,Les Misérables - 10th Anniversary Cast,Les Misérables (10th Anniversary Concert Live at Royal Albert Hall),trackdone,fwdbtn,TRUE,TRUE
1NoWKTDd0FnhUiIevfCU7u,2024-11-10 22:25:03,android,169853,Waiting on a Song,Dan Auerbach,Waiting on a Song,fwdbtn,trackdone,TRUE,FALSE
6wZI4mdT8JwXgkGURnBQiq,2024-11-10 22:25:17,android,13283,Say,John Mayer,Say,trackdone,fwdbtn,TRUE,TRUE
0i8kmubjCbHEuMABXMXCqG,2024-11-10 22:25:20,android,2788,Never Gonna Give You Up,The Black Keys,Brothers,fwdbtn,fwdbtn,TRUE,TRUE
5OFi9CIyD6s1oENyHapK2W,2024-11-10 22:25:24,android,3553,In the Flesh,Pink Floyd,The Wall,fwdbtn,fwdbtn,TRUE,TRUE
2LhnW02jJHTYgtBpk9BVrs,2024-11-10 22:25:26,android,1780,Too Afraid to Love You,The Black Keys,Brothers,fwdbtn,fwdbtn,TRUE,TRUE
6HbWoyinLdXPZmk6xONuKw,2024-11-10 22:25:37,android,11424,Vegetable,Radiohead,Pablo Honey,fwdbtn,fwdbtn,TRUE,TRUE
0J2OnBNKwt0KICDyDFPUvl,2024-11-10 22:25:41,android,3953,Take It Or Leave It,The Strokes,Is This It,fwdbtn,fwdbtn,TRUE,TRUE
4HIunZLibo5KfbYIQRrHSu,2024-11-10 22:25:45,android,3726,You Shook Me - Remaster,Led Zeppelin,Led Zeppelin,fwdbtn,fwdbtn,TRUE,TRUE
0oPDrdHQwkjaT0aytZavUO,2024-11-10 22:25:56,android,11246,Nothing Without Love,Nate Ruess,Grand Romantic,fwdbtn,fwdbtn,TRUE,TRUE
1HNkqx9Ahdgi1Ixy2xkKkL,2024-11-10 22:25:58,android,1774,Photograph,Ed Sheeran,x,fwdbtn,fwdbtn,TRUE,TRUE
7pFznsNR8N4sRaE7AQPKez,2024-11-10 22:26:00,android,1869,European Son,The Velvet Underground,The Velvet Underground & Nico 45th Anniversary,fwdbtn,fwdbtn,TRUE,TRUE
6zrgiJFGA620b5GvqCvG1w,2024-11-10 22:26:02,android,1816,Whistle Stop,Roger Miller,Disney Classics,fwdbtn,fwdbtn,TRUE,TRUE
6mFkJmJqdDVQ1REhVfGgd1,2024-11-10 22:31:36,android,334743,Wish You Were Here,Pink Floyd,Wish You Were Here,fwdbtn,trackdone,TRUE,FALSE
4w3tQBXhn5345eUXDGBWZG,2024-11-10 22:34:19,android,162466,9 to 5,Dolly Parton,9 To 5 And Odd Jobs,trackdone,trackdone,TRUE,FALSE
79qlNzUpZzZeXLior0zdtz,2024-11-10 22:34:21,android,1397,When We Were On Fire,James Bay,Chaos And The Calm,trackdone,fwdbtn,TRUE,TRUE
4dGewjZWQhWhWvgvLcMUmf,2024-11-10 22:34:23,android,1803,Drink With Me - Live,Anthony Crivello,Les Misérables (10th Anniversary Concert Live at Royal Albert Hall),fwdbtn,fwdbtn,TRUE,TRUE
037qFV73VbmzA4a3ZMzPZg,2024-11-10 22:34:26,android,2350,Railroad Man,Eels,Blinking Lights and Other Revelations,fwdbtn,fwdbtn,TRUE,TRUE
0qsyqhmKRvtaOOFeWbFwmg,2024-11-10 22:34:27,android,1306,I Can't Stay - Live From The Royal Albert Hall / 2009,The Killers,Live From The Royal Albert Hall,fwdbtn,fwdbtn,TRUE,TRUE
4MhXtGRDLde1lGwmaETipl,2024-11-10 22:34:29,android,1480,The Wall,Johnny Cash,Orange Blossom Special,fwdbtn,fwdbtn,TRUE,TRUE
5OlB1bAkRhheDudIhWImFy,2024-11-10 22:34:31,android,2094,I've Got A Feeling - Naked Version / Remastered 2013,The Beatles,Let It Be... Naked,fwdbtn,fwdbtn,TRUE,TRUE
35QZaWQRkmnAVqBF1TLCxQ,2024-11-10 22:34:32,android,833,Nancy Mulligan,Ed Sheeran,÷,fwdbtn,backbtn,TRUE,TRUE
5OlB1bAkRhheDudIhWImFy,2024-11-10 22:38:02,android,210902,I've Got A Feeling - Naked Version / Remastered 2013,The Beatles,Let It Be... Naked,backbtn,trackdone,TRUE,FALSE
35QZaWQRkmnAVqBF1TLCxQ,2024-11-10 22:38:17,android,13512,Nancy Mulligan,Ed Sheeran,÷,trackdone,fwdbtn,TRUE,TRUE
3bTSmWQkCoBk7XtJXCBR74,2024-11-10 22:38:19,android,2254,Say It,Houndmouth,Little Neon Limelight,fwdbtn,fwdbtn,TRUE,TRUE
2pNllR1aL6MFh1npf0376T,2024-11-10 22:38:21,android,2204,"Vultures - Live at the Nokia Theatre, Los Angeles, CA - December 2007",John Mayer,Where the Light Is: John Mayer Live In Los Angeles,fwdbtn,fwdbtn,TRUE,TRUE
62AuGbAkt8Ox2IrFFb8GKV,2024-11-10 22:41:44,android,203573,Sweet Caroline,Neil Diamond,Sweet Caroline,fwdbtn,trackdone,TRUE,FALSE
3qwREmAbFtUFXryKFCxKvl,2024-11-10 22:45:15,android,210813,All I Ask of You,Richard Clayderman,Songs of Love,trackdone,trackdone,TRUE,FALSE
1odaMfiu8zNm9uogQkbwI2,2024-11-10 22:46:48,android,91664,Farewell,The Yardbirds,Roger the Engineer (Expanded Edition),trackdone,trackdone,TRUE,FALSE
1NYTj6JEw3IOh4ggiBh82h,2024-11-10 22:53:52,android,423666,Stuck Inside of Mobile with the Memphis Blues Again,Bob Dylan,Blonde On Blonde,trackdone,trackdone,TRUE,FALSE
0HLWvLKQWpFdPhgk6ym58n,2024-11-10 22:56:47,android,175480,Who Says,John Mayer,Battle Studies,trackdone,trackdone,TRUE,FALSE
2ONpXycQzFmWiutUm7vpIC,2024-11-10 23:00:33,android,225013,Hell of a Season,The Black Keys,El Camino,trackdone,trackdone,TRUE,FALSE
135WMJorhiGvPe50XF54D9,2024-11-10 23:00:38,android,3170,Identikit,Radiohead,A Moon Shaped Pool,trackdone,fwdbtn,TRUE,TRUE
28heol5hhOGj6KYbJrRteJ,2024-11-10 23:00:54,android,16694,I Don’t Know Why,Imagine Dragons,Evolve,fwdbtn,fwdbtn,TRUE,TRUE
7fJFDK6XjYsXcMKNHESbot,2024-11-10 23:00:56,android,1261,Fun (feat. Tove Lo),Coldplay,A Head Full of Dreams,fwdbtn,fwdbtn,TRUE,TRUE
0d3Y9yuUwnq3jHTPRyw3io,2024-11-10 23:00:57,android,1495,Break The News,The Who,WHO,fwdbtn,fwdbtn,TRUE,TRUE
6lTTzSk1hRrxp4VMwXBp2l,2024-11-10 23:05:31,android,274933,My Way,Frank Sinatra,Ultimate Sinatra,fwdbtn,trackdone,TRUE,FALSE
0KAiuUOrLTIkzkpfpn9jb9,2024-11-10 23:05:35,android,2342,Drive By,Train,California 37,trackdone,fwdbtn,TRUE,TRUE
3YH26iDI7vYBGpHDUHjGHo,2024-11-10 23:05:37,android,1593,Ciego,Reik,De Amor y Desamor,fwdbtn,fwdbtn,TRUE,TRUE
0GRBFjza23Im7Xb16c9AaK,2024-11-10 23:05:40,android,2970,No Quarter - Remaster,Led Zeppelin,Houses of the Holy,fwdbtn,fwdbtn,TRUE,TRUE
3JzEIVIRNpJd3VsEWy6xzB,2024-11-10 23:10:06,android,266960,Hammer To Fall,Queen,The Works,fwdbtn,trackdone,TRUE,FALSE
1Dg4dFJr3HW7sbA7vPejre,2024-11-10 23:10:12,android,4984,Eight Days A Week - Remastered 2009,The Beatles,Beatles For Sale,trackdone,fwdbtn,TRUE,TRUE
105pLwtYErO64sPyXsPPAP,2024-11-10 23:10:14,android,1600,Amor Con Hielo,Morat,Sobre El Amor Y Sus Efectos Secundarios,fwdbtn,fwdbtn,TRUE,TRUE
1cXXHKH2kMDmtOEK73q6sf,2024-11-10 23:10:15,android,1442,I Think Of You,Rodríguez,Coming From Reality,fwdbtn,fwdbtn,TRUE,TRUE
4KANJH1baadr3U7XsVbM17,2024-11-10 23:10:17,android,1895,Something I Need,OneRepublic,Native,fwdbtn,fwdbtn,TRUE,TRUE
2k7gS1tS9OHeS3e8MatzgJ,2024-11-10 23:10:18,android,905,You Know My Name (Look Up The Number) - Remastered 2009,The Beatles,Past Masters,fwdbtn,backbtn,TRUE,TRUE
4KANJH1baadr3U7XsVbM17,2024-11-10 23:14:19,android,241266,Something I Need,OneRepublic,Native,backbtn,trackdone,TRUE,FALSE
2k7gS1tS9OHeS3e8MatzgJ,2024-11-10 23:14:30,android,9750,You Know My Name (Look Up The Number) - Remastered 2009,The Beatles,Past Masters,trackdone,fwdbtn,TRUE,TRUE
3Jq9rsqmRtqcVKtzP9dnxZ,2024-11-10 23:18:56,android,266733,The Man Comes Around,Johnny Cash,American IV: The Man Comes Around,fwdbtn,trackdone,TRUE,FALSE
63bmZnBN1CiJ9sA4qTEe8y,2024-11-10 23:22:27,android,199320,Adiós Amor,Christian Nodal,Me Dejé Llevar,trackdone,trackdone,TRUE,FALSE
3lwKNjchZuU5ZCVZVXwj5Y,2024-11-10 23:26:13,android,224977,Sister Ray,The Velvet Underground,White Light / White Heat,trackdone,fwdbtn,TRUE,TRUE
1mrfZ1VZj8hdm39K0HUu7R,2024-11-10 23:26:14,android,1244,Andy's Chest,Lou Reed,Transformer,fwdbtn,fwdbtn,TRUE,TRUE
4kwsk1FTbZf5yTTtnMaELv,2024-11-10 23:33:45,android,218000,I'm Gonna Be Somebody,Jack Mack,The Best of Jack Mack & The Heart Attack,fwdbtn,trackdone,TRUE,FALSE
0xLoYaRyQxTDR7kNIo69B3,2024-11-10 23:38:02,android,206866,From Afar,Vance Joy,Dream Your Life Away,trackdone,endplay,TRUE,TRUE
0xLoYaRyQxTDR7kNIo69B3,2024-11-11 14:57:46,android,56105,From Afar,Vance Joy,Dream Your Life Away,appload,trackdone,TRUE,FALSE
6ls6Wxw0iivqDIQmlFeG6F,2024-11-11 15:00:26,android,159600,Who Am I,Vance Joy,Dream Your Life Away,trackdone,trackdone,TRUE,FALSE
19q0WSVYv3qjCKD9eUEXL6,2024-11-11 15:08:24,android,203906,Collide,James Bay,Chaos And The Calm,trackdone,trackdone,TRUE,FALSE
0HEKDQsIItk1i2NKVgNroy,2024-11-11 15:08:31,android,5366,It's Not Over,Daughtry,Daughtry,trackdone,fwdbtn,TRUE,TRUE
04Jdmzb6gfuSZxGfAFc2NH,2024-11-11 15:08:44,android,13232,It Comes Back To You,Imagine Dragons,Smoke + Mirrors,fwdbtn,endplay,TRUE,TRUE
4bw8mcDUSRWfQo63ZTYRnU,2024-11-11 15:10:41,android,115711,Según Quién,Maluma,Don Juan,clickrow,endplay,TRUE,TRUE
4bw8mcDUSRWfQo63ZTYRnU,2024-11-11 15:17:30,android,142334,Según Quién,Maluma,Don Juan,remote,trackdone,TRUE,FALSE
07VZMmSpypRxW9H30LfHGI,2024-11-11 15:29:54,android,86829,Sitting in My Hotel,The Kinks,Everybody's in Show-Biz,trackdone,trackdone,TRUE,FALSE
4skZ8qPb6xYAUxjHHGUvME,2024-11-11 15:32:09,android,56768,Stand By Me - Acoustic,Liam Gallagher,Acoustic Sessions,trackdone,endplay,TRUE,TRUE
1th3G3okofWlvGWAAR7Y4V,2024-11-11 15:44:47,android,169227,School Spirit,Kanye West,The College Dropout,clickrow,endplay,TRUE,TRUE
5DBmXF7QO43Cuy9yqva116,2024-11-11 15:44:50,android,1276,Family Business,Kanye West,The College Dropout,clickrow,endplay,TRUE,TRUE
5SkRLpaGtvYPhw02vZhQQ9,2024-11-11 15:44:54,android,3865,All Falls Down,Kanye West,The College Dropout,clickrow,endplay,TRUE,TRUE
5DBmXF7QO43Cuy9yqva116,2024-11-11 15:49:32,android,278893,Family Business,Kanye West,The College Dropout,clickrow,trackdone,TRUE,FALSE
62zuXt6X5B6YQOBNFV2eXG,2024-11-11 15:51:59,android,146321,The Thin Ice,Pink Floyd,The Wall,trackdone,trackdone,TRUE,FALSE
0E4Y1XIbs8GrAT1YqVy6dq,2024-11-11 15:55:05,android,185486,Afterglow,Ed Sheeran,Afterglow,trackdone,trackdone,TRUE,FALSE
7HW5tUjaKxBUamSi7nnzPt,2024-11-11 15:57:44,android,159172,Eso Y Más,Joan Sebastian,Más Allá Del Sol,trackdone,trackdone,TRUE,FALSE
1i4F583d9v9RabcfOlKKVL,2024-11-11 16:00:56,android,190933,Love In Slow Motion,Ed Sheeran,=,trackdone,trackdone,TRUE,FALSE
1zS85RlXiRuTiWpDIOhICA,2024-11-11 16:06:02,android,305680,"It's Not My Fault, I'm Happy",Passion Pit,Gossamer,trackdone,trackdone,TRUE,FALSE
6bIPHR8AJG5HAcn9oF21Ma,2024-11-11 16:11:33,android,330385,Marooned,Pink Floyd,The Division Bell,trackdone,trackdone,TRUE,FALSE
6uXDMINfe9KJETjkzekznW,2024-11-11 16:16:02,android,268613,New Divide,Linkin Park,New Divide,trackdone,trackdone,TRUE,FALSE
1CRZl1AFUS7EBBXqUkCWh8,2024-11-11 16:18:36,android,153560,Under The Gun,The Killers,Sawdust,trackdone,trackdone,TRUE,FALSE
6XUHsYE38CEbYunT983O9G,2024-11-11 16:22:45,android,248173,Give A Little Bit,Supertramp,Even In The Quietest Moments,trackdone,trackdone,TRUE,FALSE
4bEb3KE4mSKlTFjtWJQBqO,2024-11-11 16:25:59,android,193346,Don't Stop - 2004 Remaster,Fleetwood Mac,Rumours,trackdone,trackdone,TRUE,FALSE
4dUWOra6S6IlEMiaFvb4lc,2024-11-11 16:30:00,android,240600,Hard Knock Life (Ghetto Anthem),JAY-Z,The Hits Collection Volume One,trackdone,trackdone,TRUE,FALSE
0hlniElQOr5tvSKBaSpAQi,2024-11-11 16:32:57,android,176306,Second Hand News - 2004 Remaster,Fleetwood Mac,Rumours,trackdone,trackdone,TRUE,FALSE
6MgGapP3EPFm9kYUvYBTZR,2024-11-11 16:34:07,android,69706,I'll Fly Away,Kanye West,The College Dropout,trackdone,trackdone,TRUE,FALSE
3AR1c3Dssq51WlGGkuYJNj,2024-11-11 16:38:55,android,288053,El lado oscuro,Jarabe De Palo,La Flaca,trackdone,trackdone,TRUE,FALSE
5yAl6661Pk70H3PhrRoXSm,2024-11-11 16:43:57,android,301000,Hey Rose,Houndmouth,From the Hills Below the City,trackdone,trackdone,TRUE,FALSE
7snQQk1zcKl8gZ92AnueZW,2024-11-11 16:49:53,android,356066,Sweet Child O' Mine,Guns N' Roses,Appetite For Destruction,trackdone,trackdone,TRUE,FALSE
35YyxFpE0ZTOoqFx5bADW8,2024-11-11 16:54:09,android,255386,Nude,Radiohead,In Rainbows,trackdone,trackdone,TRUE,FALSE
5zWre4bc1WWXaKpmaZguPd,2024-11-11 16:58:33,android,263280,Tug Of War - Remixed 2015,Paul McCartney,Tug Of War,trackdone,trackdone,TRUE,FALSE
7wMaLtWGYFmzWdKNi5daj5,2024-11-11 19:52:21,android,211174,Walk and Talk It,Lou Reed,Lou Reed,trackdone,logout,TRUE,FALSE
3k6zSunlStXxWF0s1063lk,2024-11-11 20:43:41,android,758,Thank You Girl - Remastered 2009,The Beatles,Past Masters,fwdbtn,fwdbtn,TRUE,TRUE
37Dl7jQMmt0gUnzTKqnjkN,2024-11-11 20:43:42,android,1055,Just Like a Woman,Bob Dylan,Blonde On Blonde,fwdbtn,fwdbtn,TRUE,TRUE
6uya0AiJA1Avd4DY2XFlVm,2024-11-11 20:43:44,android,2148,I Walk The Line - Single Version,Johnny Cash,With His Hot and Blue Guitar,fwdbtn,fwdbtn,TRUE,TRUE
01uqI4H13Gsd8Lyl1EYd8H,2024-11-11 20:43:45,android,1167,Same Love (feat. Mary Lambert),Macklemore & Ryan Lewis,The Heist,fwdbtn,fwdbtn,TRUE,TRUE
1jOLTO379yIu9aMnCkpMQl,2024-11-11 20:43:47,android,2053,You Never Give Me Your Money - Remastered 2009,The Beatles,Abbey Road,fwdbtn,fwdbtn,TRUE,TRUE
4dnwtykvirYJPQOL0OgL6B,2024-11-11 20:43:48,android,803,Badge And Gun,John Mayer,Paradise Valley,fwdbtn,fwdbtn,TRUE,TRUE
3VnyycwU7hxH4C0KGQdy8x,2024-11-11 20:43:51,android,2601,Nobody but You,The Black Keys,Chulahoma,fwdbtn,fwdbtn,TRUE,TRUE
23FeHDJaegIZF0dpH4x1Tf,2024-11-11 20:54:56,android,29100,South Bound Saurez - Remaster,Led Zeppelin,In Through the out Door,fwdbtn,logout,TRUE,FALSE
0fLILzjVXRCLC0lsNKcQ8I,2024-11-12 15:44:38,android,288573,P.I.M.P. - Snoop Dogg Remix,50 Cent,Get Rich Or Die Tryin',clickrow,trackdone,TRUE,FALSE
6qZMXw0fs9qI8b4Nl9ntEQ,2024-11-12 15:44:54,android,14446,Ram On - Remastered 2012,Paul McCartney,Ram,trackdone,endplay,TRUE,TRUE
7iL6o9tox1zgHpKUfh9vuC,2024-11-12 15:48:07,android,193466,In Da Club,50 Cent,Get Rich Or Die Tryin',clickrow,trackdone,TRUE,FALSE
503OTo2dSqe7qk76rgsbep,2024-11-12 15:52:38,android,270586,Still D.R.E.,Dr. Dre,2001,trackdone,trackdone,TRUE,FALSE
3FNy4yzOhHhFBeA5p4ofoq,2024-11-12 15:56:47,android,207346,"Young, Wild & Free (feat. Bruno Mars)",Snoop Dogg,"Young, Wild & Free (feat. Bruno Mars)",trackdone,trackdone,TRUE,FALSE
2NBQmPrOEEjA8VbeWOQGxO,2024-11-12 16:02:11,android,266066,Drop It Like It's Hot,Snoop Dogg,R&G (Rhythm & Gangsta): The Masterpiece,trackdone,trackdone,TRUE,FALSE
5Tbpp3OLLClPJF8t1DmrFD,2024-11-12 16:06:09,android,237573,"Nuthin' But A ""G"" Thang",Dr. Dre,The Chronic,trackdone,trackdone,TRUE,FALSE
6rT0BKAbg4y35tukHcfk4N,2024-11-12 16:11:35,android,239813,Untitled (How Could This Happen to Me?),Simple Plan,Still Not Getting Any,trackdone,trackdone,TRUE,FALSE
0drzZOcHbyrHIUcfiPIKu0,2024-11-12 16:14:59,android,203453,Leaving California,Maroon 5,V,trackdone,trackdone,TRUE,FALSE
7Geht7uyruF696KZc4A1b1,2024-11-12 16:18:40,android,220053,Lady Day,Lou Reed,Berlin,trackdone,trackdone,TRUE,FALSE
4hf0hL4kWyjWztZzVsM39V,2024-11-12 16:23:38,android,297306,God Put a Smile upon Your Face,Coldplay,A Rush of Blood to the Head,trackdone,trackdone,TRUE,FALSE
62PaSfnXSMyLshYJrlTuL3,2024-11-12 16:28:44,android,260684,Hello,Adele,25,trackdone,endplay,TRUE,TRUE
1PS1QMdUqOal0ai3Gt7sDQ,2024-11-12 16:40:49,android,11520,Gold Digger,Kanye West,Late Registration,clickrow,logout,TRUE,FALSE
0IW0qaeyxL5Et4UG2MrJKB,2024-11-12 21:03:37,android,36173,We Don't Care,Kanye West,The College Dropout,clickrow,endplay,TRUE,TRUE
1PS1QMdUqOal0ai3Gt7sDQ,2024-11-12 21:07:04,android,207626,Gold Digger,Kanye West,Late Registration,clickrow,trackdone,TRUE,FALSE
0hwB5n9p1CWXrgCUu9cXZo,2024-11-12 21:07:31,android,24889,Caballo Blanco,Vicente Fernández,Mi Amigo El Tordillo,trackdone,endplay,TRUE,TRUE
3ia3dJETSOllPsv3LJkE35,2024-11-12 21:12:15,android,284906,California Love - Original Version,2Pac,Greatest Hits,clickrow,trackdone,TRUE,FALSE
35srNkJVToAzYiZzron1FY,2024-11-12 21:16:47,android,253906,Young Forever,JAY-Z,The Blueprint 3,trackdone,trackdone,TRUE,FALSE
0trHOzAhNpGCsGBEu7dOJo,2024-11-12 21:34:44,android,50426,N.Y. State of Mind,Nas,Illmatic,trackdone,logout,TRUE,FALSE
5FDh0G5oQ2UD9JxWiDCT1x,2024-11-13 19:38:34,android,1583,Paper Doll,John Mayer,Paradise Valley,playbtn,fwdbtn,TRUE,TRUE
2MWoG6ZINVavRRNNrVPplf,2024-11-13 19:38:35,android,1268,"Girls, Girls, Girls (Part 2)",JAY-Z,The Blueprint,fwdbtn,fwdbtn,TRUE,TRUE
6AI3ezQ4o3HUoP6Dhudph3,2024-11-13 19:38:36,android,827,Not Like Us,Kendrick Lamar,Not Like Us,fwdbtn,fwdbtn,TRUE,TRUE
34j4OxJxKznBs88cjSL2j9,2024-11-13 19:38:37,android,902,Never Let Me Down,Kanye West,The College Dropout,fwdbtn,fwdbtn,TRUE,TRUE
35LDid9nvuYrUyZk5qGD0i,2024-11-13 19:38:38,android,1428,Belief,John Mayer,Continuum,fwdbtn,fwdbtn,TRUE,TRUE
0LtOwyZoSNZKJWHqjzADpW,2024-11-13 19:41:51,android,192960,Feels Like We Only Go Backwards,Tame Impala,Lonerism,fwdbtn,trackdone,TRUE,FALSE
7kBZa4WCbZGkJzi2gCr401,2024-11-13 19:45:49,android,238200,Army of Angels,The Script,No Sound Without Silence,trackdone,trackdone,TRUE,FALSE
7lXOqE38eCr979gp27O5wr,2024-11-13 19:48:03,android,132640,If I Knew,Bruno Mars,Unorthodox Jukebox,trackdone,trackdone,TRUE,FALSE
7gREIuHognJFspylIDJ94p,2024-11-13 19:51:37,android,214240,Vienna,Billy Joel,The Stranger,trackdone,trackdone,TRUE,FALSE
75n7mraeMycQOl2sDGYaTe,2024-11-13 19:55:13,android,215011,Mad Sounds,Arctic Monkeys,AM,trackdone,trackdone,TRUE,FALSE
0ESIjVxnDnCDaTPo6sStHm,2024-11-13 19:57:27,android,133506,Till There Was You - Remastered 2009,The Beatles,With The Beatles,trackdone,trackdone,TRUE,FALSE
35fC3Wq3slX4OBfyvBVmHm,2024-11-13 20:02:12,android,284800,Samba Pa Ti,Santana,Abraxas,trackdone,trackdone,TRUE,FALSE
0bkW98npv8EsWQ2fXFzK56,2024-11-13 20:06:56,android,283466,From Eden,Hozier,Hozier,trackdone,trackdone,TRUE,FALSE
6ls6Wxw0iivqDIQmlFeG6F,2024-11-13 20:09:36,android,159600,Who Am I,Vance Joy,Dream Your Life Away,trackdone,trackdone,TRUE,FALSE
2rCB5HK3jZMabjE1YpYXb2,2024-11-13 20:12:50,android,193853,Pecan Tree,The Mud Howlers,Timeliness,trackdone,trackdone,TRUE,FALSE
2Jpw6uRsDncpCYkvdrfTTk,2024-11-13 20:16:15,android,203480,Karpe Diem,Ed Maverick,mix pa llorar en tu cuarto,trackdone,trackdone,TRUE,FALSE
1iPeDwic3VEt0T75NyVoaG,2024-11-13 20:18:49,android,126907,The Dream Synopsis,The Last Shadow Puppets,Everything You've Come To Expect,trackdone,endplay,TRUE,TRUE
4bw8mcDUSRWfQo63ZTYRnU,2024-11-13 20:18:52,android,2621,Según Quién,Maluma,Don Juan,clickrow,endplay,TRUE,TRUE
3s7MCdXyWmwjdcWh7GWXas,2024-11-13 20:22:20,android,208104,Violent Crimes,Kanye West,ye,clickrow,endplay,TRUE,TRUE
5TRPicyLGbAF2LGBFbHGvO,2024-11-13 20:26:30,android,237506,Flashing Lights,Kanye West,Graduation,fwdbtn,trackdone,FALSE,FALSE
4EWCNWgDS8707fNSZ1oaA5,2024-11-13 20:30:01,android,211000,Heartless,Kanye West,808s & Heartbreak,trackdone,trackdone,FALSE,FALSE
0mEdbdeRFQwBhN4xfyIeUM,2024-11-13 20:45:48,android,250973,Can't Tell Me Nothing,Kanye West,Graduation,trackdone,logout,FALSE,FALSE
0mEdbdeRFQwBhN4xfyIeUM,2024-11-13 20:47:46,android,20647,Can't Tell Me Nothing,Kanye West,Graduation,appload,trackdone,FALSE,FALSE
5W7BcYDIaeXnpG3e39T7hJ,2024-11-13 20:51:47,android,240306,How To Love,Lil Wayne,Tha Carter IV,trackdone,trackdone,FALSE,FALSE
3Ti0GdlrotgwsAVBBugv0I,2024-11-13 20:55:59,android,251573,Can I Kick It?,A Tribe Called Quest,People's Instinctive Travels and the Paths of Rhythm (25th Anniversary Edition),trackdone,trackdone,FALSE,FALSE
5qxChyzKLEyoPJ5qGrdurN,2024-11-13 21:00:06,android,246933,No Sleep Till Brooklyn,Beastie Boys,Licensed To Ill,trackdone,trackdone,FALSE,FALSE
5DBmXF7QO43Cuy9yqva116,2024-11-13 21:17:39,android,8100,Family Business,Kanye West,The College Dropout,trackdone,logout,FALSE,FALSE
5DBmXF7QO43Cuy9yqva116,2024-11-14 00:35:56,android,270802,Family Business,Kanye West,The College Dropout,appload,trackdone,FALSE,FALSE
2QMtqF1I0fpP3ECAhbsdAw,2024-11-14 00:36:27,android,30931,A Little Luck and a Couple of Dogs,AWOLNATION,Here Come the Runts,trackdone,trackdone,TRUE,FALSE
1UF3THyEZ9Iug3rQ1fvh0K,2024-11-14 00:36:53,android,24377,"I'm Left, You're Right, She's Gone - Slow Version",Elvis Presley,MEMPHIS,trackdone,fwdbtn,TRUE,TRUE
7BvuV4c1BGhaRapcXvRu5z,2024-11-14 00:39:57,android,185026,You Might Think,The Cars,Heartbeat City,fwdbtn,trackdone,TRUE,FALSE
1ETylDX16gIprGm7JMfrjI,2024-11-14 00:40:05,android,6693,Mi Nuevo Vicio,Paulina Rubio,Sobre El Amor Y Sus Efectos Secundarios,trackdone,fwdbtn,TRUE,TRUE
2rCB5HK3jZMabjE1YpYXb2,2024-11-14 00:40:06,android,1352,Pecan Tree,The Mud Howlers,Timeliness,fwdbtn,fwdbtn,TRUE,TRUE
5eeaUZWzQXpBlbkiq4pm5l,2024-11-14 00:40:08,android,1156,Goin' Home,Dan Auerbach,Keep It Hid,fwdbtn,fwdbtn,TRUE,TRUE
2QDpeww0UVRnXZlGIISkC4,2024-11-14 00:40:09,android,1007,Wherever This Goes,The Fray,Helios,fwdbtn,fwdbtn,TRUE,TRUE
14r58xoceDiVN3RJnynw0C,2024-11-14 00:40:10,android,1208,12 Bar Blues,Aaron Lee Tasjan,Silver Tears,fwdbtn,fwdbtn,TRUE,TRUE
3dIInhWJxxNBcrzTRYQqhz,2024-11-14 00:40:12,android,1506,The Queen's Finest,Keuning,Prismism,fwdbtn,fwdbtn,TRUE,TRUE
755bvJDSA3LNcNuFgBT9LK,2024-11-14 00:40:13,android,1527,Iron Man - 2009 Remaster,Black Sabbath,Paranoid,fwdbtn,fwdbtn,TRUE,TRUE
2iGtdYI4lI0jDpnxJOqZRw,2024-11-14 00:40:14,android,1309,Hey Jude - Remastered 2009,The Beatles,Past Masters,fwdbtn,fwdbtn,TRUE,TRUE
1ZEOIhSn6BKErV59bIgn76,2024-11-14 00:40:18,android,3010,California Dreamin',The Mamas & The Papas,All The Leaves Are Brown The Golden Era Collection,fwdbtn,fwdbtn,TRUE,TRUE
5DJzQBU5R8g5tDUBtHRPf9,2024-11-14 00:40:19,android,988,"Ob-La-Di, Ob-La-Da - Take 3",The Beatles,The Beatles,fwdbtn,fwdbtn,TRUE,TRUE
3p7OmxLI7uasPg2WP0eqoN,2024-11-14 00:40:20,android,1000,"Wreck of the Old 97 - Live at San Quentin State Prison, San Quentin, CA - February 1969",Johnny Cash,At San Quentin,fwdbtn,fwdbtn,TRUE,TRUE
2dphvmoLEXdk8hOYxmHlI3,2024-11-14 00:40:21,android,1075,Strawberry Swing,Coldplay,Viva La Vida or Death and All His Friends,fwdbtn,fwdbtn,TRUE,TRUE
0tHcXWIYt99GY8BONrPIfA,2024-11-14 00:40:22,android,933,That's All Right,Elvis Presley,For LP Fans Only,fwdbtn,fwdbtn,TRUE,TRUE
3kusLGvgYkZldKfoDoJklR,2024-11-14 00:40:24,android,1815,Crown of Love,Arcade Fire,Funeral,fwdbtn,fwdbtn,TRUE,TRUE
7eX5SypK35V8Y9d9pS6rWy,2024-11-14 00:40:25,android,1295,I Can't Win,The Strokes,Room On Fire,fwdbtn,fwdbtn,TRUE,TRUE
3Zwu2K0Qa5sT6teCCHPShP,2024-11-14 00:40:26,android,944,Thnks fr th Mmrs,Fall Out Boy,Infinity On High,fwdbtn,fwdbtn,TRUE,TRUE
0j3p1p06deJ7f9xmJ9yG22,2024-11-14 00:40:27,android,971,Back In The U.S.S.R. - Remastered 2009,The Beatles,The Beatles,fwdbtn,fwdbtn,TRUE,TRUE
1WPqawIF9HCKfSOt7mN6X0,2024-11-14 00:40:28,android,1000,Nowhere To Run,Martha Reeves & The Vandellas,Dance Party,fwdbtn,fwdbtn,TRUE,TRUE
4b30rxe4kxjNl8YpE17Sew,2024-11-14 00:40:30,android,1719,Man on a Wire,The Script,No Sound Without Silence,fwdbtn,fwdbtn,TRUE,TRUE
1mrfZ1VZj8hdm39K0HUu7R,2024-11-14 00:40:31,android,776,Andy's Chest,Lou Reed,Transformer,fwdbtn,fwdbtn,TRUE,TRUE
1LM6t24SjQr2bJHqeGIR4U,2024-11-14 00:40:32,android,1240,Still Feel Like Your Man,John Mayer,The Search for Everything,fwdbtn,fwdbtn,TRUE,TRUE
5S3NpJBqacEUrxceiAy5lI,2024-11-14 00:40:34,android,1939,"Walt Grace's Submarine Test, January 1967",John Mayer,Born and Raised,fwdbtn,fwdbtn,TRUE,TRUE
6io3AIZkXoaBcMZxcvtcth,2024-11-14 00:40:36,android,1708,All The Reaching Trims,Daniel Romano,Finally Free,fwdbtn,fwdbtn,TRUE,TRUE
70HNt0eoBVqr4ss68U8x3B,2024-11-14 00:40:38,android,1801,You're Going To Lose That Girl - Remastered 2009,The Beatles,Help!,fwdbtn,fwdbtn,TRUE,TRUE
5Z9SQPYU95S6M1vcbLsDt2,2024-11-14 00:40:40,android,2090,Stuck,Imagine Dragons,Origins,fwdbtn,fwdbtn,TRUE,TRUE
6H8AKz5NlriFAJ2soLDfSa,2024-11-14 00:40:42,android,2617,Jump on My Shoulders,AWOLNATION,Megalithic Symphony,fwdbtn,fwdbtn,TRUE,TRUE
1A8SxnqRK3qabmuN2qxIpa,2024-11-14 00:45:26,android,284546,Spaceman,The Killers,Day & Age,fwdbtn,trackdone,TRUE,FALSE
0HtuDxkKRBmlCNgFtXSJR7,2024-11-14 00:45:31,android,3648,Rocky Raccoon - Esher Demo,The Beatles,The Beatles,trackdone,fwdbtn,TRUE,TRUE
1EuvOdyyzhFUP2z3gfr6xz,2024-11-14 00:49:17,android,226186,Hold On,Alabama Shakes,Boys & Girls,fwdbtn,trackdone,TRUE,FALSE
4Jw6ENp38dMtW97Ll0BkZz,2024-11-14 00:49:32,android,14569,No Surprises,Scott Bradlee's Postmodern Jukebox,33 Resolutions Per Minute,trackdone,fwdbtn,TRUE,TRUE
5SwgE4wA0P7f6AEz2UQMB2,2024-11-14 00:49:41,android,8031,Uncle Albert / Admiral Halsey - Medley / 2012 Remaster,Paul McCartney,Ram,fwdbtn,fwdbtn,TRUE,TRUE
40GFPBolcy0yucApV9uxq2,2024-11-14 00:49:45,android,4216,One of Us Must Know (Sooner or Later),Bob Dylan,Blonde On Blonde,fwdbtn,fwdbtn,TRUE,TRUE
18GiV1BaXzPVYpp9rmOg0E,2024-11-14 00:49:47,android,2443,Blowin' in the Wind,Bob Dylan,The Freewheelin' Bob Dylan,fwdbtn,fwdbtn,TRUE,TRUE
0Ro68drOzUTGiDUzr9iqH1,2024-11-14 00:49:49,android,1563,Vamonos,Pedro Guerra,Contigo En La Distancia,fwdbtn,fwdbtn,TRUE,TRUE
0vblqF5R4FyCAVBasjLGdu,2024-11-14 00:49:51,android,1692,Meet Me in the City,The Black Keys,Chulahoma,fwdbtn,fwdbtn,TRUE,TRUE
0lP4HYLmvowOKdsQ7CVkuq,2024-11-14 00:49:52,android,1361,The Kill,Thirty Seconds To Mars,A Beautiful Lie,fwdbtn,fwdbtn,TRUE,TRUE
62EsBz11VlUwSu3jFy7Rlo,2024-11-14 00:49:54,android,1613,Can’t Stop,OneRepublic,Native,fwdbtn,fwdbtn,TRUE,TRUE
64MISVB9IIchhOKmWHftoz,2024-11-14 00:49:56,android,1930,You're Gonna Make Me Lonesome When You Go,Bob Dylan,Blood On The Tracks,fwdbtn,fwdbtn,TRUE,TRUE
7hMhO4oenpVkVaM5bNkEbz,2024-11-14 00:50:03,android,7004,When the Ship Comes In,Bob Dylan,The Times They Are A-Changin',fwdbtn,fwdbtn,TRUE,TRUE
37sINbJZcFdHFAsVNsPq1i,2024-11-14 00:50:05,android,1695,Superheroes,The Script,No Sound Without Silence,fwdbtn,fwdbtn,TRUE,TRUE
3Cx4yrFaX8CeHwBMReOWXI,2024-11-14 00:54:51,android,287733,We Didn't Start the Fire,Billy Joel,Storm Front,fwdbtn,trackdone,TRUE,FALSE
2O3l4X1yTua8oMMCtazkyo,2024-11-14 00:54:58,android,5029,The Happiest Days of Our Lives,Pink Floyd,The Wall,trackdone,fwdbtn,TRUE,TRUE
0ZvgXNstN4o2ZXPomtBYVp,2024-11-14 00:55:01,android,2808,"Good Golly, Miss Molly",Little Richard,Good Golly!,fwdbtn,fwdbtn,TRUE,TRUE
6RMZQm0MRP8qkRKTnzyYWB,2024-11-14 00:55:02,android,1340,Unfamiliar Sun,Twin Peaks,Lookout Low,fwdbtn,fwdbtn,TRUE,TRUE
2qG5GpEbSXICX1sgVMfdSV,2024-11-14 00:55:40,android,38007,For No One,Houndmouth,Little Neon Limelight,fwdbtn,fwdbtn,TRUE,TRUE
19bzCjckArU2NZs9Ue3Dc2,2024-11-14 00:55:42,android,1774,Hunt You Down/Naked/C-Link,Paul McCartney,Egypt Station,fwdbtn,fwdbtn,TRUE,TRUE
64csOaHL9FYqiOJxAi8h5X,2024-11-14 00:55:45,android,3249,Ball and Chain,The Who,WHO,fwdbtn,fwdbtn,TRUE,TRUE
61etvQSDceCm7XRgK4HZgb,2024-11-14 00:55:49,android,3884,The Nazz Are Blue,The Yardbirds,Roger the Engineer (Expanded Edition),fwdbtn,fwdbtn,TRUE,TRUE
2u295Qd2IeM1V8AsNyz0Zv,2024-11-14 00:55:51,android,1958,On My Way,Passion Pit,Gossamer,fwdbtn,fwdbtn,TRUE,TRUE
61cIyn6vWbDDDGUY70o4t4,2024-11-14 00:55:53,android,1821,No Words - 2010 Remaster,Paul McCartney,Band On The Run,fwdbtn,fwdbtn,TRUE,TRUE
2lq81FsCIMHXxONi1cTx71,2024-11-14 00:55:55,android,1297,One After 909 - Naked Version / Remastered 2013,The Beatles,Let It Be... Naked,fwdbtn,fwdbtn,TRUE,TRUE
41gpbNDcsSh4r8YgVMbQqh,2024-11-14 00:55:56,android,1003,Asilo (feat. Mon Laferte),Jorge Drexler,Salvavidas de hielo,fwdbtn,fwdbtn,TRUE,TRUE
7f0VwIpCcovBKMxKvWLL0y,2024-11-14 00:55:57,android,1068,"Rigoletto / Act 1: ""Questa o quella""",Giuseppe Verdi,Luciano Pavarotti - The Best,fwdbtn,fwdbtn,TRUE,TRUE
5MZBOcqI3Vpvp2PZy6ddyD,2024-11-14 00:55:58,android,1263,The Way It Is,The Strokes,Room On Fire,fwdbtn,fwdbtn,TRUE,TRUE
4JOyMhad5dD81uGYLGgKrS,2024-11-14 00:55:59,android,920,Mean Mr Mustard - Remastered 2009,The Beatles,Abbey Road,fwdbtn,fwdbtn,TRUE,TRUE
5c3xGo679uxmjKtzGI3war,2024-11-14 00:56:00,android,1251,Sweet Louise,Pete Molinari,A Virtual Landslide (Bonus Version),fwdbtn,fwdbtn,TRUE,TRUE
4Im6GRj17qa7NW76OsJh1s,2024-11-14 00:56:02,android,1434,I Guess I Just Feel Like,John Mayer,Sob Rock,fwdbtn,fwdbtn,TRUE,TRUE
4uKop5eqeLow56qacdfO1P,2024-11-14 00:56:04,android,2177,Breakfast In America,Supertramp,Breakfast In America,fwdbtn,fwdbtn,TRUE,TRUE
135WMJorhiGvPe50XF54D9,2024-11-14 00:56:05,android,1068,Identikit,Radiohead,A Moon Shaped Pool,fwdbtn,fwdbtn,TRUE,TRUE
0nNI8eyMjDGjPDuQq87aJb,2024-11-14 00:56:07,android,1518,Why Don't You Write Me,Simon & Garfunkel,Bridge Over Troubled Water,fwdbtn,fwdbtn,TRUE,TRUE
1aedGJcS0OmGSzzO5iskIV,2024-11-14 00:56:08,android,1182,"L'elisir d'amore / Act 2: ""Una furtiva lagrima...Eccola!""",Gaetano Donizetti,Donizetti: L'Elisir d'Amore,fwdbtn,fwdbtn,TRUE,TRUE
3lh3iiiJeiBXHSZw6u0kh6,2024-11-14 00:56:10,android,1921,Into the Mystic - 2013 Remaster,Van Morrison,Moondance,fwdbtn,fwdbtn,TRUE,TRUE
0FP04YnQ8eDxkAH4rlwFar,2024-11-14 00:56:11,android,1336,Don't Let Me Down - Remastered 2009,The Beatles,Past Masters,fwdbtn,fwdbtn,TRUE,TRUE
54ishPSqGuH3DjmDOgZX38,2024-11-14 00:56:13,android,1226,Cheating,Alex & Sierra,It's About Us,fwdbtn,fwdbtn,TRUE,TRUE
0gTRROuntlrPQ64W3J2Etv,2024-11-14 00:56:14,android,1444,Electioneering,Radiohead,OK Computer,fwdbtn,fwdbtn,TRUE,TRUE
1CA0a2dcfsJfiUEH6qVomI,2024-11-14 00:56:17,android,2909,Pacific Coast Highway In The Movies,AWOLNATION,Angel Miners & The Lightning Riders,fwdbtn,fwdbtn,TRUE,TRUE
6J4lRYUiuWO7BLOntAJnUx,2024-11-14 00:56:19,android,1641,Busload of Faith,Lou Reed,New York,fwdbtn,fwdbtn,TRUE,TRUE
0sJXU4olfMR2SvULxarpoW,2024-11-14 00:56:20,android,1094,The Bewlay Brothers - 2015 Remaster,David Bowie,Hunky Dory,fwdbtn,fwdbtn,TRUE,TRUE
4yg2qSpnVAbQLPjCJTWwtY,2024-11-14 00:56:21,android,1422,"Mama, You Been on My Mind - Studio Outtake - 1993",Jeff Buckley,Grace (Legacy Edition),fwdbtn,fwdbtn,TRUE,TRUE
75EThgTXGi0NStTq6D3wIA,2024-11-14 00:56:24,android,2169,Don't Stop Now,The Maine,Black & White,fwdbtn,fwdbtn,TRUE,TRUE
0pjCkLjbgSLn5c0Ilwuv8z,2024-11-14 00:56:26,android,2237,The Longest Wave,Red Hot Chili Peppers,The Getaway,fwdbtn,fwdbtn,TRUE,TRUE
3L4j5qwEVSDj0KgFPrx8UL,2024-11-14 00:56:29,android,2756,Lovers' Eyes,Mumford & Sons,Babel,fwdbtn,fwdbtn,TRUE,TRUE
38MS1Ch2ckFL4O29UVg7Nh,2024-11-14 00:56:31,android,2478,Dopamine,Franc Moody,Dance Moves,fwdbtn,fwdbtn,TRUE,TRUE
40e9kU9Wd4vbedqSA7Io4n,2024-11-14 00:59:31,android,180840,Notion,Kings of Leon,Only By The Night,fwdbtn,trackdone,TRUE,FALSE
27E39dDg0Bx1RzkF3eJJsb,2024-11-14 01:01:58,android,146533,I Want To Hold Your Hand - Remastered 2009,The Beatles,Past Masters,trackdone,trackdone,TRUE,FALSE
5ghIJDpPoe3CfHMGu71E6T,2024-11-14 01:07:01,android,301920,Smells Like Teen Spirit,Nirvana,Nevermind,trackdone,trackdone,TRUE,FALSE
3MjrueDQKVr6xDDseZwhEd,2024-11-14 01:10:05,android,183602,Figure It Out,Royal Blood,Royal Blood,trackdone,trackdone,TRUE,FALSE
3xkxcbnc7G3XYuZt6eUnI5,2024-11-14 02:47:05,android,1021,Empire State Of Mind,JAY-Z,The Hits Collection Volume One,trackdone,logout,TRUE,FALSE
1tmOCGRa82x9vPXSyN7Gl1,2024-11-14 20:07:34,android,72553,It's Gonna Be Alright,The Natural Yogurt Band,Spectral Flux,playbtn,trackdone,TRUE,FALSE
2NktjOsVqaLCIpopMhszBz,2024-11-14 20:10:35,android,179852,Parachute,Thee Lakesiders,Parachute b/w Si Me Faltaras Tu,trackdone,trackdone,TRUE,FALSE
7Ml1HFa3eENdPdgbNy08tU,2024-11-14 20:14:22,android,226882,Adorable One,Lee Moses,Time and Place (Digitally Remastered),trackdone,trackdone,TRUE,FALSE
3Amm8NqM1tjWjGQpuOcQJ9,2024-11-14 20:17:35,android,192080,What'll I Do,The New Birth,The New Birth,trackdone,trackdone,TRUE,FALSE
7ohR0qPH6f2Vuj2pUNanJG,2024-11-14 20:21:50,android,255133,Got To Give It Up - Pt. 1,Marvin Gaye,Every Great Motown Hit Of Marvin Gaye,trackdone,trackdone,TRUE,FALSE
23sTGlQIsLtAxKuJj9Ekrd,2024-11-14 20:27:06,android,314707,Like It Is - Remastered,Yusef Lateef,The Blue Yusef Lateef,trackdone,fwdbtn,TRUE,TRUE
73etijhz7pV4Wx7GTANLpq,2024-11-14 20:31:14,android,248453,Natural High - Single Version,Bloodstone,The Essentials: Bloodstone,fwdbtn,trackdone,TRUE,FALSE
55b0vwn4qf3gdFfx7J1Xtb,2024-11-14 20:35:19,android,241666,イーヨー,石橋和子,DIGGIN' VICTOR (The Compilation) Deep Into The Vaults Of Japanese Fusion & AOR selected by MURO,trackdone,trackdone,TRUE,FALSE
17OzfblzUJ5XHBeBUb95av,2024-11-14 20:38:15,android,175173,Baby,Quinteto Ternura,Quinteto Ternura,trackdone,trackdone,TRUE,FALSE
2JoZzpdeP2G6Csfdq5aLXP,2024-11-14 20:42:21,android,245200,How Deep Is Your Love,Bee Gees,Greatest,trackdone,trackdone,TRUE,FALSE
6tDyvPcNiWafLwqptdlGXA,2024-11-14 20:44:48,android,146173,Choking on a Piece of Meat,The Poets Of Rhythm,Practice What You Preach,trackdone,trackdone,TRUE,FALSE
3hySZXi0XGXapzLpni0BUq,2024-11-14 20:47:31,android,163066,Same Old Same Old,Dr. John,In The Right Place,trackdone,trackdone,TRUE,FALSE
1nNdp8ux047V6jwF2YYMT9,2024-11-14 21:00:36,android,61106,Cantaloupe Island,El Chicano,Viva Tirado,trackdone,logout,TRUE,FALSE
1nNdp8ux047V6jwF2YYMT9,2024-11-14 21:22:29,android,307899,Cantaloupe Island,El Chicano,Viva Tirado,appload,trackdone,TRUE,FALSE
3nDfx9WqSNOfbuCP4yonzj,2024-11-14 21:28:19,android,349413,Gyöngyhajú lány,Omega,10000 lépés,trackdone,trackdone,TRUE,FALSE
6KrFZgeRhv6aQC41T0WGax,2024-11-14 21:31:22,android,182084,Slow Fast,The Pro-Teens,I Flip My Life Every Time I Fly,trackdone,trackdone,TRUE,FALSE
2axJJQBO4KbFsx0Twvb8mn,2024-11-14 21:35:17,android,235213,It Rains Love,Lee Fields & The Expressions,It Rains Love,trackdone,trackdone,TRUE,FALSE
5BdzVbXt2XEBmottYsFe5q,2024-11-14 21:39:27,android,248640,Angel Disco Love,落日飛車 Sunset Rollercoaster,CASSA NOVA,trackdone,trackdone,TRUE,FALSE
08XDypkeVbvjZkVBEkORmT,2024-11-14 21:43:10,android,222600,Sossego,Tim Maia,Brasilian Fiesta,trackdone,trackdone,TRUE,FALSE
5bkrp47YLvDHBiAVQ9Z1Wy,2024-11-14 21:47:11,android,241106,Lament For Piano,The Natural Yogurt Band,Away With Meloncholy,trackdone,trackdone,TRUE,FALSE
3h50tDyeGfPCwr1IjzKQOq,2024-11-14 21:50:04,android,171706,What You Don't Want Me to Be,Lee Moses,Time and Place (Digitally Remastered),trackdone,trackdone,TRUE,FALSE
6wbDINxAd1kUxvR3PKtUwR,2024-11-14 21:54:55,android,280706,Viva Tirado,El Chicano,Viva Tirado,trackdone,trackdone,TRUE,FALSE
7mDIt2hmuuDvV7jGtg2pnV,2024-11-14 22:27:22,android,203170,Okamin,Ajate,Abrada,trackdone,logout,TRUE,FALSE
7mDIt2hmuuDvV7jGtg2pnV,2024-11-14 22:42:01,android,149739,Okamin,Ajate,Abrada,appload,trackdone,TRUE,FALSE
0QgZ2k778hWtS5W1ohVKNF,2024-11-14 22:44:09,android,127587,Snakes,El Michels Affair,Return To The 37th Chamber,trackdone,trackdone,TRUE,FALSE
7zL6Co353zOAGrFHKGtJg3,2024-11-14 22:50:37,android,387595,Foodstamps,24 Carat Black,Ghetto: Misfortune's Wealth,trackdone,trackdone,TRUE,FALSE
1QmBbi20PFh9GLbyTJ0ifu,2024-11-14 22:54:05,android,207826,It Always Happens This Way,Toulouse,The Best of Toulouse,trackdone,trackdone,TRUE,FALSE
3W4IoNW4011i8qfCwN75Va,2024-11-14 23:01:10,android,424080,Abusey Junction,Kokoroko,KOKOROKO,trackdone,trackdone,TRUE,FALSE
1lDELORqnHLLTe1bYmHLq7,2024-11-14 23:04:30,android,199572,Safari Strut,Whitefield Brothers,Earthology,trackdone,trackdone,TRUE,FALSE
7wBc1GgjHtROXgq9oXQvwQ,2024-11-14 23:10:46,android,375266,Highlife Time,George Darko,Rhythm On The Radio - Oval Records Singles 1974-1987,trackdone,trackdone,TRUE,FALSE
06IfNMdoVrWAizU8boYYCt,2024-11-14 23:14:44,android,238561,Impeach the President,The Honey Drippers,Impeach the President,trackdone,trackdone,TRUE,FALSE
5Qtyn8oZBfhPJeeycVPEfu,2024-11-14 23:26:24,android,616919,Skylab,Dan Lacksman,The Sound Of Belgium Vol. 3,trackdone,logout,TRUE,FALSE
5Qtyn8oZBfhPJeeycVPEfu,2024-11-15 00:21:14,android,243189,Skylab,Dan Lacksman,The Sound Of Belgium Vol. 3,appload,trackdone,TRUE,FALSE
2Di0qFNb7ATroCGB3q0Ka7,2024-11-15 00:26:00,android,285906,West End Girls - 2018 Remaster,Pet Shop Boys,Please: Further Listening 1984 - 1986,trackdone,trackdone,TRUE,FALSE
6KWKWEDnwuxzTelIGBTsmo,2024-11-15 00:31:07,android,306160,Jive Samba,El Chicano,Painting The Moment,trackdone,trackdone,TRUE,FALSE
6bNXllulClg41ZIdLOzWFr,2024-11-15 00:35:49,android,282189,Deja Vu,Bobby Oroza,This Love,trackdone,trackdone,TRUE,FALSE
6WB66eSxZGspuQAD6KfdUb,2024-11-15 00:40:42,android,292066,クール・ヘッド,ゼロ戦,DIGGIN' VICTOR (The Compilation) Deep Into The Vaults Of Japanese Fusion & AOR selected by MURO,trackdone,trackdone,TRUE,FALSE
09UtWN0P9lpvpjKDpP8MyP,2024-11-15 00:43:37,android,174160,A Lover Was Born,Lee Dorsey,The Essential Lee Dorsey,trackdone,trackdone,TRUE,FALSE
2oJMkc2BI4hiSWiRvHNDyq,2024-11-15 00:46:42,android,185106,The 13 Moons of Neptune,The Natural Yogurt Band,The 13 Moons of Neptune / Satelites,trackdone,trackdone,TRUE,FALSE
0wva7TtE4QUkKtnMHP9BpT,2024-11-15 00:58:46,android,122401,Spill the Wine,War,Anthology 1970-1974,trackdone,logout,TRUE,FALSE
0wva7TtE4QUkKtnMHP9BpT,2024-11-15 16:05:44,android,123966,Spill the Wine,War,Anthology 1970-1974,appload,trackdone,TRUE,FALSE
2qLyLj5fFFlCGUyVSlfElI,2024-11-15 16:09:40,android,234413,Colores,El Chicano,Painting The Moment,trackdone,trackdone,TRUE,FALSE
2NIIJ5WfrK4ANNPHcOhSeb,2024-11-15 20:59:20,android,314520,Come On Home,The Lijadu Sisters,Horizon Unlimited,trackdone,trackdone,TRUE,FALSE
5bdTfWoBMoANdMiTVq7oRi,2024-11-15 21:03:51,android,269840,Fools,Drugdealer,Raw Honey,trackdone,trackdone,TRUE,FALSE
2koS4fD3kzizdnzWzyrxyT,2024-11-15 21:37:05,android,313493,Estrelar,Marcos Valle,Marcos Valle,trackdone,trackdone,TRUE,FALSE
6DpVRGSelmlUqjOaXrlS3N,2024-11-15 22:14:27,android,405871,"If I Like It, I Do It",Jamiroquai,Emergency on Planet Earth,trackdone,trackdone,TRUE,FALSE
0dccqEpeuG5wABOLJb7498,2024-11-15 22:14:37,android,8179,Girma's Lament,Karl Hector & The Malcouns,Unstraight Ahead,trackdone,endplay,TRUE,TRUE
7Ie9W94M7OjPoZVV216Xus,2024-11-15 22:18:52,android,248133,Not Afraid,Eminem,Recovery,playbtn,trackdone,TRUE,FALSE
57hGTDy3A5JFzbmIzrSYxF,2024-11-15 22:27:48,android,158655,Why Do I Keep Counting?,The Killers,Sam's Town,trackdone,endplay,TRUE,TRUE
57hGTDy3A5JFzbmIzrSYxF,2024-11-16 00:23:50,android,10360,Why Do I Keep Counting?,The Killers,Sam's Town,clickrow,endplay,TRUE,TRUE
3Ti0GdlrotgwsAVBBugv0I,2024-11-16 00:28:01,android,251573,Can I Kick It?,A Tribe Called Quest,People's Instinctive Travels and the Paths of Rhythm (25th Anniversary Edition),clickrow,trackdone,TRUE,FALSE
2MWoG6ZINVavRRNNrVPplf,2024-11-16 00:32:16,android,254293,"Girls, Girls, Girls (Part 2)",JAY-Z,The Blueprint,trackdone,trackdone,TRUE,FALSE
0fLILzjVXRCLC0lsNKcQ8I,2024-11-16 00:37:10,android,288573,P.I.M.P. - Snoop Dogg Remix,50 Cent,Get Rich Or Die Tryin',trackdone,trackdone,TRUE,FALSE
1PS1QMdUqOal0ai3Gt7sDQ,2024-11-16 00:40:41,android,207626,Gold Digger,Kanye West,Late Registration,trackdone,trackdone,TRUE,FALSE
3ia3dJETSOllPsv3LJkE35,2024-11-16 01:50:06,android,178673,California Love - Original Version,2Pac,Greatest Hits,trackdone,logout,TRUE,FALSE
3ia3dJETSOllPsv3LJkE35,2024-11-16 16:19:01,android,106242,California Love - Original Version,2Pac,Greatest Hits,appload,trackdone,TRUE,FALSE
3DQVgcqaP3iSMbaKsd57l5,2024-11-16 16:19:14,android,12169,I Bet You Look Good On The Dancefloor,Arctic Monkeys,"Whatever People Say I Am, That's What I'm Not",trackdone,fwdbtn,TRUE,TRUE
2B1fuWoWaYnCXbjYp1gXg5,2024-11-16 16:22:21,android,187800,Boomerang,Imagine Dragons,Origins,fwdbtn,trackdone,TRUE,FALSE
2t2gZb03AlCSlBzbWeeHsM,2024-11-16 16:36:57,android,256053,Take It Away - Remixed 2015,Paul McCartney,Tug Of War,trackdone,trackdone,TRUE,FALSE
2Xn7NadvZ56D0B2D7x2CSL,2024-11-16 16:39:30,android,152346,Crucify Your Mind,Rodríguez,Cold Fact,trackdone,trackdone,TRUE,FALSE
7FiJpVqkeiMHH3AzUgyJqx,2024-11-16 16:42:32,android,180760,Out Among the Stars,Johnny Cash,Out Among The Stars,trackdone,trackdone,TRUE,FALSE
2G4ED1sd5GOBvNSHhRadye,2024-11-16 16:42:44,android,11052,"Quadrille ohne Titel, Op. 248",Johann Strauss I,"Johann Strauss I Edition, Vol. 25",trackdone,fwdbtn,TRUE,TRUE
49tHxtAbxR4dcj8ANcC5xY,2024-11-16 16:47:23,android,279560,Prize Fighter,The Killers,Battle Born,fwdbtn,trackdone,TRUE,FALSE
23FeHDJaegIZF0dpH4x1Tf,2024-11-16 16:51:37,android,253920,South Bound Saurez - Remaster,Led Zeppelin,In Through the out Door,trackdone,trackdone,TRUE,FALSE
3XTMlSEQR8cLQsNONpawJa,2024-11-16 16:55:54,android,256706,Fat Bottomed Girls,Queen,Jazz,trackdone,trackdone,TRUE,FALSE
5oQZ732nUDjcy0wnSiQkPl,2024-11-16 16:59:00,android,184706,Double Crossin' Time,John Mayall & The Bluesbreakers,Blues Breakers,trackdone,trackdone,TRUE,FALSE
0JC3C0VyfdXOWGvs49D0S6,2024-11-16 17:02:47,android,226306,There Is No Time,Lou Reed,New York,trackdone,trackdone,TRUE,FALSE
4bvi8n8Xa2kX0UG02cvuE9,2024-11-16 20:14:52,android,195000,Married with Children - Remastered,Oasis,Definitely Maybe,trackdone,trackdone,TRUE,FALSE
3q8LBIqDChhcA1LkYKw2QL,2024-11-16 20:43:21,android,12975,Unpack Your Heart,Phillip Phillips,Behind The Light,trackdone,endplay,TRUE,TRUE
3q8LBIqDChhcA1LkYKw2QL,2024-11-16 21:28:14,android,19414,Unpack Your Heart,Phillip Phillips,Behind The Light,remote,endplay,TRUE,TRUE
3DQVgcqaP3iSMbaKsd57l5,2024-11-17 01:03:10,android,54524,I Bet You Look Good On The Dancefloor,Arctic Monkeys,"Whatever People Say I Am, That's What I'm Not",trackerror,endplay,TRUE,TRUE
3DQVgcqaP3iSMbaKsd57l5,2024-11-17 03:35:06,android,70272,I Bet You Look Good On The Dancefloor,Arctic Monkeys,"Whatever People Say I Am, That's What I'm Not",remote,endplay,TRUE,TRUE
3DQVgcqaP3iSMbaKsd57l5,2024-11-17 05:26:31,android,28585,I Bet You Look Good On The Dancefloor,Arctic Monkeys,"Whatever People Say I Am, That's What I'm Not",clickrow,endplay,TRUE,TRUE
1XcUn5PE9d42zWamWgRG2x,2024-11-17 05:30:17,android,226960,Heaven,Los Lonely Boys,Los Lonely Boys,clickrow,trackdone,FALSE,FALSE
34LC2Eufl0K53iiYll52ZZ,2024-11-17 05:36:54,android,396314,Happy Endings,Faul,Happy Endings,trackdone,trackdone,TRUE,FALSE
7wY92RilZka5FCdSvoyOtC,2024-11-17 05:43:31,android,278291,Syncopated Healing,Twiddle,Plump (Chapters 1 & 2),trackdone,trackdone,TRUE,FALSE
1kwXsVjIN609KIcqpFYKtL,2024-11-17 05:49:37,android,336115,Doses and Mimosas,Mix Factor,Fresh Hits - 2014 - Vol. 17,trackdone,trackdone,TRUE,FALSE
0a8ySgiocIL3YIDDdOrAxF,2024-11-17 05:54:05,android,268706,Dancing at the Blue Lagoon,Cayucas,Dancing at the Blue Lagoon,trackdone,trackdone,TRUE,FALSE
3B4q6KbHbGV51HO3GznBFF,2024-11-17 05:56:57,android,170906,What I Got,Sublime,Sublime,trackdone,trackdone,TRUE,FALSE
7GmiJVBAzWNikX5VkNQg85,2024-11-17 06:00:26,android,208226,Hawaiian Roller Coaster Ride,Mark Keali'i Ho'omalu,Lilo & Stitch,trackdone,trackdone,TRUE,FALSE
35U4PXL3W3XIkAjEUdhr36,2024-11-17 06:06:35,android,368773,Harvest Moon,Poolside,Pacific Standard Time,trackdone,trackdone,TRUE,FALSE
39M3cqt4pxZN3s99VxMWYf,2024-11-17 06:10:09,android,213133,Sex on the Regular,Miniature Tigers,Mia Pharaoh,trackdone,trackdone,TRUE,FALSE
2NF8A7C6tICScdRaZ0BrEe,2024-11-17 06:12:40,android,151011,Katchi - Ofenbach vs. Nick Waterhouse,Ofenbach,Katchi (Ofenbach vs. Nick Waterhouse),trackdone,trackdone,TRUE,FALSE
59FK9uQYzunUJOLky9K4yK,2024-11-17 06:15:10,android,149613,Rivers Of Babylon,Sublime,40oz. To Freedom,trackdone,trackdone,TRUE,FALSE
4qPPrtz8Q4OJOjpACA7UFl,2024-11-17 06:18:56,android,225467,Control,Olympic Ayres,Control,trackdone,trackdone,TRUE,FALSE
2uXlHCUbq9OMUwx3hrk06o,2024-11-17 06:22:21,android,204280,Riptide,Vance Joy,Dream Your Life Away,trackdone,trackdone,TRUE,FALSE
12je8giC2S9smUHJ81tpiL,2024-11-17 06:25:56,android,214933,5 Years Time,Noah And The Whale,"Peaceful, The World Lays Me Down",trackdone,trackdone,TRUE,FALSE
2GiJYvgVaD2HtM8GqD9EgQ,2024-11-17 06:29:35,android,218106,Electric Love,BØRNS,Dopamine,trackdone,trackdone,TRUE,FALSE
0sgx4UjoIrLB8rFURf3tIr,2024-11-17 06:33:21,android,225093,True To Myself,Ziggy Marley,Reggae Classics,trackdone,trackdone,TRUE,FALSE
4cScJvGYCkfsXhQUS8cZyX,2024-11-17 06:36:20,android,178866,One Love / People Get Ready - Exodus 40 Mix,Bob Marley & The Wailers,Exodus 40,trackdone,trackdone,TRUE,FALSE
25U7raB3ZSszayTYClh4hF,2024-11-17 06:41:28,android,308026,Somewhere Over The Rainbow_What A Wonderful World,Israel Kamakawiwo'ole,Facing Future,trackdone,trackdone,TRUE,FALSE
1jy7SkRcmBCTcv4ZMtwz29,2024-11-17 06:46:12,android,283066,Loud Places,Jamie xx,In Colour,trackdone,trackdone,TRUE,FALSE
383B8ksM58jbV3HbiRJo0K,2024-11-17 06:50:08,android,235760,Say Hey (I Love You) (feat. Cherine Anderson),Michael Franti & Spearhead,All Rebel Rockers,trackdone,trackdone,TRUE,FALSE
1jJci4qxiYcOHhQR247rEU,2024-11-17 06:55:12,android,302840,Kids,MGMT,Oracular Spectacular,trackdone,trackdone,TRUE,FALSE
5Cl0T1nwxwxyMnrAXz9uQB,2024-11-17 06:58:55,android,222213,Nantucket Island,Willie Wright,Telling The Truth,trackdone,trackdone,TRUE,FALSE
4JokKmIbiyDvkXRJlXPd6z,2024-11-17 07:15:02,android,967386,"#41 - Live at Wrigley Field, Chicago, IL - September 2010",Dave Matthews Band,Live At Wrigley Field,trackdone,trackdone,TRUE,FALSE
6UqRGwjwYL0stXbaodTxwo,2024-11-17 07:18:34,android,210853,Seve - Radio Edit,Tez Cadey,Seve,trackdone,trackdone,TRUE,FALSE
6jSsEnwJ0LlKqxLYtDVj1U,2024-11-17 07:25:09,android,394677,La Vida,Mi Casa,Mi Casa,trackdone,trackdone,TRUE,FALSE
4pYQb0fYwPbTD09uDhiQzU,2024-11-17 08:19:33,android,108975,Bouncing Around the Room,Phish,Lawn Boy,trackdone,logout,TRUE,FALSE
4pYQb0fYwPbTD09uDhiQzU,2024-11-17 22:57:58,android,60419,Bouncing Around the Room,Phish,Lawn Boy,appload,endplay,TRUE,TRUE
4bw8mcDUSRWfQo63ZTYRnU,2024-11-17 23:00:20,android,142334,Según Quién,Maluma,Don Juan,clickrow,trackdone,TRUE,FALSE
00oZhqZIQfL9P5CjOP6JsO,2024-11-17 23:00:34,android,13101,Tomorrow Never Knows - Remastered 2009,The Beatles,Revolver,trackdone,fwdbtn,TRUE,TRUE
3RdQfyk7BBxxIx0zSnCBIw,2024-11-17 23:04:06,android,212888,The Hardest Button to Button,The White Stripes,Elephant,fwdbtn,trackdone,TRUE,FALSE
10EGxvr4fSE42ABWZeJ3K3,2024-11-17 23:08:08,android,240626,Izzo (H.O.V.A.),JAY-Z,The Blueprint,trackdone,trackdone,TRUE,FALSE
2rOIwGrq4i6D4Lh3CsmdN0,2024-11-17 23:08:26,android,17041,The Gun,Lou Reed,The Blue Mask,trackdone,fwdbtn,TRUE,TRUE
64P3zpRsDHIk7YTpRtaKYL,2024-11-17 23:08:28,android,2123,Everybody's Got Something To Hide Except Me And My Monkey - Remastered 2009,The Beatles,The Beatles,fwdbtn,fwdbtn,TRUE,TRUE
0wmYFlVkmGVUtfcY1r0SrP,2024-11-17 23:11:59,android,212226,Grita,Jarabe De Palo,La Flaca,fwdbtn,trackdone,TRUE,FALSE
6FRo3Zj550jo20vJzhH5UC,2024-11-17 23:12:30,android,29691,Patience,The Lumineers,Cleopatra,trackdone,fwdbtn,TRUE,TRUE
1tcKAOCAgT09wHePqahwOc,2024-11-17 23:12:32,android,1530,John Lennon,The Outfield,Diamond Days,fwdbtn,fwdbtn,TRUE,TRUE
1cXXHKH2kMDmtOEK73q6sf,2024-11-17 23:12:34,android,1705,I Think Of You,Rodríguez,Coming From Reality,fwdbtn,fwdbtn,TRUE,TRUE
5e7fP686wivIIJLX5TmJ6l,2024-11-17 23:12:36,android,1593,Who Am I? / The Trial - Live,Colm Wilkinson,Les Misérables (10th Anniversary Concert Live at Royal Albert Hall),fwdbtn,fwdbtn,TRUE,TRUE
1oyYDQSd9QL06uwYw5F6vx,2024-11-17 23:12:38,android,1513,C'est La Vie,The Killers,Imploding The Mirage,fwdbtn,fwdbtn,TRUE,TRUE
7DUTYJGWHalTp97kFDmU64,2024-11-18 00:05:30,android,291073,Dominoes,Paul McCartney,Egypt Station,fwdbtn,endplay,TRUE,TRUE
7DUTYJGWHalTp97kFDmU64,2024-11-18 00:38:51,android,11182,Dominoes,Paul McCartney,Egypt Station,remote,trackdone,TRUE,FALSE
00oZhqZIQfL9P5CjOP6JsO,2024-11-18 01:01:57,android,179546,Tomorrow Never Knows - Remastered 2009,The Beatles,Revolver,trackdone,trackdone,TRUE,FALSE
3RdQfyk7BBxxIx0zSnCBIw,2024-11-18 01:21:33,android,212888,The Hardest Button to Button,The White Stripes,Elephant,trackdone,trackdone,TRUE,FALSE
2rOIwGrq4i6D4Lh3CsmdN0,2024-11-18 01:21:54,android,19463,The Gun,Lou Reed,The Blue Mask,trackdone,fwdbtn,TRUE,TRUE
64P3zpRsDHIk7YTpRtaKYL,2024-11-18 01:21:56,android,1504,Everybody's Got Something To Hide Except Me And My Monkey - Remastered 2009,The Beatles,The Beatles,fwdbtn,fwdbtn,TRUE,TRUE
0wmYFlVkmGVUtfcY1r0SrP,2024-11-18 01:21:57,android,1504,Grita,Jarabe De Palo,La Flaca,fwdbtn,fwdbtn,TRUE,TRUE
6FRo3Zj550jo20vJzhH5UC,2024-11-18 01:21:59,android,1914,Patience,The Lumineers,Cleopatra,fwdbtn,fwdbtn,TRUE,TRUE
1tcKAOCAgT09wHePqahwOc,2024-11-18 01:22:00,android,1021,John Lennon,The Outfield,Diamond Days,fwdbtn,fwdbtn,TRUE,TRUE
1cXXHKH2kMDmtOEK73q6sf,2024-11-18 01:22:01,android,918,I Think Of You,Rodríguez,Coming From Reality,fwdbtn,fwdbtn,TRUE,TRUE
5e7fP686wivIIJLX5TmJ6l,2024-11-18 01:22:02,android,947,Who Am I? / The Trial - Live,Colm Wilkinson,Les Misérables (10th Anniversary Concert Live at Royal Albert Hall),fwdbtn,fwdbtn,TRUE,TRUE
1oyYDQSd9QL06uwYw5F6vx,2024-11-18 01:22:03,android,781,C'est La Vie,The Killers,Imploding The Mirage,fwdbtn,fwdbtn,TRUE,TRUE
0pQskrTITgmCMyr85tb9qq,2024-11-18 01:22:04,android,285,Starman - 2012 Remaster,David Bowie,The Rise and Fall of Ziggy Stardust and the Spiders from Mars,fwdbtn,fwdbtn,TRUE,TRUE
2rtGaCAeYtmcIvuZsvgTf6,2024-11-18 01:22:04,android,650,How to Disappear Completely,Radiohead,Kid A,fwdbtn,fwdbtn,TRUE,TRUE
4czeOwtZiBPVKNtmctTcKb,2024-11-18 01:22:05,android,1408,That Was the President,Phil Ochs,I Ain't Marching Anymore,fwdbtn,fwdbtn,TRUE,TRUE
5ekl3XnNi8NcqgUBsZcnIM,2024-11-18 01:22:06,android,933,Acquiesce,Oasis,The Masterplan,fwdbtn,fwdbtn,TRUE,TRUE
76cy1WJvNGJTj78UqeA5zr,2024-11-18 01:22:08,android,1355,IDGAF,Dua Lipa,Dua Lipa,fwdbtn,fwdbtn,TRUE,TRUE
1HX9kKDz6dG4fmLBuKVzOF,2024-11-18 01:22:09,android,1097,Quién Me Ha Robado el Mes de Abril,Joaquín Sabina,El Hombre Del Traje Gris,fwdbtn,fwdbtn,TRUE,TRUE
50DMG6AvtNzbrxMc62w6ph,2024-11-18 01:22:10,android,902,Bold as Love,John Mayer,Continuum,fwdbtn,fwdbtn,TRUE,TRUE
3IvTwPCCjfZczCN2k4qPiH,2024-11-18 01:25:19,android,190065,Dirty Work,Steely Dan,Can't Buy A Thrill,fwdbtn,trackdone,TRUE,FALSE
06Qha323s06okpZ4LmMX7P,2024-11-18 01:29:02,android,222282,Love Illumination,Franz Ferdinand,"Right Thoughts, Right Words, Right Action",trackdone,trackdone,TRUE,FALSE
51lFmualwKa5E8HqERdXom,2024-11-18 01:33:03,android,240109,Unknown Brother,The Black Keys,Brothers,trackdone,trackdone,TRUE,FALSE
3B3eOgLJSqPEA0RfboIQVM,2024-11-18 01:37:02,android,238520,Skinny Love,Bon Iver,"For Emma, Forever Ago",trackdone,trackdone,TRUE,FALSE
7nL48xOPl0CraSaxKonp8j,2024-11-18 01:40:08,android,186133,That's Life,Frank Sinatra,Ultimate Sinatra,trackdone,trackdone,TRUE,FALSE
06G2WECaILEJFMD2CWNSiI,2024-11-18 01:40:25,android,15791,"Goodnight, Travel Well",The Killers,Day & Age,trackdone,fwdbtn,TRUE,TRUE
3Jnxngdff0lVu2rza1GVx6,2024-11-18 01:43:13,android,167720,Paranoid - 2009 Remaster,Black Sabbath,Paranoid,fwdbtn,trackdone,TRUE,FALSE
2rhFaau65TFMv4mACtE9it,2024-11-18 01:50:51,android,456893,Scenes from an Italian Restaurant,Billy Joel,The Stranger,trackdone,trackdone,TRUE,FALSE
1Ipyu3OiogrZVxmhAE7Jiy,2024-11-18 01:51:34,android,42383,Encore 2: One Day More - Live,"The ""Les Misérables"" 10th Anniversary Full Cast",Les Misérables (10th Anniversary Concert Live at Royal Albert Hall),trackdone,fwdbtn,TRUE,TRUE
3iEl8l2BUT8FADP9OZCdsO,2024-11-18 01:55:19,android,171706,The Village Green Preservation Society - 2018 Stereo Remaster,The Kinks,The Kinks Are the Village Green Preservation Society,fwdbtn,trackdone,TRUE,FALSE
6h9W5FxX4E9lUFsyq8j1AD,2024-11-18 03:59:06,android,162093,Lovely Rita - Remastered 2009,The Beatles,Sgt. Pepper's Lonely Hearts Club Band,trackdone,trackdone,TRUE,FALSE
5IXk9TVBuxG87sFrwclBJw,2024-11-18 04:02:25,android,199200,Music To My Eyes,Lady Gaga,A Star Is Born Soundtrack,trackdone,trackdone,TRUE,FALSE
3yAxxrbz8QtaJsmQhDgSTt,2024-11-18 04:07:09,android,235373,Summer Paradise (feat. K'naan),Simple Plan,Get Your Heart On!,trackdone,trackdone,TRUE,FALSE
4rDoJqNRPN3SoXfi79lvES,2024-11-18 04:07:44,android,32861,Des Rse,Poloc,Des Rse,trackdone,fwdbtn,TRUE,TRUE
6GG73Jik4jUlQCkKg9JuGO,2024-11-18 04:10:29,android,165853,The Middle,Jimmy Eat World,Bleed American,fwdbtn,trackdone,TRUE,FALSE
1h04XMpzGzmAudoI6VHBgA,2024-11-18 04:13:30,android,180893,Penny Lane - Remastered 2009,The Beatles,Magical Mystery Tour,trackdone,trackdone,TRUE,FALSE
0bozYJjedwJwsvg7WWrWnX,2024-11-18 04:17:04,android,213060,Diez Mil Maneras,David Bisbal,Tú Y Yo,trackdone,trackdone,TRUE,FALSE
2O3l4X1yTua8oMMCtazkyo,2024-11-18 04:17:32,android,27328,The Happiest Days of Our Lives,Pink Floyd,The Wall,trackdone,fwdbtn,TRUE,TRUE
5u6y4u5EgDv0peILf60H5t,2024-11-18 04:21:49,android,256933,Oye Como Va,Santana,Abraxas,fwdbtn,trackdone,TRUE,FALSE
7y1hMqXNa0dKQLZH7CKbUG,2024-11-18 04:21:58,android,8248,Don't Bother Me - Remastered 2009,The Beatles,With The Beatles,trackdone,fwdbtn,TRUE,TRUE
1G4s7WkhgmdQvYaGCHjw1G,2024-11-18 04:22:00,android,1817,"Theme from ""The Search for Everything""",John Mayer,The Search for Everything,fwdbtn,fwdbtn,TRUE,TRUE
12DFuWdXxlFhJwa32ikoAL,2024-11-18 04:22:03,android,3179,After The Storm,Mumford & Sons,Sigh No More,fwdbtn,fwdbtn,TRUE,TRUE
2VNuEsFUWpcIsGVkFu5ddt,2024-11-18 04:22:04,android,1299,Hopeless Wanderer,Mumford & Sons,Babel,fwdbtn,fwdbtn,TRUE,TRUE
6IxjjPfULg5XvnARR8yFnX,2024-11-18 04:22:06,android,1800,Tú y las nubes - con Banda El Recodo,Pedro Infante,Adios a Mis Chorreadas,fwdbtn,fwdbtn,TRUE,TRUE
35YyxFpE0ZTOoqFx5bADW8,2024-11-18 04:22:08,android,1589,Nude,Radiohead,In Rainbows,fwdbtn,fwdbtn,TRUE,TRUE
3KX0CbXVvEb81gL0LIanR4,2024-11-18 04:22:10,android,1266,Empty Room,Arcade Fire,The Suburbs (Deluxe),fwdbtn,fwdbtn,TRUE,TRUE
4Jw6ENp38dMtW97Ll0BkZz,2024-11-18 04:22:12,android,2163,No Surprises,Scott Bradlee's Postmodern Jukebox,33 Resolutions Per Minute,fwdbtn,fwdbtn,TRUE,TRUE
3E5ndyOfO6vFDEIE42HA8o,2024-11-18 04:22:14,android,2246,Mack the Knife,Bobby Darin,That's All,fwdbtn,fwdbtn,TRUE,TRUE
28KTisZDzhDBALLSvRf4wv,2024-11-18 04:22:23,android,9021,Orange Blossom Special,Johnny Cash,Orange Blossom Special,fwdbtn,fwdbtn,TRUE,TRUE
4rMNgxEwGWoPHIUcvB5BrB,2024-11-18 04:26:40,android,257847,It Will Rain,Bruno Mars,It Will Rain,fwdbtn,trackdone,TRUE,FALSE
2O8AQadTJzQ3wdhSNRHdYg,2024-11-18 04:26:49,android,7750,The King of the Golden Hall,Howard Shore,The Lord of the Rings: The Two Towers (Original Motion Picture Soundtrack),trackdone,fwdbtn,TRUE,TRUE
7KCVv4G214JjjAz2B9eM7H,2024-11-18 04:26:53,android,3302,Wonderful Wonderful,The Killers,Wonderful Wonderful,fwdbtn,fwdbtn,TRUE,TRUE
4RvW5ggYKC7bCDX4UUSSDc,2024-11-18 04:26:55,android,1649,Sleep On The Floor,The Lumineers,Cleopatra,fwdbtn,fwdbtn,TRUE,TRUE
50nMTUEOuBUF7Q3FRs8Qpw,2024-11-18 04:31:34,android,280493,Jilted Lovers & Broken Hearts,Brandon Flowers,Flamingo,fwdbtn,trackdone,TRUE,FALSE
0tgBtQ0ISnMQOKorrN9HLX,2024-11-18 04:34:42,android,187306,Last Train Home,John Mayer,Sob Rock,trackdone,trackdone,TRUE,FALSE
5VWC7v2dC2K0SIIjT9WTLN,2024-11-18 04:37:42,android,178454,Welcome to the Machine,Pink Floyd,Wish You Were Here,trackdone,fwdbtn,TRUE,TRUE
1vwEgKpkdY63nX0jrrYj9X,2024-11-18 04:37:46,android,4302,The Calling,The Killers,Wonderful Wonderful,fwdbtn,fwdbtn,TRUE,TRUE
2Xdc6qyaFBJZ8QW1KhpVci,2024-11-18 04:37:49,android,2823,Soul Kitchen,The Doors,The Doors,fwdbtn,fwdbtn,TRUE,TRUE
5NnQpVPJKpFdGFkIdY1Gds,2024-11-18 04:37:59,android,9124,My Own Soul’s Warning,The Killers,Imploding The Mirage,fwdbtn,fwdbtn,TRUE,TRUE
1tDWVeCR9oWGX8d5J9rswk,2024-11-18 04:38:05,android,5753,Eclipse,Pink Floyd,The Dark Side of the Moon,fwdbtn,fwdbtn,TRUE,TRUE
1xsYj84j7hUDDnTTerGWlH,2024-11-18 04:38:06,android,1813,Dream On,Aerosmith,Aerosmith,fwdbtn,fwdbtn,TRUE,TRUE
4XNrMwGx1SqP01sqkGTDmo,2024-11-18 04:38:08,android,1337,One More Night,Maroon 5,Overexposed,fwdbtn,fwdbtn,TRUE,TRUE
383QXk8nb2YrARMUwDdjQS,2024-11-18 04:38:12,android,4295,Psycho,Muse,Drones,fwdbtn,fwdbtn,TRUE,TRUE
22liiDlooc4K8QlmveDq8b,2024-11-18 04:38:16,android,3365,Let It Rain,Zac Brown Band,"The Grohl Sessions, Vol. 1",fwdbtn,fwdbtn,TRUE,TRUE
6QdwofpqDvvNxX88C9A0iQ,2024-11-18 04:41:32,android,196360,Nada Valgo Sin Tu Amor,Juanes,Mi Sangre,fwdbtn,trackdone,TRUE,FALSE
40d2EcaOOCUjDzzo2YvUWn,2024-11-18 04:44:39,android,186306,"Long, Long, Long - Remastered 2009",The Beatles,The Beatles,trackdone,trackdone,TRUE,FALSE
7AtsEX4pJqmAaIajlMwaPU,2024-11-18 04:44:57,android,17580,"Neon - Live at the Nokia Theatre, Los Angeles, CA - December 2007",John Mayer,Where the Light Is: John Mayer Live In Los Angeles,trackdone,fwdbtn,TRUE,TRUE
3hx9T4CWGDvMbINMBfyrnW,2024-11-18 04:48:22,android,205226,Mediterraneo,Joan Manuel Serrat,Discografía en Castellano,fwdbtn,trackdone,TRUE,FALSE
25FcpZ9z5idbBaJXPEnHsC,2024-11-18 04:51:38,android,195621,By God,Houndmouth,Little Neon Limelight,trackdone,trackdone,TRUE,FALSE
2u295Qd2IeM1V8AsNyz0Zv,2024-11-18 04:55:25,android,227066,On My Way,Passion Pit,Gossamer,trackdone,trackdone,TRUE,FALSE
2VsX1BoWSGiuVXGiFSUr6h,2024-11-18 04:56:06,android,40040,Maggie Mae - Remastered 2009,The Beatles,Let It Be,trackdone,trackdone,TRUE,FALSE
24AFErHUiORpll04wrR6u4,2024-11-18 04:56:26,android,18367,Eleanor Put Your Boots On,Franz Ferdinand,You Could Have It So Much Better,trackdone,fwdbtn,TRUE,TRUE
7mar4DMFlVi5DwbarqP38M,2024-11-18 04:59:54,android,208698,Paper Crown,Liam Gallagher,As You Were,fwdbtn,trackdone,TRUE,FALSE
3YubPkIjza38KmXTIGdk91,2024-11-18 05:00:00,android,4779,Te Solté la Rienda,José Alfredo Jimenez,El Cantinero,trackdone,fwdbtn,TRUE,TRUE
1Ag8YqvKOcwapkaRJG66p8,2024-11-18 05:04:25,android,265466,Mother's Daughter,Santana,Abraxas,fwdbtn,trackdone,TRUE,FALSE
6aeOSY6fPsvGTzyXi65pNY,2024-11-18 05:04:30,android,3961,Leopard-Skin Pill-Box Hat,Bob Dylan,Blonde On Blonde,trackdone,fwdbtn,TRUE,TRUE
5kZD0TTSYAgRzciBtKCmgT,2024-11-18 05:04:34,android,4704,It's hard to get around the wind,Alex Turner,Submarine - Original Songs From The Film By Alex Turner,fwdbtn,fwdbtn,TRUE,TRUE
41sMIRH4WBcDKIDw8RJUlc,2024-11-18 05:07:12,android,158573,Countdown,The Black Keys,The Big Come Up,fwdbtn,trackdone,TRUE,FALSE
6DUKQUhWqUySYngLXLNwP2,2024-11-18 05:10:40,android,207133,Automatic Stop,The Strokes,Room On Fire,trackdone,trackdone,TRUE,FALSE
7H26s3Beg4PYBXkj0q9SEi,2024-11-18 05:19:39,android,538213,"Say Hello, Wave Goodbye",David Gray,White Ladder,trackdone,trackdone,TRUE,FALSE
3Si9u9FVlUTcUXVcawnstJ,2024-11-18 05:22:19,android,159421,Ballad of Hollis Brown,Bob Dylan,The Times They Are A-Changin',trackdone,fwdbtn,TRUE,TRUE
02bJ6uGeHKfNOhIc9qyA8e,2024-11-18 05:25:03,android,164866,Wild Child,The Black Keys,Dropout Boogie,fwdbtn,trackdone,TRUE,FALSE
2ZssXuZfktUr4MMDzEWD2Z,2024-11-18 05:28:38,android,214426,Good God Damn,Arcade Fire,Everything Now,trackdone,trackdone,TRUE,FALSE
40GFPBolcy0yucApV9uxq2,2024-11-18 06:21:26,android,172315,One of Us Must Know (Sooner or Later),Bob Dylan,Blonde On Blonde,trackdone,fwdbtn,TRUE,TRUE
5n0CTysih20NYdT2S0Wpe8,2024-11-18 06:25:11,android,225973,Trouble,Cage The Elephant,Tell Me I'm Pretty,fwdbtn,trackdone,TRUE,FALSE
2QfiRTz5Yc8DdShCxG1tB2,2024-11-18 06:27:53,android,161560,Johnny B. Goode,Chuck Berry,Berry Is On Top,trackdone,trackdone,TRUE,FALSE
5Z3Rd1fMcaty8g5Pn7yhBQ,2024-11-18 06:28:03,android,8405,The Continuing Story Of Bungalow Bill - Remastered 2009,The Beatles,The Beatles,trackdone,fwdbtn,TRUE,TRUE
34gCuhDGsG4bRPIf9bb02f,2024-11-18 06:28:05,android,1576,Thinking out Loud,Ed Sheeran,x,fwdbtn,fwdbtn,TRUE,TRUE
1ZS5HBMAmZk3gjFcedts66,2024-11-18 06:28:06,android,1482,Sway - 2009 Mix,The Rolling Stones,Sticky Fingers,fwdbtn,fwdbtn,TRUE,TRUE
1kDkaFlmkdEZiVUogaP9OZ,2024-11-18 06:30:05,android,119813,For No One - Remastered 2009,The Beatles,Revolver,fwdbtn,trackdone,TRUE,FALSE
2sjmitOYix0e0FXAR5Cvvc,2024-11-18 16:40:59,android,199617,The Staunton Lick,Lemon Jelly,LemonJelly.ky,trackdone,unexpected-exit-while-paused,TRUE,FALSE
2sjmitOYix0e0FXAR5Cvvc,2024-11-18 16:43:08,android,122517,The Staunton Lick,Lemon Jelly,LemonJelly.ky,appload,trackdone,TRUE,FALSE
6uXDMINfe9KJETjkzekznW,2024-11-18 16:47:37,android,268613,New Divide,Linkin Park,New Divide,trackdone,trackdone,TRUE,FALSE
49NfiXJHlZoexjMjqWIPQQ,2024-11-18 16:50:40,android,182386,"Green, Green Grass of Home - Live at Folsom State Prison, Folsom, CA - January 1968",Johnny Cash,At Folsom Prison,trackdone,trackdone,TRUE,FALSE
1wo3UYTeizJHkwYIuLuBPF,2024-11-18 17:04:20,android,451320,Champagne Supernova - Remastered,Oasis,(What's The Story) Morning Glory?,trackdone,trackdone,TRUE,FALSE
3MJov5mT64K42o1Rffhblq,2024-11-18 17:07:17,android,176026,Never in My Wildest Dreams,Dan Auerbach,Waiting on a Song,trackdone,trackdone,TRUE,FALSE
1lNgVbVhytRKmYNneZ01pG,2024-11-18 17:13:02,android,344800,Flesh And Bone - Jacques Lu Cont Remix,The Killers,Battle Born,trackdone,trackdone,TRUE,FALSE
2AEpZqVzhE9w5soqgqDteN,2024-11-18 17:21:13,android,278693,I Dreamed A Dream - Live,Ruthie Henshall,Les Misérables (10th Anniversary Concert Live at Royal Albert Hall),trackdone,trackdone,TRUE,FALSE
2RZ8SjEJYJHZ8YCUzls77w,2024-11-18 17:24:50,android,216493,Flags,Coldplay,Flags,trackdone,trackdone,TRUE,FALSE
3p7OmxLI7uasPg2WP0eqoN,2024-11-18 19:09:59,android,96002,"Wreck of the Old 97 - Live at San Quentin State Prison, San Quentin, CA - February 1969",Johnny Cash,At San Quentin,trackdone,endplay,TRUE,TRUE
5ByAIlEEnxYdvpnezg7HTX,2024-11-18 19:15:01,android,302760,Juicy - 2005 Remaster,The Notorious B.I.G.,Ready to Die,clickrow,trackdone,TRUE,FALSE
0FDzzruyVECATHXKHFs9eJ,2024-11-18 19:15:40,android,38260,A Sky Full of Stars,Coldplay,Ghost Stories,trackdone,fwdbtn,TRUE,TRUE
5rfT032kGmLvbxZzfHlu5D,2024-11-18 19:15:44,android,3890,In the Aeroplane Over the Sea,Neutral Milk Hotel,In the Aeroplane Over the Sea,fwdbtn,fwdbtn,TRUE,TRUE
5Aq5TIy9jVK70aL7xcE9oa,2024-11-18 19:15:45,android,657,Dear Marie,John Mayer,Paradise Valley,fwdbtn,fwdbtn,TRUE,TRUE
1ZUv3ISx2nFaz0JimVdcoT,2024-11-18 19:15:46,android,862,That's the Way - Remaster,Led Zeppelin,Led Zeppelin III,fwdbtn,fwdbtn,TRUE,TRUE
5LXj9Ch3O9ATm1NoHT8GXn,2024-11-18 19:15:52,android,5777,Hypnotised,Coldplay,Hypnotised,fwdbtn,endplay,TRUE,TRUE
0trHOzAhNpGCsGBEu7dOJo,2024-11-18 19:19:02,android,189775,N.Y. State of Mind,Nas,Illmatic,clickrow,endplay,TRUE,TRUE
2bV4NwncWMnVvcWyU2yxwB,2024-11-18 19:19:04,android,1992,hole in the bottle (with Shania Twain),Kelsea Ballerini,hole in the bottle (with Shania Twain),clickrow,endplay,TRUE,TRUE
2bV4NwncWMnVvcWyU2yxwB,2024-11-18 19:21:40,android,156275,hole in the bottle (with Shania Twain),Kelsea Ballerini,hole in the bottle (with Shania Twain),clickrow,trackdone,TRUE,FALSE
4XOVGSQjmxtSbt3pKk0Ouh,2024-11-18 19:22:48,android,67009,Preacher,OneRepublic,Native,trackdone,fwdbtn,TRUE,TRUE
0WT17Tp3QzUK9zqeGILkuL,2024-11-18 19:22:49,android,1121,Fire In Bone,The Killers,Imploding The Mirage,fwdbtn,fwdbtn,TRUE,TRUE
6BIRIBJuEGLds1oAxvybLO,2024-11-18 19:22:50,android,985,Fallaste Corazón,Pedro Infante,Mexico Gran Colección Ranchera: Pedro Infante,fwdbtn,fwdbtn,TRUE,TRUE
14CsqOaDkOkrZ49UJLtuOJ,2024-11-18 19:22:52,android,1938,"So Long, Marianne",Leonard Cohen,Songs Of Leonard Cohen,fwdbtn,fwdbtn,TRUE,TRUE
2c4FRqXnna2YeC4lShVONV,2024-11-18 19:22:53,android,774,Call Me The Breeze,John Mayer,Paradise Valley,fwdbtn,fwdbtn,TRUE,TRUE
6981hdSOqG8tP6xTqaySa1,2024-11-18 19:22:54,android,1541,Ojos Verdes,Julión Álvarez y su Norteño Banda,Soy Lo Que Quiero... Indispensable,fwdbtn,fwdbtn,TRUE,TRUE
4S6BDExVCTDES6DXGLaGh7,2024-11-18 19:22:56,android,1210,Between The Raindrops,Lifehouse,Almeria,fwdbtn,fwdbtn,TRUE,TRUE
39e1gl7VaxuCev5ga7bvNq,2024-11-18 19:22:56,android,626,In Time,The Black Keys,Turn Blue,fwdbtn,fwdbtn,TRUE,TRUE
36yfHBfPf9v2WjalMPz5nI,2024-11-18 19:22:57,android,745,The Moneygoround (2020 Stereo Remaster),The Kinks,"Lola Versus Powerman and the Moneygoround, Pt. 1",fwdbtn,fwdbtn,TRUE,TRUE
37Dl7jQMmt0gUnzTKqnjkN,2024-11-18 19:22:59,android,2285,Just Like a Woman,Bob Dylan,Blonde On Blonde,fwdbtn,fwdbtn,TRUE,TRUE
1wKWmUEdhYn47Znz5CzV5p,2024-11-18 19:27:40,android,281040,Couldn't Stand the Weather,Stevie Ray Vaughan,Couldn't Stand The Weather,fwdbtn,trackdone,TRUE,FALSE
3Ie2eLOIj2IhKnzPwXrLbJ,2024-11-18 19:30:16,android,129220,She's Got a Way,Billy Joel,Cold Spring Harbor,trackdone,logout,TRUE,FALSE
0bYg9bo50gSsH3LtXe2SQn,2024-11-20 17:25:32,android,241106,All I Want for Christmas Is You,Mariah Carey,Merry Christmas,clickrow,trackdone,FALSE,FALSE
2EjXfH91m7f8HiJN1yQg97,2024-11-20 17:27:39,android,126266,Rockin' Around The Christmas Tree,Brenda Lee,Merry Christmas From Brenda Lee,trackdone,trackdone,FALSE,FALSE
7vQbuQcyTflfCIOu3Uzzya,2024-11-20 17:29:51,android,130973,Jingle Bell Rock,Bobby Helms,Jingle Bell Rock/Captain Santa Claus (And His Reindeer Space Patrol),trackdone,trackdone,FALSE,FALSE
2FRnf9qhLbvw8fu4IBXx78,2024-11-20 17:34:14,android,262960,Last Christmas,Wham!,LAST CHRISTMAS,trackdone,trackdone,FALSE,FALSE
0lizgQ7Qw35od7CYaoMBZb,2024-11-20 17:37:39,android,204093,Santa Tell Me,Ariana Grande,Santa Tell Me,trackdone,trackdone,FALSE,FALSE
1LmkdWSxjCV7wKTPsCvYWN,2024-11-20 17:39:52,android,132800,Winter Wonderland - Spotify Singles Holiday,Laufey,Spotify Singles Holiday,trackdone,trackdone,FALSE,FALSE
5hslUAKq9I9CG2bAulFkHN,2024-11-20 17:42:24,android,151933,It's the Most Wonderful Time of the Year,Andy Williams,The Andy Williams Christmas Album,trackdone,trackdone,FALSE,FALSE
3nAp4IvdMPPWEH9uuXFFV5,2024-11-20 17:46:15,android,229640,Underneath the Tree,Kelly Clarkson,Wrapped In Red,trackdone,trackdone,FALSE,FALSE
5PuKlCjfEVIXl0ZBp5ZW9g,2024-11-20 17:48:15,android,119786,Holly Jolly Christmas,Michael Bublé,Christmas,trackdone,trackdone,FALSE,FALSE
2pXpURmn6zC5ZYDMms6fwa,2024-11-20 17:50:51,android,155933,It's Beginning to Look a Lot Like Christmas (with Mitchell Ayres & His Orchestra),Perry Como,Greatest Christmas Songs,trackdone,trackdone,FALSE,FALSE
7uoFMmxln0GPXQ0AcCBXRq,2024-11-20 17:53:38,android,165900,Snowman,Sia,Everyday Is Christmas,trackdone,trackdone,FALSE,FALSE
6pheMGrfMwwnypqafU7d4k,2024-11-20 17:56:14,android,155846,Run Rudolph Run - Spotify Singles Holiday,Mark Ambor,Run Rudolph Run - Spotify Singles Holiday,trackdone,trackdone,FALSE,FALSE
5ASM6Qjiav2xPe7gRkQMsQ,2024-11-20 17:59:16,android,181266,Sleigh Ride,The Ronettes,A Christmas Gift For You From Phil Spector,trackdone,trackdone,FALSE,FALSE
2uFaJJtFpPDc5Pa95XzTvg,2024-11-20 18:01:13,android,117146,Let It Snow! Let It Snow! Let It Snow!,Dean Martin,A Winter Romance,trackdone,trackdone,FALSE,FALSE
4tHqQMWSqmL6YjXwsqthDI,2024-11-20 18:02:39,android,85266,Carol of the Bells,John Williams,Home Alone (Original Motion Picture Soundtrack),trackdone,trackdone,FALSE,FALSE
6hZvOA9oBZZM812GNDLjEb,2024-11-20 18:04:45,android,125196,Holiday Road - Spotify Singles Holiday,Kesha,Holiday Road - Spotify Singles Holiday,trackdone,trackdone,FALSE,FALSE
47ohYW8e7dxCYn9qbUMBCI,2024-11-20 18:07:32,android,166453,Christmas (Baby Please Come Home),Darlene Love,"Christmas (Baby, Please Come Home)",trackdone,trackdone,FALSE,FALSE
7taXf5odg9xCAZERYfyOkS,2024-11-20 18:10:35,android,182360,Feliz Navidad,José Feliciano,The Definite Best,trackdone,trackdone,FALSE,FALSE
4PS1e8f2LvuTFgUs1Cn3ON,2024-11-20 18:13:47,android,192160,The Christmas Song (Merry Christmas To You),Nat King Cole,The Christmas Song,trackdone,trackdone,FALSE,FALSE
06Pfxmp9TtC2H00apclouT,2024-11-20 18:16:34,android,166386,Christmas Time Is Here - Vocal,Vince Guaraldi Trio,A Charlie Brown Christmas [2012 Remastered & Expanded Edition],trackdone,trackdone,FALSE,FALSE
11P4sSu6BH2lAbWk1sL6cK,2024-11-20 18:21:07,android,272333,Step Into Christmas - Remastered 1995,Elton John,Caribou,trackdone,trackdone,FALSE,FALSE
2FPfeYlrbSBR8PwCU0zaqq,2024-11-20 18:24:34,android,206600,Have Yourself A Merry Little Christmas - Remastered 1999,Frank Sinatra,A Jolly Christmas From Frank Sinatra,trackdone,trackdone,FALSE,FALSE
4soJpnUFA0SPs7XTi6QIVp,2024-11-20 18:29:11,android,275896,Fairytale of New York (feat. Kirsty MacColl) - Edit,The Pogues,Fairytale of New York (feat. Kirsty MacColl),trackdone,trackdone,FALSE,FALSE
2gciS7UJjv59l7608DFGNl,2024-11-20 18:31:58,android,166551,Driving Home for Christmas - Spotify Singles Holiday,Dasha,Driving Home for Christmas - Spotify Singles Holiday,trackdone,trackdone,FALSE,FALSE
04vLj9QUXoKdRlsp3gkURo,2024-11-20 18:34:53,android,175333,Mele Kalikimaka (Merry Christmas),Bing Crosby,White Christmas,trackdone,trackdone,FALSE,FALSE
3QIoEi8Enr9uHffwInGIsC,2024-11-20 18:37:51,android,177440,Please Come Home for Christmas - 2013 Remaster,Eagles,Please Come Home for Christmas / Funky New Year,trackdone,trackdone,FALSE,FALSE
5xlS0QkVrSH7ssEbBgBzbM,2024-11-20 18:39:51,android,118840,Little Saint Nick - 1991 Remix,The Beach Boys,The Beach Boys' Christmas Album,trackdone,trackdone,FALSE,FALSE
2OQ6a4CfUeYskpTTgyawyJ,2024-11-20 18:46:59,android,30000,You Make It Feel Like Christmas (feat. Blake Shelton),Gwen Stefani,You Make It Feel Like Christmas,trackdone,unexpected-exit,FALSE,FALSE
2OQ6a4CfUeYskpTTgyawyJ,2024-11-20 18:49:38,android,154946,You Make It Feel Like Christmas (feat. Blake Shelton),Gwen Stefani,You Make It Feel Like Christmas,appload,trackdone,FALSE,FALSE
0rHToGels2lt8Y0mCYoF90,2024-11-20 18:50:47,android,68760,Deck The Hall,Nat King Cole,The Christmas Song,trackdone,trackdone,FALSE,FALSE
1SV1fxF65n9NhRHp3KlBuu,2024-11-20 18:54:35,android,227653,Wonderful Christmastime - Edited Version / Remastered 2011,Paul McCartney,McCartney II,trackdone,trackdone,FALSE,FALSE
4G0YpYB1Ullb5rgJeJoMcP,2024-11-20 19:53:44,android,73161,I'll Be Home For Christmas - Recorded at Spotify Studios NYC,Demi Lovato,Spotify Singles - Holiday,trackdone,logout,FALSE,FALSE
1XcUn5PE9d42zWamWgRG2x,2024-11-21 17:40:18,android,226960,Heaven,Los Lonely Boys,Los Lonely Boys,clickrow,trackdone,TRUE,FALSE
3pyTeNilPDFq10Ce60WROE,2024-11-21 17:43:20,android,181306,The Breaks,The Black Keys,The Big Come Up,trackdone,trackdone,TRUE,FALSE
1u8c2t2Cy7UBoG4ArRcF5g,2024-11-21 17:47:12,android,231826,Blank Space,Taylor Swift,1989,trackdone,trackdone,TRUE,FALSE
1GZgxiTmZPfeYKsWQddxWV,2024-11-21 17:47:36,android,23296,Training With Mr. Schaibel,Carlos Rafael Rivera,The Queen's Gambit (Music from the Netflix Limited Series),trackdone,fwdbtn,TRUE,TRUE
48UPSzbZjgc449aqz8bxox,2024-11-21 17:53:20,android,329733,Californication,Red Hot Chili Peppers,Californication,fwdbtn,trackdone,TRUE,FALSE
4xx3UI7cLCk1awQPAPLeHj,2024-11-21 17:56:19,android,178666,Nuovo Cinema Paradiso,Ennio Morricone,Nuovo Cinema Paradiso (Original Motion Picture Soundtrack),trackdone,trackdone,TRUE,FALSE
3F2qEfgMJmsnXH3P4cueZ0,2024-11-21 17:58:51,android,152200,Team Zissou,Seu Jorge,The Life Aquatic Exclusive Studio Sessions Featuring Seu Jorge,trackdone,trackdone,TRUE,FALSE
0ESdtt9cjGZUkUbaubSrv2,2024-11-21 18:01:39,android,167239,Goodbye Blue Sky,Pink Floyd,The Wall,trackdone,trackdone,TRUE,FALSE
1M0J45ZSv6qNaBSbGCIcGV,2024-11-21 18:05:36,android,236735,Come Dancing,The Kinks,State of Confusion,trackdone,trackdone,TRUE,FALSE
3Pc4BTWoH6x0PmeGfQzn5a,2024-11-21 18:09:36,android,238924,Rebel Heart,The Shelters,The Shelters,trackdone,trackdone,TRUE,FALSE
5LSss5LIF1zQKKZJ29ZYbS,2024-11-21 18:12:15,android,158613,That Would Be Something - Remastered 2011,Paul McCartney,McCartney,trackdone,trackdone,TRUE,FALSE
4PAFjWA8Y7zpEKvnkZkqHa,2024-11-21 18:15:47,android,212106,Smile,Tony Bennett,60 Years: The Artistry of Tony Bennett,trackdone,trackdone,TRUE,FALSE
3YubPkIjza38KmXTIGdk91,2024-11-21 18:18:26,android,158400,Te Solté la Rienda,José Alfredo Jimenez,El Cantinero,trackdone,trackdone,TRUE,FALSE
5d6ZRqgbz26Sg4bk1oifQw,2024-11-21 18:20:41,android,134445,Blue Suede Shoes,Carl Perkins,The Dance Album,trackdone,trackdone,TRUE,FALSE
7afDukwRRDs0rmg3leQ8ti,2024-11-21 18:26:06,android,324133,Monkberry Moon Delight - Remastered 2012,Paul McCartney,Ram,trackdone,trackdone,TRUE,FALSE
22OTrlQy1sXdtdo1VgDUZb,2024-11-21 18:28:59,android,172626,I Just Want To See His Face,The Rolling Stones,Exile On Main Street,trackdone,trackdone,TRUE,FALSE
0eQjA54TJkwTHDJKG8OkRg,2024-11-21 18:32:47,android,227146,Be Somebody,Kings of Leon,Only By The Night,trackdone,trackdone,TRUE,FALSE
3mlMpmY8oZIBFc39D9zLbh,2024-11-21 18:36:26,android,218186,The Long And Winding Road - Remastered 2009,The Beatles,Let It Be,trackdone,trackdone,TRUE,FALSE
6Hmj7SrLRbreLVfVS7mV1S,2024-11-21 18:42:01,android,335333,Wake Up,Arcade Fire,Funeral,trackdone,trackdone,TRUE,FALSE
2RttW7RAu5nOAfq6YFvApB,2024-11-21 18:45:29,android,207520,Happier,Ed Sheeran,÷,trackdone,trackdone,TRUE,FALSE
652zwAiP1Wdy39NY8DSMu5,2024-11-21 18:50:18,android,288093,Break My Fall,Doc Robinson,Deep End,trackdone,trackdone,TRUE,FALSE
5O31BTWa4XNFtE3zVgeCoh,2024-11-21 18:54:08,android,229146,Angel Down,Lady Gaga,Joanne,trackdone,trackdone,TRUE,FALSE
2aeLQwCJM4gNwVZqVJs1vm,2024-11-21 18:57:47,android,219012,Pretty Faithful,Keuning,Prismism,trackdone,trackdone,TRUE,FALSE
2VmB1rF9FtfKUmFHDVnq8Q,2024-11-21 19:32:00,android,53275,Baby It's You - Remastered 2009,The Beatles,Please Please Me,trackdone,logout,TRUE,FALSE
2VmB1rF9FtfKUmFHDVnq8Q,2024-11-22 02:18:54,android,107262,Baby It's You - Remastered 2009,The Beatles,Please Please Me,appload,trackdone,TRUE,FALSE
4Wgj6jzoI2gYlumXdYAB8U,2024-11-22 02:24:46,android,351693,The National Anthem,Radiohead,Kid A,trackdone,trackdone,TRUE,FALSE
7gREIuHognJFspylIDJ94p,2024-11-22 02:29:00,android,125553,Vienna,Billy Joel,The Stranger,trackdone,endplay,TRUE,TRUE
7gREIuHognJFspylIDJ94p,2024-11-22 02:59:55,android,89909,Vienna,Billy Joel,The Stranger,remote,trackdone,TRUE,FALSE
3pyTeNilPDFq10Ce60WROE,2024-11-22 03:02:57,android,181306,The Breaks,The Black Keys,The Big Come Up,trackdone,trackdone,TRUE,FALSE
1u8c2t2Cy7UBoG4ArRcF5g,2024-11-22 03:06:49,android,231826,Blank Space,Taylor Swift,1989,trackdone,trackdone,TRUE,FALSE
1GZgxiTmZPfeYKsWQddxWV,2024-11-22 03:06:53,android,2312,Training With Mr. Schaibel,Carlos Rafael Rivera,The Queen's Gambit (Music from the Netflix Limited Series),trackdone,fwdbtn,TRUE,TRUE
48UPSzbZjgc449aqz8bxox,2024-11-22 03:07:00,android,7348,Californication,Red Hot Chili Peppers,Californication,fwdbtn,endplay,TRUE,TRUE
5omgFpiMt1CGHjQGfkwzvz,2024-11-22 03:07:03,android,2865,Agua,Jarabe De Palo,Depende,playbtn,fwdbtn,TRUE,TRUE
2qKga0VHaH41ajUMbVofcb,2024-11-22 03:07:05,android,1264,The Scholar's Mate,Carlos Rafael Rivera,The Queen's Gambit (Music from the Netflix Limited Series),fwdbtn,fwdbtn,TRUE,TRUE
7D5mjGj6O2cHHCoBF8O7qV,2024-11-22 03:07:06,android,1138,Une Annee Sans Lumiere,Arcade Fire,Funeral,fwdbtn,fwdbtn,TRUE,TRUE
7yED4n2U8RR5LKZVmisiev,2024-11-22 03:07:08,android,1826,The Way You Look Tonight,Tony Bennett,"Rarities, Outtakes & Other Delights, Vol. 2",fwdbtn,fwdbtn,TRUE,TRUE
6g4vHtdGqD5eEgpf7nKISk,2024-11-22 03:10:04,android,177360,Don't Ask Me Why,Billy Joel,Glass Houses,fwdbtn,trackdone,TRUE,FALSE
19tHmIQsRnebkyK09m2UXE,2024-11-22 03:11:29,android,84280,Pigs on the Wing 1,Pink Floyd,Animals,trackdone,trackdone,TRUE,FALSE
4orHVYvdG5v4G4bmp2Lwdg,2024-11-22 03:15:00,android,210373,Sight of the Sun - Single Version,fun.,Sight of the Sun,trackdone,trackdone,TRUE,FALSE
1kfrnPViuzKdNwmH21ehLg,2024-11-22 04:16:14,android,327866,Romeo And Juliet,The Killers,Sawdust,trackdone,trackdone,TRUE,FALSE
46KDhb0puoTbMNui2qNBmj,2024-11-22 04:18:32,android,137946,To Love a Boy,Maya Hawke,To Love a Boy / Stay Open,trackdone,trackdone,TRUE,FALSE
4ZoBC5MhSEzuknIgAkBaoT,2024-11-22 04:23:17,android,284000,My Life,Billy Joel,52nd Street,trackdone,trackdone,TRUE,FALSE
39tN3TRbpPvm4rqdMn7hZ9,2024-11-22 04:26:16,android,178024,Castillos en el aire,Alberto Cortez,Castillos en el aire,trackdone,fwdbtn,TRUE,TRUE
6FGVd5yS155IEvtD1TFONX,2024-11-22 04:26:18,android,1304,Per Elena,Ennio Morricone,Nuovo Cinema Paradiso (Original Motion Picture Soundtrack),fwdbtn,fwdbtn,TRUE,TRUE
04meQOdHsGUMmlgLHmq0Is,2024-11-22 04:33:11,android,210726,If Not for You (2014 Remaster),George Harrison,All Things Must Pass,fwdbtn,trackdone,TRUE,FALSE
3gwRWIbr5ycEVLIAXrWaw7,2024-11-22 05:09:40,android,113536,I've Got A Feeling - Remastered 2009,The Beatles,Let It Be,trackdone,logout,TRUE,FALSE
3gwRWIbr5ycEVLIAXrWaw7,2024-11-22 06:14:23,android,105284,I've Got A Feeling - Remastered 2009,The Beatles,Let It Be,appload,trackdone,TRUE,FALSE
63OJHHu2ambZAvdrvhdT2b,2024-11-22 06:18:39,android,255680,I Found a Reason - 2015 Remaster,The Velvet Underground,Loaded,trackdone,trackdone,TRUE,FALSE
7gRZM3Tp4GJZLYaOKmGQBC,2024-11-22 06:33:10,android,54844,I Can't Make Your Way,The Yardbirds,Roger the Engineer (Expanded Edition),trackdone,logout,TRUE,FALSE
4jwZZX8J8eN3w0FOK4FCI3,2024-11-22 17:44:35,android,134760,It's Beginning to Look Like Christmas,Johnny Mathis,Christmas Eve With Johnny Mathis,clickrow,trackdone,TRUE,FALSE
3QiAAp20rPC3dcAtKtMaqQ,2024-11-22 17:46:44,android,129173,Blue Christmas,Elvis Presley,Elvis' Christmas Album,trackdone,trackdone,TRUE,FALSE
6TkXViJUO3SA6FMcrNwlD9,2024-11-22 17:48:58,android,133426,Jingle Bell Rock,Bobby Helms,Presenting Bobby Helms,trackdone,trackdone,TRUE,FALSE
2a90ygVM4bOjZR0lTuWBR7,2024-11-22 17:52:23,android,203880,White Christmas (with The Bobby Tucker Singers),Frank Sinatra,Christmas Songs by Sinatra,trackdone,trackdone,TRUE,FALSE
2uFaJJtFpPDc5Pa95XzTvg,2024-11-22 17:54:20,android,117146,Let It Snow! Let It Snow! Let It Snow!,Dean Martin,A Winter Romance,trackdone,trackdone,TRUE,FALSE
4PS1e8f2LvuTFgUs1Cn3ON,2024-11-22 17:57:33,android,192160,The Christmas Song (Merry Christmas To You),Nat King Cole,The Christmas Song,trackdone,trackdone,TRUE,FALSE
457h6aG5iORklLNvaP3MMt,2024-11-22 18:00:19,android,165920,It's the Most Wonderful Time of the Year,Andy Williams,It's the Most Wonderful Time of the Year,trackdone,trackdone,TRUE,FALSE
0bYg9bo50gSsH3LtXe2SQn,2024-11-22 18:04:21,android,241106,All I Want for Christmas Is You,Mariah Carey,Merry Christmas,trackdone,trackdone,TRUE,FALSE
0lRoGQKC4oPY9hbPEoVVoH,2024-11-22 18:06:22,android,120786,Jingle Bells,Frank Sinatra,Christmas,trackdone,trackdone,TRUE,FALSE
65irrLqfCMRiO3p87P4C0D,2024-11-22 18:08:34,android,131733,Frosty The Snowman,Ella Fitzgerald,Ella Wishes You A Swinging Christmas,trackdone,trackdone,TRUE,FALSE
7taXf5odg9xCAZERYfyOkS,2024-11-22 18:12:13,android,182360,Feliz Navidad,José Feliciano,The Definite Best,trackdone,trackdone,TRUE,FALSE
6UpuOy5AFhLa1W3V7gl6J2,2024-11-22 18:15:05,android,171773,Rudolph The Red-Nosed Reindeer,Ella Fitzgerald,Ella Wishes You A Swinging Christmas,trackdone,trackdone,TRUE,FALSE
2Lb9nBoZ8V5GNtMOgcaF8o,2024-11-22 18:19:37,android,243600,Have a Holly Jolly Christmas,"Harry Connick, Jr.",What A Night! A Christmas Album,trackdone,trackdone,TRUE,FALSE
6syO6UTl8QiiWADJy3Uy2d,2024-11-22 18:21:52,android,134826,Santa Claus Is Coming To Town,Frank Sinatra,Ultimate Christmas,trackdone,trackdone,TRUE,FALSE
1rv46mRwDqMEhOBZ7vODg3,2024-11-22 18:25:20,android,207199,It's Beginning to Look a Lot like Christmas,Michael Bublé,Christmas,trackdone,trackdone,TRUE,FALSE
2EjXfH91m7f8HiJN1yQg97,2024-11-22 18:27:26,android,126266,Rockin' Around The Christmas Tree,Brenda Lee,Merry Christmas From Brenda Lee,trackdone,trackdone,TRUE,FALSE
3WK5dnEvyR27YQRFzCVGIq,2024-11-22 18:30:02,android,154840,Have Yourself a Merry Little Christmas,Frank Sinatra,Christmas Songs by Sinatra,trackdone,trackdone,TRUE,FALSE
2IuUMx3uxxJAHcH41aYtn0,2024-11-22 18:33:26,android,144253,Winter Wonderland - Remastered 2006,Bing Crosby,Bing Crosby - Christmas Classics,trackdone,trackdone,TRUE,FALSE
1RMDXedcRno6rDBCbNHDJf,2024-11-22 18:36:17,android,171093,Santa Claus Is Coming to Town,Michael Bublé,Christmas,trackdone,trackdone,TRUE,FALSE
54K9GOVJqIaDZNXLnnxiKc,2024-11-22 18:42:56,android,182946,Mistletoe,Justin Bieber,Under The Mistletoe,clickrow,trackdone,FALSE,FALSE
4ukUoXLuFzMixyZyabSGc4,2024-11-22 18:45:53,android,175986,Sleigh Ride,Ella Fitzgerald,Ella Wishes You A Swinging Christmas,trackdone,trackdone,TRUE,FALSE
1SV1fxF65n9NhRHp3KlBuu,2024-11-22 18:49:41,android,227653,Wonderful Christmastime - Edited Version / Remastered 2011,Paul McCartney,McCartney II,trackdone,trackdone,TRUE,FALSE
65irrLqfCMRiO3p87P4C0D,2024-11-22 18:51:53,android,131733,Frosty The Snowman,Ella Fitzgerald,Ella Wishes You A Swinging Christmas,trackdone,trackdone,TRUE,FALSE
2uFaJJtFpPDc5Pa95XzTvg,2024-11-22 19:03:03,android,66440,Let It Snow! Let It Snow! Let It Snow!,Dean Martin,A Winter Romance,trackdone,logout,TRUE,FALSE
2uFaJJtFpPDc5Pa95XzTvg,2024-11-22 19:17:13,android,117146,Let It Snow! Let It Snow! Let It Snow!,Dean Martin,A Winter Romance,appload,trackdone,TRUE,FALSE
78pn8k7RogKo2oxl0DyX6d,2024-11-22 19:21:13,android,239586,One More Sleep,Leona Lewis,"Christmas, With Love",trackdone,trackdone,TRUE,FALSE
2FPfeYlrbSBR8PwCU0zaqq,2024-11-22 19:24:40,android,206600,Have Yourself A Merry Little Christmas - Remastered 1999,Frank Sinatra,A Jolly Christmas From Frank Sinatra,trackdone,trackdone,TRUE,FALSE
15coTBAzEN1bOeipoNDZAR,2024-11-22 19:28:56,android,255306,"Merry Christmas, Happy Holidays",*NSYNC,Home For Christmas,trackdone,trackdone,TRUE,FALSE
5hslUAKq9I9CG2bAulFkHN,2024-11-22 19:31:29,android,151933,It's the Most Wonderful Time of the Year,Andy Williams,The Andy Williams Christmas Album,trackdone,trackdone,TRUE,FALSE
0uTVChzibEWKrXojPaJ9y1,2024-11-22 19:35:07,android,217680,Hard Candy Christmas,Dolly Parton,Once Upon A Christmas,trackdone,trackdone,TRUE,FALSE
3bH2Eu9A9ymI4UnGHRmoXg,2024-11-22 19:39:38,android,208546,Merry Christmas,Ed Sheeran,Merry Christmas,trackdone,trackdone,TRUE,FALSE
4aCqRYHavLWbUCuoBjh7Xs,2024-11-22 19:40:06,android,27420,"Mary, Did You Know?",Pentatonix,The Greatest Christmas Hits,trackdone,fwdbtn,TRUE,TRUE
4fzyvSu73BhGvi96p2zwjL,2024-11-22 19:44:08,android,242495,Christmas Lights,Coldplay,Christmas Lights,fwdbtn,trackdone,TRUE,FALSE
0lizgQ7Qw35od7CYaoMBZb,2024-11-22 19:47:33,android,204093,Santa Tell Me,Ariana Grande,Santa Tell Me,trackdone,trackdone,TRUE,FALSE
4soJpnUFA0SPs7XTi6QIVp,2024-11-22 19:52:09,android,275896,Fairytale of New York (feat. Kirsty MacColl) - Edit,The Pogues,Fairytale of New York (feat. Kirsty MacColl),trackdone,trackdone,TRUE,FALSE
2TE4xW3ImvpltVU0cPcKUn,2024-11-22 19:55:50,android,220160,Merry Christmas Everyone,Shakin' Stevens,Merry Christmas Everyone,trackdone,trackdone,TRUE,FALSE
3QiAAp20rPC3dcAtKtMaqQ,2024-11-22 19:57:59,android,129173,Blue Christmas,Elvis Presley,Elvis' Christmas Album,trackdone,trackdone,TRUE,FALSE
24lCPIiEWKg9K7k1Gh1h8q,2024-11-22 20:03:02,android,302013,Grown-Up Christmas List,Amy Grant,Home For Christmas,trackdone,trackdone,TRUE,FALSE
5xDrO9DEDJGUQGfyoHvgDJ,2024-11-23 00:19:25,android,15480,Last Christmas,Ariana Grande,Christmas Kisses,appload,endplay,TRUE,TRUE
5gOfC9UzZQzTyShqPMrpjT,2024-11-23 00:24:42,android,317092,wacced out murals,Kendrick Lamar,GNX,clickrow,trackdone,FALSE,FALSE
0nj9Bq5sHDiTxSHunhgkFb,2024-11-23 00:27:20,android,157992,squabble up,Kendrick Lamar,GNX,trackdone,trackdone,FALSE,FALSE
45J4avUb9Ni0bnETYaYFVJ,2024-11-23 00:30:18,android,177598,luther (with sza),Kendrick Lamar,GNX,trackdone,trackdone,FALSE,FALSE
5ho7VSXSmI2KM2nDjcnLyz,2024-11-23 00:34:10,android,233173,man at the garden,Kendrick Lamar,GNX,trackdone,trackdone,FALSE,FALSE
5S8VwnB4sLi6W0lYTWYylu,2024-11-23 00:41:48,android,89164,hey now (feat. dody6),Kendrick Lamar,GNX,trackdone,endplay,FALSE,TRUE
5S8VwnB4sLi6W0lYTWYylu,2024-11-23 00:43:57,android,129302,hey now (feat. dody6),Kendrick Lamar,GNX,clickrow,trackdone,FALSE,FALSE
0RgjEkSbeuStKfT2Pa4Zai,2024-11-23 00:48:32,android,275740,reincarnated,Kendrick Lamar,GNX,trackdone,trackdone,FALSE,FALSE
0aB0v4027ukVziUGwVGYpG,2024-11-23 00:52:13,android,220690,tv off (feat. lefty gunplay),Kendrick Lamar,GNX,trackdone,trackdone,FALSE,FALSE
4K1Pg0FLno1ltzX3jeqT83,2024-11-23 00:54:24,android,131240,"dodger blue (feat. wallie the sensei, roddy ricch, siete7x)",Kendrick Lamar,GNX,trackdone,trackdone,FALSE,FALSE
2Uts1QFB4u2YNIMiqcb4de,2024-11-23 00:57:00,android,155917,peekaboo (feat. azchike),Kendrick Lamar,GNX,trackdone,trackdone,FALSE,FALSE
1SGvjfc85yzqKXsfKcCxn2,2024-11-23 01:01:53,android,292461,heart pt. 6,Kendrick Lamar,GNX,trackdone,trackdone,FALSE,FALSE
3aZptNYC6Z1YoumeqZcDcQ,2024-11-23 01:05:06,android,193539,"gnx (feat. hitta j3, youngthreat, peysoh)",Kendrick Lamar,GNX,trackdone,trackdone,FALSE,FALSE
0wgOhYnqZKjOHr6bmdz0aN,2024-11-23 01:09:54,android,287522,gloria (feat. sza),Kendrick Lamar,GNX,trackdone,trackdone,FALSE,FALSE
5gOfC9UzZQzTyShqPMrpjT,2024-11-23 01:11:07,android,25269,wacced out murals,Kendrick Lamar,GNX,trackdone,fwdbtn,FALSE,TRUE
0nj9Bq5sHDiTxSHunhgkFb,2024-11-23 01:11:10,android,2279,squabble up,Kendrick Lamar,GNX,fwdbtn,fwdbtn,FALSE,TRUE
45J4avUb9Ni0bnETYaYFVJ,2024-11-23 01:11:11,android,1419,luther (with sza),Kendrick Lamar,GNX,fwdbtn,fwdbtn,FALSE,TRUE
5ho7VSXSmI2KM2nDjcnLyz,2024-11-23 01:12:55,android,104220,man at the garden,Kendrick Lamar,GNX,fwdbtn,trackdone,FALSE,FALSE
5S8VwnB4sLi6W0lYTWYylu,2024-11-23 01:16:58,android,217478,hey now (feat. dody6),Kendrick Lamar,GNX,trackdone,trackdone,FALSE,FALSE
0RgjEkSbeuStKfT2Pa4Zai,2024-11-23 01:29:13,android,275740,reincarnated,Kendrick Lamar,GNX,trackdone,trackdone,FALSE,FALSE
0aB0v4027ukVziUGwVGYpG,2024-11-23 01:32:54,android,220690,tv off (feat. lefty gunplay),Kendrick Lamar,GNX,trackdone,trackdone,FALSE,FALSE
4K1Pg0FLno1ltzX3jeqT83,2024-11-23 02:43:47,android,131240,"dodger blue (feat. wallie the sensei, roddy ricch, siete7x)",Kendrick Lamar,GNX,trackdone,trackdone,FALSE,FALSE
2Uts1QFB4u2YNIMiqcb4de,2024-11-23 02:46:23,android,155917,peekaboo (feat. azchike),Kendrick Lamar,GNX,trackdone,trackdone,FALSE,FALSE
1SGvjfc85yzqKXsfKcCxn2,2024-11-23 02:51:16,android,292461,heart pt. 6,Kendrick Lamar,GNX,trackdone,trackdone,FALSE,FALSE
3aZptNYC6Z1YoumeqZcDcQ,2024-11-23 02:54:29,android,193539,"gnx (feat. hitta j3, youngthreat, peysoh)",Kendrick Lamar,GNX,trackdone,trackdone,FALSE,FALSE
0wgOhYnqZKjOHr6bmdz0aN,2024-11-23 02:59:16,android,287522,gloria (feat. sza),Kendrick Lamar,GNX,trackdone,trackdone,FALSE,FALSE
5gOfC9UzZQzTyShqPMrpjT,2024-11-23 19:26:24,android,317092,wacced out murals,Kendrick Lamar,GNX,appload,trackdone,FALSE,FALSE
0nj9Bq5sHDiTxSHunhgkFb,2024-11-23 19:30:52,android,157992,squabble up,Kendrick Lamar,GNX,trackdone,trackdone,FALSE,FALSE
45J4avUb9Ni0bnETYaYFVJ,2024-11-23 19:33:50,android,177598,luther (with sza),Kendrick Lamar,GNX,trackdone,trackdone,FALSE,FALSE
5ho7VSXSmI2KM2nDjcnLyz,2024-11-23 19:37:43,android,233173,man at the garden,Kendrick Lamar,GNX,trackdone,trackdone,FALSE,FALSE
5S8VwnB4sLi6W0lYTWYylu,2024-11-23 19:48:09,android,22503,hey now (feat. dody6),Kendrick Lamar,GNX,trackdone,logout,FALSE,FALSE
5S8VwnB4sLi6W0lYTWYylu,2024-11-25 01:30:27,android,217478,hey now (feat. dody6),Kendrick Lamar,GNX,clickrow,trackdone,TRUE,FALSE
0wgOhYnqZKjOHr6bmdz0aN,2024-11-25 01:35:16,android,287522,gloria (with sza),Kendrick Lamar,GNX,trackdone,trackdone,TRUE,FALSE
0nj9Bq5sHDiTxSHunhgkFb,2024-11-25 01:35:28,android,11637,squabble up,Kendrick Lamar,GNX,trackdone,endplay,TRUE,TRUE
0RgjEkSbeuStKfT2Pa4Zai,2024-11-25 01:40:03,android,275740,reincarnated,Kendrick Lamar,GNX,clickrow,trackdone,FALSE,FALSE
0aB0v4027ukVziUGwVGYpG,2024-11-25 01:43:44,android,220690,tv off (feat. lefty gunplay),Kendrick Lamar,GNX,trackdone,trackdone,FALSE,FALSE
4K1Pg0FLno1ltzX3jeqT83,2024-11-25 01:45:55,android,131240,"dodger blue (feat. wallie the sensei, siete7x, roddy ricch))",Kendrick Lamar,GNX,trackdone,trackdone,FALSE,FALSE
2Uts1QFB4u2YNIMiqcb4de,2024-11-25 16:59:09,android,71185,peekaboo (feat. azchike),Kendrick Lamar,GNX,trackdone,endplay,FALSE,TRUE
2uFaJJtFpPDc5Pa95XzTvg,2024-11-25 17:01:06,android,117146,Let It Snow! Let It Snow! Let It Snow!,Dean Martin,A Winter Romance,clickrow,trackdone,TRUE,FALSE
0bYg9bo50gSsH3LtXe2SQn,2024-11-25 17:05:07,android,241106,All I Want for Christmas Is You,Mariah Carey,Merry Christmas,trackdone,trackdone,TRUE,FALSE
4fzyvSu73BhGvi96p2zwjL,2024-11-25 17:09:10,android,242495,Christmas Lights,Coldplay,Christmas Lights,trackdone,trackdone,TRUE,FALSE
3ra4PQCtSVULClEqj2XXf7,2024-11-25 17:11:48,android,157492,Let It Snow! Let It Snow! Let It Snow!,Frank Sinatra,Classic Songs,trackdone,trackdone,TRUE,FALSE
54K9GOVJqIaDZNXLnnxiKc,2024-11-25 17:14:52,android,182946,Mistletoe,Justin Bieber,Under The Mistletoe,trackdone,trackdone,TRUE,FALSE
4ukUoXLuFzMixyZyabSGc4,2024-11-25 17:17:48,android,175986,Sleigh Ride,Ella Fitzgerald,Ella Wishes You A Swinging Christmas,trackdone,trackdone,TRUE,FALSE
2xGO2UjzxeVQSIkyg98vck,2024-11-25 17:22:10,android,261626,Thank God It's Christmas - Non-Album Single,Queen,The Works,trackdone,trackdone,TRUE,FALSE
7taXf5odg9xCAZERYfyOkS,2024-11-25 17:25:13,android,182360,Feliz Navidad,José Feliciano,The Definite Best,trackdone,trackdone,TRUE,FALSE
4PS1e8f2LvuTFgUs1Cn3ON,2024-11-25 17:28:26,android,192160,The Christmas Song (Merry Christmas To You),Nat King Cole,The Christmas Song,trackdone,trackdone,TRUE,FALSE
7FIcV2kEiO2mvvMbxU5Jkn,2024-11-25 17:57:49,android,148838,The Little Drummer Boy,Johnny Cash,The Christmas Spirit,trackdone,logout,TRUE,FALSE
2Uts1QFB4u2YNIMiqcb4de,2024-11-25 21:43:43,android,155917,peekaboo (feat. azchike),Kendrick Lamar,GNX,clickrow,trackdone,FALSE,FALSE
1SGvjfc85yzqKXsfKcCxn2,2024-11-25 21:48:36,android,292461,heart pt. 6,Kendrick Lamar,GNX,trackdone,trackdone,FALSE,FALSE
3aZptNYC6Z1YoumeqZcDcQ,2024-11-25 21:51:49,android,193539,"gnx (feat. hitta j3, youngthreat, peysoh)",Kendrick Lamar,GNX,trackdone,trackdone,FALSE,FALSE
0wgOhYnqZKjOHr6bmdz0aN,2024-11-25 21:56:37,android,287522,gloria (with sza),Kendrick Lamar,GNX,trackdone,trackdone,FALSE,FALSE
5gOfC9UzZQzTyShqPMrpjT,2024-11-25 22:01:54,android,317092,wacced out murals,Kendrick Lamar,GNX,trackdone,trackdone,FALSE,FALSE
0nj9Bq5sHDiTxSHunhgkFb,2024-11-25 22:04:32,android,157992,squabble up,Kendrick Lamar,GNX,trackdone,trackdone,FALSE,FALSE
45J4avUb9Ni0bnETYaYFVJ,2024-11-25 22:52:43,android,65994,luther (with sza),Kendrick Lamar,GNX,trackdone,logout,FALSE,FALSE
1xsYj84j7hUDDnTTerGWlH,2024-11-26 17:08:36,android,2107,Dream On,Aerosmith,Aerosmith,fwdbtn,fwdbtn,FALSE,TRUE
2zYzyRzz6pRmhPzyfMEC8s,2024-11-26 17:08:37,android,1270,Highway to Hell,AC/DC,Highway to Hell,fwdbtn,fwdbtn,FALSE,TRUE
5uvosCdMlFdTXhoazkTI5R,2024-11-26 17:08:38,android,825,Light My Fire,The Doors,The Doors,fwdbtn,fwdbtn,FALSE,TRUE
1TG1SZkh8PCMrQYmU3R4En,2024-11-26 17:08:40,android,978,No One Is Calling You a Liar,Keuning,A Mild Case of Everything,fwdbtn,backbtn,FALSE,TRUE
2zYzyRzz6pRmhPzyfMEC8s,2024-11-26 17:08:41,android,835,Highway to Hell,AC/DC,Highway to Hell,backbtn,backbtn,FALSE,TRUE
5uvosCdMlFdTXhoazkTI5R,2024-11-26 17:08:41,android,938,Light My Fire,The Doors,The Doors,backbtn,backbtn,FALSE,TRUE
1xsYj84j7hUDDnTTerGWlH,2024-11-26 17:08:55,android,13605,Dream On,Aerosmith,Aerosmith,backbtn,endplay,FALSE,TRUE
7Dm3dV3WPNdTgxoNY7YFnc,2024-11-26 17:13:24,android,269813,The Chain - 2004 Remaster,Fleetwood Mac,Rumours,playbtn,trackdone,TRUE,FALSE
5yIVcrwQXdIlDgTMc8pa6z,2024-11-26 17:18:04,android,279266,Contigo,Joaquín Sabina,"Yo, Mi, Me, Contigo",trackdone,trackdone,TRUE,FALSE
1y3bE5i57eUm3hfLAc7h08,2024-11-26 17:21:57,android,232906,Walking The Wire,Imagine Dragons,Evolve,trackdone,trackdone,TRUE,FALSE
2ZssXuZfktUr4MMDzEWD2Z,2024-11-26 17:25:32,android,214426,Good God Damn,Arcade Fire,Everything Now,trackdone,trackdone,TRUE,FALSE
3F34I6GIzPjDUMSHVpo7RP,2024-11-26 17:30:13,android,280293,Get Out While You Can,James Bay,Chaos And The Calm,trackdone,trackdone,TRUE,FALSE
07dcoHmvDST7SAUH0sdEjR,2024-11-26 17:32:29,android,135466,Getting Rid of Britta,Chevy Chase,Community (Music from the Original Television Series),trackdone,trackdone,TRUE,FALSE
2Byoha5i4PuzTstLLr8Mq1,2024-11-26 17:36:28,android,238642,Halo,Liam Gallagher,Why Me? Why Not.,trackdone,trackdone,TRUE,FALSE
1zwMYTA5nlNjZxYrvBB2pV,2024-11-26 17:41:14,android,285240,Someone Like You,Adele,21,trackdone,trackdone,TRUE,FALSE
6V78ktWCGcJIIB5DPJBoPn,2024-11-26 17:45:58,android,283866,19 Dias y 500 Noches,Joaquín Sabina,19 Dias Y 500 Noches,trackdone,trackdone,TRUE,FALSE
4HKi1mdlMHpmt0uVwaJHs0,2024-11-26 17:59:23,android,174517,No Sé Si Es Amor,Reik,Reik,trackdone,logout,TRUE,FALSE
47Slg6LuqLaX0VodpSCvPt,2024-11-26 18:21:27,android,1057,Just the Way You Are,Bruno Mars,Doo-Wops & Hooligans,fwdbtn,fwdbtn,TRUE,TRUE
5E3BVY66TEDexFutOO5GeS,2024-11-26 18:23:53,android,146386,I'm Looking Through You - Remastered 2009,The Beatles,Rubber Soul,fwdbtn,trackdone,TRUE,FALSE
0z1o5L7HJx562xZSATcIpY,2024-11-26 18:28:20,android,267186,Exit Music (For A Film),Radiohead,OK Computer,trackdone,trackdone,TRUE,FALSE
6Eoz6lCX5CR70yErsbUOWT,2024-11-26 18:57:57,android,181106,Me Enseñaste,Ricardo Arjona,Canciones De Amor,trackdone,fwdbtn,TRUE,TRUE
0YwNdeDFbGP6AGwsQrtzdY,2024-11-26 19:01:06,android,190000,I Am A Man Of Constant Sorrow - Radio Edit,The Soggy Bottom Boys,"O Brother, Where Art Thou?",fwdbtn,trackdone,TRUE,FALSE
2SB7SvBpz5X5ZnmABsLUUT,2024-11-26 19:03:34,android,146693,Sexy Sadie - Esher Demo,The Beatles,The Beatles,trackdone,trackdone,TRUE,FALSE
6AzAWzsXXIChy2aulERrD0,2024-11-26 19:06:18,android,163920,Lonesome Cowboy Bill - 2015 Remaster,The Velvet Underground,Loaded,trackdone,trackdone,TRUE,FALSE
2x7vw79tKsW99s8sbyuvPM,2024-11-26 19:09:15,android,176853,Slow Down - Remastered 2009,The Beatles,Past Masters,trackdone,trackdone,TRUE,FALSE
1XvfGWC7xsuQyvsFZv6a1i,2024-11-26 19:12:13,android,177466,Xmas in February,Lou Reed,New York,trackdone,trackdone,TRUE,FALSE
1HX9kKDz6dG4fmLBuKVzOF,2024-11-26 19:17:11,android,297000,Quién Me Ha Robado el Mes de Abril,Joaquín Sabina,El Hombre Del Traje Gris,trackdone,trackdone,TRUE,FALSE
6dGnYIeXmHdcikdzNNDMm2,2024-11-26 19:20:17,android,185733,Here Comes The Sun - Remastered 2009,The Beatles,Abbey Road,trackdone,trackdone,TRUE,FALSE
6lib77q4koq52srysevRfT,2024-11-26 19:23:47,android,209160,Only a Pawn in Their Game,Bob Dylan,The Times They Are A-Changin',trackdone,trackdone,TRUE,FALSE
3bkhgcdVhccehnHUcUh4Go,2024-11-26 19:26:33,android,165933,Classy Girls,The Lumineers,The Lumineers,trackdone,trackdone,TRUE,FALSE
3VhbXc2lxqGQyLmn1YfFd8,2024-11-26 19:31:51,android,317760,Devil's Sidewalk,Neil Young,Greendale,trackdone,trackdone,TRUE,FALSE
58SUbSjtnenNKD14jA6cgw,2024-11-26 19:36:35,android,283003,Sea of Dreams,Oberhofer,Chronovision,trackdone,trackdone,TRUE,FALSE
3bOZ9Qt98Tk2yd6Omf4134,2024-11-26 19:40:33,android,237440,Dirty Sexy Money,The Struts,Everybody Wants,trackdone,trackdone,TRUE,FALSE
0SMM9gTpeJqaOE9iUwH3F8,2024-11-26 19:43:46,android,192853,Ride Into the Sun,Lou Reed,Lou Reed,trackdone,trackdone,TRUE,FALSE
2wKeVnM8OBoGjGm8Qvqhi5,2024-11-26 19:48:36,android,289146,Cigarettes & Alcohol - Remastered,Oasis,Definitely Maybe,trackdone,trackdone,TRUE,FALSE
121VqPiRmT245ZT2Am8iYX,2024-11-26 19:52:16,android,219800,Comin' Round Again,Houndmouth,From the Hills Below the City,trackdone,trackdone,TRUE,FALSE
1Rr17slUHwVRkDz4A2TUcM,2024-11-26 19:56:25,android,248466,Bling (Confession Of A King),The Killers,Sam's Town,trackdone,trackdone,TRUE,FALSE
7dOeiXeTSfA1ixaYmQcWu7,2024-11-26 19:59:47,android,201256,Rich Love (with Seeb),OneRepublic,Rich Love,trackdone,trackdone,TRUE,FALSE
13MmPbjOg6fLI98TWEfm87,2024-11-26 20:02:54,android,186533,Keep Your Hands off Her,The Black Keys,Chulahoma,trackdone,trackdone,TRUE,FALSE
4xkOaSrkexMciUUogZKVTS,2024-11-26 20:07:52,android,297786,Till I Collapse,Eminem,The Eminem Show,trackdone,trackdone,TRUE,FALSE
5yD48KoADpCIWWzbzMnhMq,2024-11-26 20:09:40,android,107022,"La fille du régiment / Act 1: Ah! mes amis, quel jour de fête!",Gaetano Donizetti,The People's Tenor,trackdone,trackdone,TRUE,FALSE
24AFErHUiORpll04wrR6u4,2024-11-26 20:12:30,android,169933,Eleanor Put Your Boots On,Franz Ferdinand,You Could Have It So Much Better,trackdone,trackdone,TRUE,FALSE
14TtUtZdQu77Xl88GWy5jc,2024-11-26 20:15:48,android,197400,Hideaway,John Mayall & The Bluesbreakers,Blues Breakers,trackdone,trackdone,TRUE,FALSE
7G8hUONVhvJnkD3Ak8mNF1,2024-11-26 20:18:22,android,153808,Soma,The Strokes,Is This It,trackdone,trackdone,TRUE,FALSE
2ue1KRstSKHF8jQkIJZiNC,2024-11-26 20:20:19,android,116480,It's Only Love - Remastered 2009,The Beatles,Help!,trackdone,trackdone,TRUE,FALSE
6J4lRYUiuWO7BLOntAJnUx,2024-11-26 20:25:10,android,290266,Busload of Faith,Lou Reed,New York,trackdone,trackdone,TRUE,FALSE
1swmf4hFMJYRNA8Rq9PVaW,2024-11-26 20:27:39,android,148573,Martha My Dear - Remastered 2009,The Beatles,The Beatles,trackdone,trackdone,TRUE,FALSE
6yl8Es1tCYD9WdSkeVLFw4,2024-11-26 20:31:11,android,210880,You Shook Me All Night Long,AC/DC,Who Made Who,trackdone,trackdone,TRUE,FALSE
00kMf9MR2OKGpBovO2wYdG,2024-11-26 20:35:09,android,237520,Five Years,Seu Jorge,The Life Aquatic Exclusive Studio Sessions Featuring Seu Jorge,trackdone,trackdone,TRUE,FALSE
04HYbU0XgrwWfQOak1FLr1,2024-11-26 20:37:34,android,144586,Livin' in Sin,Dan Auerbach,Waiting on a Song,trackdone,trackdone,TRUE,FALSE
5TTBGJd8Fkr66OX8j8adCH,2024-11-26 20:40:35,android,180840,The Circle Game,Buffy Sainte-Marie,Quentin Tarantino's Once Upon a Time in Hollywood Original Motion Picture Soundtrack,trackdone,trackdone,TRUE,FALSE
4dnwtykvirYJPQOL0OgL6B,2024-11-26 20:43:48,android,192306,Badge And Gun,John Mayer,Paradise Valley,trackdone,trackdone,TRUE,FALSE
58ImA5yX8b5UkLy9MDXwWO,2024-11-26 20:48:21,android,273066,Waitin' On The Day,John Mayer,Paradise Valley,trackdone,trackdone,TRUE,FALSE
3RdQfyk7BBxxIx0zSnCBIw,2024-11-26 21:33:37,android,143427,The Hardest Button to Button,The White Stripes,Elephant,trackdone,logout,TRUE,FALSE
1L9fzw2pXprOqtemTwtxXF,2024-11-26 21:59:34,android,228932,Candle In The Wind - Remastered 2014,Elton John,Goodbye Yellow Brick Road,fwdbtn,trackdone,TRUE,FALSE
6k5W7fsr5cKVmyjCZnzk2H,2024-11-26 22:01:59,android,144293,Teddy Boy - Remastered 2011,Paul McCartney,McCartney,trackdone,trackdone,TRUE,FALSE
2iLZUYfWFuSwPxOXdLHiwo,2024-11-26 22:06:28,android,253200,Colombina - Remastered,Jaime Roos,Estamos Rodeados,trackdone,trackdone,TRUE,FALSE
1ABegtCPBMMJaMpfDyATjE,2024-11-26 22:09:12,android,163080,Birthday - Remastered 2009,The Beatles,The Beatles,trackdone,trackdone,TRUE,FALSE
3NDEunNz7GMb6SkkPYTvd2,2024-11-26 22:12:47,android,214466,Casino Boogie,The Rolling Stones,Exile On Main Street,trackdone,trackdone,TRUE,FALSE
0cKk8BKEi7zXbdrYdyqBP5,2024-11-26 22:16:29,android,221426,Behind Blue Eyes,The Who,Who's Next,trackdone,trackdone,TRUE,FALSE
6Qjc36CLNJHkWwSNIPbghM,2024-11-26 22:22:49,android,379388,The Lemon Song - Remaster,Led Zeppelin,Led Zeppelin II,trackdone,trackdone,TRUE,FALSE
6Vjk8MNXpQpi0F4BefdTyq,2024-11-26 22:31:27,android,517125,Kashmir - Remaster,Led Zeppelin,Physical Graffiti,trackdone,trackdone,TRUE,FALSE
086myS9r57YsLbJpU0TgK9,2024-11-26 22:34:08,android,161123,Why'd You Only Call Me When You're High?,Arctic Monkeys,AM,trackdone,trackdone,TRUE,FALSE
2QMtqF1I0fpP3ECAhbsdAw,2024-11-26 22:34:40,android,30931,A Little Luck and a Couple of Dogs,AWOLNATION,Here Come the Runts,trackdone,trackdone,TRUE,FALSE
2dLzyrwHEEK8umYoOYaSPc,2024-11-26 22:36:17,android,96960,"I Still Miss Someone - Live at Folsom State Prison, Folsom, CA (1st Show) - January 1968",Johnny Cash,At Folsom Prison,trackdone,trackdone,TRUE,FALSE
5B0c2pERMO7CrQP9CdbKrl,2024-11-26 22:39:53,android,215750,"Don't Give up on ""Us""",The Maine,Pioneer,trackdone,trackdone,TRUE,FALSE
0Ro68drOzUTGiDUzr9iqH1,2024-11-26 22:42:11,android,137586,Vamonos,Pedro Guerra,Contigo En La Distancia,trackdone,trackdone,TRUE,FALSE
7yNK27ZTpHew0c55VvIJgm,2024-11-27 00:12:18,android,185594,Dark Fantasy,Kanye West,My Beautiful Dark Twisted Fantasy,trackdone,logout,TRUE,FALSE
1LmkdWSxjCV7wKTPsCvYWN,2024-11-27 19:23:40,android,132800,Winter Wonderland - Spotify Singles Holiday,Laufey,Spotify Singles Holiday,playbtn,trackdone,FALSE,FALSE
5DoGwwQAlYumpSSlDNMOwY,2024-11-27 19:26:53,android,192420,It's Not Christmas 'Til You Come Home - Recorded At Spotify Studios NYC,Norah Jones,Spotify Singles - Holiday,trackdone,trackdone,FALSE,FALSE
1jNPo7xE3lf5kEamRmQemB,2024-11-27 19:30:39,android,225640,Have Yourself A Merry Little Christmas,Samara Joy,Have Yourself A Merry Little Christmas,trackdone,trackdone,FALSE,FALSE
4PS1e8f2LvuTFgUs1Cn3ON,2024-11-27 19:33:51,android,192160,The Christmas Song (Merry Christmas To You),Nat King Cole,The Christmas Song,trackdone,trackdone,FALSE,FALSE
7InfjdILTHBOIs6NBUZgzv,2024-11-27 19:36:16,android,143477,It's Beginning to Look a Lot Like Christmas,Little Branch Trio,It's Beginning to Look a Lot Like Christmas,trackdone,trackdone,FALSE,FALSE
39kbAYlQI8I9WA6j3YxKSD,2024-11-27 19:39:40,android,204187,Meet Me Under the Mistletoe,Belleville,Meet Me Under the Mistletoe,trackdone,trackdone,FALSE,FALSE
2e3zjySEdkrM0Il8JAqJHC,2024-11-27 19:41:59,android,138556,Jingle Bell Rock,Owen Rochester Jazz,All I Want for Christmas Is You,trackdone,trackdone,FALSE,FALSE
4cy0jYlAbtgBmOq05AzDt3,2024-11-27 19:44:17,android,137880,Christmas Island,Ella Fitzgerald,Ella Wishes You A Swinging Christmas,trackdone,trackdone,FALSE,FALSE
1TT5txDzWtg7OF8BhS1lWa,2024-11-27 19:46:27,android,129130,Frosty the snowman,Gillian Spencer Trio,Here Comes Santa Claus,trackdone,trackdone,FALSE,FALSE
4MrfQL4TYQXJBlZYpAHTuE,2024-11-27 19:48:51,android,143733,"Baby, It's Cold Outside",Dean Martin,A Winter Romance,trackdone,trackdone,FALSE,FALSE
5UI0toFLwTpXiWoN4AWi7p,2024-11-27 19:52:19,android,206816,Perfect Time Of Year,Caity Gyorgy,Perfect Time of Year,trackdone,trackdone,FALSE,FALSE
1FrlqxhKnDs0zj8IIdWqmx,2024-11-27 19:56:29,android,249520,That's What I Want for Christmas,Stella Cole,Snow!,trackdone,trackdone,FALSE,FALSE
2pqHAFERxzagkJu9qzzWI3,2024-11-27 20:00:52,android,248689,Everything’s Not Lost,Gregory Porter,Everything’s Not Lost,trackdone,trackdone,FALSE,FALSE
33GkcZ89Aj254FaJoFwCl9,2024-11-27 20:03:49,android,176699,Cool Yule,Louis Armstrong,Louis Wishes You a Cool Yule,trackdone,trackdone,FALSE,FALSE
4iZUPqpbdr4cI8OOzlKKqR,2024-11-27 20:07:34,android,161210,Warm In December - Edit,Samara Joy,Warm In December,trackdone,trackdone,FALSE,FALSE
11Z7sdkpC5IaaydoIvDn74,2024-11-27 20:09:37,android,121986,"Caroling, Caroling",Nat King Cole,The Christmas Song,trackdone,trackdone,FALSE,FALSE
7lRMk45ttaqy16O1vXkEAK,2024-11-27 20:11:21,android,103680,It's The Most Wonderful Time Of The Year,Little Branch Trio,It's The Most Wonderful Time Of The Year,trackdone,trackdone,FALSE,FALSE
6XKsktRYFT4GBdIpwEmL6h,2024-11-27 20:14:51,android,210000,Santa´s Way Back Home,Chris Memento,Santa´s Way Back Home,trackdone,trackdone,FALSE,FALSE
5hI9PuH5lFpEryNVc7FImN,2024-11-27 20:18:50,android,237933,A Marshmallow World,Tyler Yarema,Tis the Season to Be Jazzy,trackdone,trackdone,FALSE,FALSE
0Q4h2V6SquHXTHg2q8vRyC,2024-11-27 20:22:10,android,199830,I Saw Mommy Kissing Santa Claus,Sydney Taylor Band,I Saw Mommy Kissing Santa Claus,trackdone,trackdone,FALSE,FALSE
3Z5g0II4PtIdyhLLSRXERg,2024-11-27 20:25:08,android,178000,Winter Wonderland,Armel Dupas Trio,Winter Wonderland,trackdone,trackdone,FALSE,FALSE
70OUj8g2IUjubbLcW1vynZ,2024-11-27 20:27:45,android,156093,Here Comes Santa Claus (Down Santa Claus Lane),Doris Day,Personal Christmas Collection,trackdone,trackdone,FALSE,FALSE
74H6uHl17HLeYWshgDfMrX,2024-11-27 20:30:32,android,166594,Better Than Snow,Norah Jones,Christmas With You,trackdone,trackdone,FALSE,FALSE
19liWJnMu8RapUGKR6Y8fx,2024-11-27 20:33:54,android,201802,Rockin' Around the Christmas Tree,Kyle Mendes Jazz Trio,I'll Be Home For Christmas,trackdone,trackdone,FALSE,FALSE
6MpmfCUaLKb4MsrbmTwRx0,2024-11-27 20:36:40,android,165160,Ole Santa,Dinah Washington,The Complete Dinah Washington On Mercury Vol. 6 (1958-1960),trackdone,trackdone,FALSE,FALSE
3WkYaEvWFd4hSBpN0dszxb,2024-11-27 20:38:48,android,127093,Auld Lang Syne,Smiley Stevens,Christmas Jazz,trackdone,trackdone,FALSE,FALSE
4QFV8KtVhzDsDvNcH4sUkr,2024-11-27 20:41:07,android,138306,Santa Claus Is Coming To Town,Ella Fitzgerald,Ella Wishes You A Swinging Christmas,trackdone,trackdone,FALSE,FALSE
3Cs5m2rS0UnYx4UWppPLP8,2024-11-27 20:43:10,android,122414,Christmas Time,Dan Evans-Parker,Christmas Time,trackdone,trackdone,FALSE,FALSE
2L9QLAhrvtP4EYg1lY0Tnw,2024-11-27 20:45:37,android,135760,Rudolph The Red-Nosed Reindeer,Dean Martin,A Winter Romance,trackdone,trackdone,FALSE,FALSE
1jMsXXFP2NV3VawdcMFsif,2024-11-27 20:57:16,android,10221,Feliz Navidad,Rudy Snow,Feliz Navidad,trackdone,logout,FALSE,FALSE
0RgjEkSbeuStKfT2Pa4Zai,2024-11-27 22:02:16,android,275740,reincarnated,Kendrick Lamar,GNX,clickrow,trackdone,TRUE,FALSE
5zUWCFqhg2wU9Fr3H3XEjv,2024-11-27 22:04:41,android,143640,Stay Open,Maya Hawke,To Love a Boy / Stay Open,trackdone,trackdone,TRUE,FALSE
7fa5Zih5w1KXqWjAdX60vf,2024-11-27 22:07:15,android,153520,I Still Miss Someone,Johnny Cash,The Fabulous Johnny Cash,trackdone,trackdone,TRUE,FALSE
6wnmRxEbwUK7WLyUtiRuT7,2024-11-27 22:07:34,android,18363,Fitter Happier,Radiohead,OK Computer,trackdone,fwdbtn,TRUE,TRUE
6GXxOycOvD7pp0F4ee6X5R,2024-11-27 22:10:57,android,203533,45,Bleachers,Take the Sadness Out of Saturday Night,fwdbtn,trackdone,TRUE,FALSE
3vbISsmuO4qLDVYa3y3Kzk,2024-11-27 22:14:26,android,208438,Secret Valentine,We The Kings,We The Kings,trackdone,trackdone,TRUE,FALSE
3lxu9D6SIy6uiXYQpDIWHy,2024-11-27 22:14:36,android,8633,All Tomorrow's Parties,The Velvet Underground,The Velvet Underground & Nico 45th Anniversary,trackdone,fwdbtn,TRUE,TRUE
1w3W1hz6xVUSWkbh0paMgs,2024-11-27 22:14:38,android,2003,Kooks - 2015 Remaster,David Bowie,Hunky Dory,fwdbtn,fwdbtn,TRUE,TRUE
53K7EWmmobveFSof8EymKa,2024-11-27 22:20:34,android,356040,Have You Heard,John Mayall & The Bluesbreakers,Blues Breakers,fwdbtn,trackdone,TRUE,FALSE
5SUlhldQJtOhUr2GzH5RI7,2024-11-27 22:23:18,android,163693,Nowhere Man - Remastered 2009,The Beatles,Rubber Soul,trackdone,trackdone,TRUE,FALSE
4C9IP2e5tjrH60hwDVdpOu,2024-11-27 22:28:33,android,314786,Lover Of The Light,Mumford & Sons,Babel,trackdone,trackdone,TRUE,FALSE
6Tc3cyJ9JGNVnlxCxL67rp,2024-11-27 22:31:59,android,205386,"Champaign, Illinois",Old 97's,"The Grand Theatre, Vol. 1",trackdone,trackdone,TRUE,FALSE
2E64SWjM9rQmAshItmdbcw,2024-11-27 22:34:30,android,150200,Communication Breakdown - Remaster,Led Zeppelin,Led Zeppelin,trackdone,trackdone,TRUE,FALSE
0Nux6Q8aJZ1i4vUpPDBvlX,2024-11-27 22:38:54,android,264405,What Is Life (2014 Remaster),George Harrison,All Things Must Pass,trackdone,trackdone,TRUE,FALSE
3YRCqOhFifThpSRFJ1VWFM,2024-11-27 22:47:51,android,536066,November Rain,Guns N' Roses,Use Your Illusion I,trackdone,trackdone,TRUE,FALSE
02JIdsrod3BYucThfUFDUX,2024-11-27 22:50:42,android,170786,Le Festin,Camille,Ratatouille,trackdone,trackdone,TRUE,FALSE
2e61kmae4HhbuS9hYONQ0A,2024-11-27 22:56:12,android,329093,The Song Remains the Same - Remaster,Led Zeppelin,Houses of the Holy,trackdone,trackdone,TRUE,FALSE
0dJ6WCwjkVBfh4h3vyzIeb,2024-11-27 23:00:30,android,257321,Powerman (2020 Stereo Remaster),The Kinks,"Lola Versus Powerman and the Moneygoround, Pt. 1",trackdone,trackdone,TRUE,FALSE
2CFDPiNUxcSOqfQtUHYNxF,2024-11-27 23:04:28,android,237873,De Nada Sirve,No Te Va Gustar,Otras Canciones,trackdone,trackdone,TRUE,FALSE
12IvmFs4HZJEYzq7VhDKR8,2024-11-27 23:08:56,android,267146,Half Light II (No Celebration),Arcade Fire,The Suburbs (Deluxe),trackdone,trackdone,TRUE,FALSE
7bcinCjd50wHDroef8TbEe,2024-11-27 23:14:20,android,324266,Goodbye in Her Eyes,Zac Brown Band,Uncaged,trackdone,trackdone,TRUE,FALSE
14xj58ZexBaEaHARb11Cqs,2024-11-27 23:18:40,android,258813,Lucky,Radiohead,OK Computer,trackdone,trackdone,TRUE,FALSE
34OzAaQeAWlFnZBSyUAtRh,2024-11-27 23:23:04,android,264266,Loving Cup,The Rolling Stones,Exile On Main Street,trackdone,trackdone,TRUE,FALSE
2kRFrWaLWiKq48YYVdGcm8,2024-11-27 23:27:17,android,251426,Everything In Its Right Place,Radiohead,Kid A,trackdone,trackdone,TRUE,FALSE
6dUfUi14QkuIpGA0GFFPyC,2024-11-27 23:32:01,android,283786,Supersonic - Remastered,Oasis,Definitely Maybe,trackdone,trackdone,TRUE,FALSE
31u6rUeIEXGrYVoh10U7eu,2024-11-27 23:36:01,android,239441,Leave It In My Dreams,The Voidz,Virtue,trackdone,trackdone,TRUE,FALSE
0xIuNHHcKI1JDuBPlSwzb1,2024-11-27 23:38:43,android,161226,Good Morning Good Morning - Remastered 2009,The Beatles,Sgt. Pepper's Lonely Hearts Club Band,trackdone,trackdone,TRUE,FALSE
4w3tQBXhn5345eUXDGBWZG,2024-11-27 23:41:25,android,162466,9 to 5,Dolly Parton,9 To 5 And Odd Jobs,trackdone,trackdone,TRUE,FALSE
78ctkR9u8M5SvIEo07GrIY,2024-11-27 23:43:55,android,149533,Do You Remember Walter? - 2018 Stereo Remaster,The Kinks,The Kinks Are the Village Green Preservation Society,trackdone,trackdone,TRUE,FALSE
1M0J45ZSv6qNaBSbGCIcGV,2024-11-27 23:47:53,android,236735,Come Dancing,The Kinks,State of Confusion,trackdone,trackdone,TRUE,FALSE
7mJSqkHkaJwRnmWD1KNgmb,2024-11-27 23:50:40,android,166946,Little Bribes,Death Cab for Cutie,The Open Door EP,trackdone,trackdone,TRUE,FALSE
53ygARQf1f30Z0EmXPHWGT,2024-11-27 23:55:00,android,258973,Meet Me in the Morning,Bob Dylan,Blood On The Tracks,trackdone,trackdone,TRUE,FALSE
2GJ8aSnidsI7oMHuG6idE2,2024-11-28 00:10:19,android,147154,Stormy Weather,Kings of Leon,When You See Yourself,trackdone,logout,TRUE,FALSE
2GJ8aSnidsI7oMHuG6idE2,2024-11-28 02:51:56,android,41377,Stormy Weather,Kings of Leon,When You See Yourself,appload,endplay,TRUE,TRUE
0RgjEkSbeuStKfT2Pa4Zai,2024-11-28 03:09:57,android,274343,reincarnated,Kendrick Lamar,GNX,clickrow,endplay,TRUE,TRUE
1pwWrPxonLIE12WWu9NzgU,2024-11-28 04:28:46,android,19135,Turn Blue,The Black Keys,Turn Blue,clickrow,backbtn,TRUE,TRUE
2DVswRuJlXu4QiZQfOoIx7,2024-11-28 04:28:47,android,1157,The Super-Natural,John Mayall & The Bluesbreakers,A Hard Road,backbtn,backbtn,TRUE,TRUE
1EuvOdyyzhFUP2z3gfr6xz,2024-11-28 04:28:49,android,1420,Hold On,Alabama Shakes,Boys & Girls,backbtn,backbtn,TRUE,TRUE
7HTH1ppjkkOe7RLoBDKXYJ,2024-11-28 04:28:50,android,1463,Good Day Sunshine - Remastered 2009,The Beatles,Revolver,backbtn,backbtn,TRUE,TRUE
08TyPDbQ14NOoOWh13WJ2Z,2024-11-28 04:28:57,android,6879,Absolutely Sweet Marie,Bob Dylan,Blonde On Blonde,backbtn,endplay,TRUE,TRUE
5gOfC9UzZQzTyShqPMrpjT,2024-11-28 04:52:58,android,127918,wacced out murals,Kendrick Lamar,GNX,clickrow,endplay,TRUE,TRUE
0RgjEkSbeuStKfT2Pa4Zai,2024-11-28 17:12:36,android,1561,reincarnated,Kendrick Lamar,GNX,clickrow,endplay,TRUE,TRUE
4bw8mcDUSRWfQo63ZTYRnU,2024-11-28 17:14:57,android,142334,Según Quién,Maluma,Don Juan,clickrow,trackdone,TRUE,FALSE
7MH7TkjQ4RA1vG454dciw0,2024-11-28 17:19:17,android,212786,That's Entertainment,The Jam,Sound Affects,trackdone,trackdone,TRUE,FALSE
4k4jCkol5UCP41CfUyjC8m,2024-11-28 17:23:03,android,224480,Happiness,The Black Keys,Dropout Boogie,trackdone,trackdone,TRUE,FALSE
4zq4rrfHZeZsTbo5vjJXSV,2024-11-28 17:26:54,android,230453,Don't Pass Me By - Remastered 2009,The Beatles,The Beatles,trackdone,trackdone,TRUE,FALSE
1HFoO5EdFw6emUIf8GofxH,2024-11-28 17:29:40,android,166213,Who Loves the Sun - 2015 Remaster,The Velvet Underground,Loaded,trackdone,trackdone,TRUE,FALSE
2foU3yN5SE5IUasPTs91YV,2024-11-28 17:33:24,android,223680,Out Of My Mind,The Killers,Wonderful Wonderful,trackdone,trackdone,TRUE,FALSE
4oXg7xT4ksBxHTx8PcmSXw,2024-11-28 17:37:22,android,237293,15 Step,Radiohead,In Rainbows,trackdone,trackdone,TRUE,FALSE
74O2ijHJxPd6FJMgL6A4aq,2024-11-28 17:47:48,android,625173,"Covered in Rain - Live at the Oak Mountain Amphitheater, Birmingham, AL - September 2002",John Mayer,Any Given Thursday,trackdone,trackdone,TRUE,FALSE
4pWIwnnqx8k01fuF95UMIg,2024-11-28 17:51:51,android,242293,Bodysnatchers,Radiohead,In Rainbows,trackdone,trackdone,TRUE,FALSE
7pKfPomDEeI4TPT6EOYjn9,2024-11-28 17:54:59,android,187866,Imagine - Remastered 2010,John Lennon,Imagine,trackdone,trackdone,TRUE,FALSE
6oGf2l3YdwCK9B8PShz7dG,2024-11-28 17:58:03,android,183840,Bad Instincts,Keuning,Bad Instincts,trackdone,trackdone,TRUE,FALSE
5b2FFKC64kxqcfaFnIZxoM,2024-11-28 18:02:53,android,289493,Get Em High,Kanye West,The College Dropout,trackdone,trackdone,TRUE,FALSE
1th3G3okofWlvGWAAR7Y4V,2024-11-28 18:05:56,android,182386,School Spirit,Kanye West,The College Dropout,trackdone,trackdone,TRUE,FALSE
3AwF0aNIU9IxrYtUNTDjJG,2024-11-28 18:09:30,android,212791,My Molasses,AWOLNATION,Here Come the Runts,trackdone,trackdone,TRUE,FALSE
0jTOIVKOmO4jRdYC8IV2sV,2024-11-28 18:12:00,android,150266,Yo soy quién soy,Pedro Infante,60 Rancheras Inmortales Vol. 2,trackdone,trackdone,TRUE,FALSE
2m1hi0nfMR9vdGC8UcrnwU,2024-11-28 18:14:48,android,167066,All The Small Things,blink-182,Enema Of The State,trackdone,trackdone,TRUE,FALSE
7AsqUKKbPMxOFNIbRLBxHt,2024-11-28 18:18:04,android,195306,Halfway Gone,Lifehouse,Smoke & Mirrors,trackdone,trackdone,TRUE,FALSE
7yFvSYKk3g5g8e7Ffl16ws,2024-11-28 18:21:05,android,180266,Three Little Birds,Bob Marley & The Wailers,Exodus,trackdone,trackdone,TRUE,FALSE
2cWuubNgAfXeLHzTLDf99S,2024-11-28 18:24:38,android,213026,One Life,Hedley,Storms,trackdone,trackdone,TRUE,FALSE
29wrvWmZfhUzJqcBP4U0VI,2024-11-28 18:28:54,android,255760,M79,Vampire Weekend,Vampire Weekend,trackdone,trackdone,TRUE,FALSE
47TQjzeG4KI0XWWb0wkbri,2024-11-28 18:32:52,android,236711,Australia,The Shins,Wincing The Night Away,trackdone,trackdone,TRUE,FALSE
2Jpw6uRsDncpCYkvdrfTTk,2024-11-28 18:36:16,android,203480,Karpe Diem,Ed Maverick,mix pa llorar en tu cuarto,trackdone,trackdone,TRUE,FALSE
1bhpBRCLsVg3p7BWARbaDS,2024-11-28 18:38:53,android,156453,Rise,Eddie Vedder,Into The Wild,trackdone,trackdone,TRUE,FALSE
2XijsLg3IR0IkUMKtlqdvT,2024-11-28 18:42:47,android,234693,King Kunta,Kendrick Lamar,To Pimp A Butterfly,trackdone,trackdone,TRUE,FALSE
3i25w2HOWoafnTIiWJCL71,2024-11-28 18:48:59,android,370920,Fool in the Rain - Remaster,Led Zeppelin,In Through the out Door,trackdone,trackdone,TRUE,FALSE
1gugDOSMREb34Xo0c1PlxM,2024-11-28 18:52:22,android,202496,She Looks So Perfect,5 Seconds of Summer,5 Seconds Of Summer,trackdone,trackdone,TRUE,FALSE
4Tjs8b6jL1s18sjURJtswp,2024-11-28 18:56:24,android,241991,Lola (2020 Stereo Remaster),The Kinks,"Lola Versus Powerman and the Moneygoround, Pt. 1",trackdone,trackdone,TRUE,FALSE
22LvrrjoioPRebT2r4QXnV,2024-11-28 18:59:54,android,209440,Underdog,Imagine Dragons,Night Visions,trackdone,trackdone,TRUE,FALSE
48X4D1FYOShPz2VF3YdfCF,2024-11-28 19:05:23,android,328293,House Of Cards,Radiohead,In Rainbows,trackdone,trackdone,TRUE,FALSE
3pQCV3JvCkZEFzdntDMmIE,2024-11-28 19:07:57,android,153453,Intermezzo - Remasterizado,Manuel Ponce,Mexicano (Remasterizado),trackdone,trackdone,TRUE,FALSE
4BP3uh0hFLFRb5cjsgLqDh,2024-11-28 19:10:19,android,140773,Fortunate Son,Creedence Clearwater Revival,Willy And The Poor Boys,trackdone,trackdone,TRUE,FALSE
1KjbsVlpT9QESbQKJ4AgUO,2024-11-28 19:14:36,android,256746,Berlin,Kyle Craft,Dolls of Highland,trackdone,trackdone,TRUE,FALSE
3yrSvpt2l1xhsV9Em88Pul,2024-11-28 19:17:39,android,183306,Brown Eyed Girl,Van Morrison,Blowin' Your Mind!,trackdone,trackdone,TRUE,FALSE
1Of1g1PMt1wKW1L4Te6oDM,2024-11-28 19:22:39,android,298733,The Forgotten,Green Day,¡TRÉ!,trackdone,trackdone,TRUE,FALSE
1IhnbJZ7FywEL7YCyLKDgv,2024-11-28 19:28:14,android,334706,Cold Desert,Kings of Leon,Only By The Night,trackdone,trackdone,TRUE,FALSE
2fgbsGWU2Dum08uifQHhiB,2024-11-28 19:32:22,android,247515,Furr,Blitzen Trapper,Furr,trackdone,trackdone,TRUE,FALSE
0CGbof9amBnsNlRhZ8IY2H,2024-11-28 19:34:37,android,134720,Wait - Remastered 2009,The Beatles,Rubber Soul,trackdone,trackdone,TRUE,FALSE
6io3AIZkXoaBcMZxcvtcth,2024-11-28 19:38:26,android,227920,All The Reaching Trims,Daniel Romano,Finally Free,trackdone,trackdone,TRUE,FALSE
6Pur3hWy6Nzc27ilmsp5HA,2024-11-28 19:42:08,android,222226,Lamento Boliviano,Los Enanitos Verdes,Big Bang,trackdone,trackdone,TRUE,FALSE
76PQ202w9HhxHCqGgIv4lE,2024-11-28 19:46:25,android,256843,Misunderstood,Liam Gallagher,Why Me? Why Not.,trackdone,trackdone,TRUE,FALSE
5dyodVAaRdO9Nh7XqH5i7r,2024-11-28 19:48:46,android,139725,Wake The Fuck Up,Skegss,Everyone Is Good At Something,trackdone,trackdone,TRUE,FALSE
6qeFKhT0Khb9ySbb5pNYT5,2024-11-28 19:52:11,android,205048,One of Us,Liam Gallagher,Why Me? Why Not.,trackdone,trackdone,TRUE,FALSE
5yIVcrwQXdIlDgTMc8pa6z,2024-11-28 19:56:51,android,279266,Contigo,Joaquín Sabina,"Yo, Mi, Me, Contigo",trackdone,trackdone,TRUE,FALSE
2bzgKuK3pVez40qUvo8sYr,2024-11-28 20:01:18,android,265678,Heartache Tonight - 2013 Remaster,Eagles,The Long Run,trackdone,trackdone,TRUE,FALSE
6kUktzISXJLuUurOFhc2Ms,2024-11-28 20:04:23,android,185280,Taper Jean Girl,Kings of Leon,Aha Shake Heartbreak,trackdone,trackdone,TRUE,FALSE
0hBPeqE8QSHKUFTb8XigQ6,2024-11-28 20:06:16,android,112733,Long Tall Sally,Elvis Presley,Elvis,trackdone,trackdone,TRUE,FALSE
3Wqi68rdm2OAwlue6TIc8u,2024-11-28 20:10:03,android,225851,Radar Love - single version - Remastered,Golden Earring,Moontan,trackdone,trackdone,TRUE,FALSE
2wV6F22JUYYhVidQZgcWrH,2024-11-28 20:14:52,android,282320,Sick Again - Remaster,Led Zeppelin,Physical Graffiti,trackdone,trackdone,TRUE,FALSE
1WzAeadSKJhqykZFbJNmQv,2024-11-28 20:18:24,android,211893,Your Man,Josh Turner,Your Man,trackdone,trackdone,TRUE,FALSE
5Ua5p1wJRfvUcZS5OihCSn,2024-11-28 20:24:02,android,336920,Dust,The Mud Howlers,Timeliness,trackdone,trackdone,TRUE,FALSE
73PDjVfQff5GgqZHjYSNEV,2024-11-28 20:28:53,android,289880,Thistle & Weeds,Mumford & Sons,Sigh No More,trackdone,trackdone,TRUE,FALSE
2hckAvL66faAcR0Fk64hj6,2024-11-28 20:33:40,android,287626,Pancho and Lefty,Merle Haggard,The Essential Merle Haggard: The Epic Years,trackdone,trackdone,TRUE,FALSE
4Sfa7hdVkqlM8UW5LsSY3F,2024-11-28 20:38:06,android,264493,Take a Walk,Passion Pit,Gossamer,trackdone,trackdone,TRUE,FALSE
5XNpdKmlLJPUbwKQceX2tW,2024-11-28 20:44:55,android,408480,Little Wing,Stevie Ray Vaughan,Couldn't Stand The Weather (Legacy Edition),trackdone,trackdone,TRUE,FALSE
3SktMqZmo3M9zbB7oKMIF7,2024-11-28 20:49:04,android,245826,Gravity,John Mayer,Continuum,trackdone,trackdone,TRUE,FALSE
6PCUP3dWmTjcTtXY02oFdT,2024-11-28 20:53:26,android,261153,Castle on the Hill,Ed Sheeran,÷,trackdone,trackdone,TRUE,FALSE
3cY8cOjaN8Lwi08g9Fpr6D,2024-11-28 20:57:57,android,270883,North Country Blues,Bob Dylan,The Times They Are A-Changin',trackdone,trackdone,TRUE,FALSE
1sFstGV1Z3Aw5TDFCiT7vK,2024-11-28 21:01:03,android,185062,Favorite Song,Chance the Rapper,Acid Rap,trackdone,trackdone,TRUE,FALSE
2VNuEsFUWpcIsGVkFu5ddt,2024-11-28 21:12:32,android,269391,Hopeless Wanderer,Mumford & Sons,Babel,trackdone,endplay,TRUE,TRUE
2VNuEsFUWpcIsGVkFu5ddt,2024-11-28 21:13:29,android,38479,Hopeless Wanderer,Mumford & Sons,Babel,remote,trackdone,TRUE,FALSE
7MH7TkjQ4RA1vG454dciw0,2024-11-28 21:17:18,android,212786,That's Entertainment,The Jam,Sound Affects,trackdone,trackdone,TRUE,FALSE
4k4jCkol5UCP41CfUyjC8m,2024-11-28 21:20:19,android,179285,Happiness,The Black Keys,Dropout Boogie,trackdone,fwdbtn,TRUE,TRUE
1HFoO5EdFw6emUIf8GofxH,2024-11-28 21:20:20,android,1397,Who Loves the Sun - 2015 Remaster,The Velvet Underground,Loaded,fwdbtn,fwdbtn,TRUE,TRUE
2foU3yN5SE5IUasPTs91YV,2024-11-28 21:20:22,android,1026,Out Of My Mind,The Killers,Wonderful Wonderful,fwdbtn,fwdbtn,TRUE,TRUE
4oXg7xT4ksBxHTx8PcmSXw,2024-11-28 21:20:23,android,874,15 Step,Radiohead,In Rainbows,fwdbtn,fwdbtn,TRUE,TRUE
74O2ijHJxPd6FJMgL6A4aq,2024-11-28 21:20:24,android,1024,"Covered in Rain - Live at the Oak Mountain Amphitheater, Birmingham, AL - September 2002",John Mayer,Any Given Thursday,fwdbtn,fwdbtn,TRUE,TRUE
4CRLruAsui7zVwUMlsvjJk,2024-11-28 21:20:26,android,2131,Prismism,Keuning,Prismism,fwdbtn,fwdbtn,TRUE,TRUE
4pWIwnnqx8k01fuF95UMIg,2024-11-28 21:20:33,android,7311,Bodysnatchers,Radiohead,In Rainbows,fwdbtn,fwdbtn,TRUE,TRUE
7pKfPomDEeI4TPT6EOYjn9,2024-11-28 21:20:35,android,1642,Imagine - Remastered 2010,John Lennon,Imagine,fwdbtn,fwdbtn,TRUE,TRUE
6oGf2l3YdwCK9B8PShz7dG,2024-11-28 21:20:44,android,8599,Bad Instincts,Keuning,Bad Instincts,fwdbtn,endplay,TRUE,TRUE
4hhQ96GYHtfhA6AzXlCXkT,2024-11-28 21:20:48,android,164,Until You,AHI,Prospect,playbtn,fwdbtn,TRUE,TRUE
5Hb0p1Ti6nkeA3SSKfbvM2,2024-11-28 21:24:20,android,213333,Halloween Parade,Lou Reed,New York,fwdbtn,trackdone,TRUE,FALSE
5SUlhldQJtOhUr2GzH5RI7,2024-11-28 21:56:53,android,163693,Nowhere Man - Remastered 2009,The Beatles,Rubber Soul,trackdone,trackdone,TRUE,FALSE
4KCoOha3xcrstmFH8Pbcsa,2024-11-28 21:57:17,android,22130,Suffragette City,Seu Jorge,The Life Aquatic Exclusive Studio Sessions Featuring Seu Jorge,trackdone,fwdbtn,TRUE,TRUE
3JzEIVIRNpJd3VsEWy6xzB,2024-11-28 22:00:15,android,168385,Hammer To Fall,Queen,The Works,fwdbtn,endplay,TRUE,TRUE
3JzEIVIRNpJd3VsEWy6xzB,2024-11-28 22:27:31,android,95640,Hammer To Fall,Queen,The Works,remote,logout,TRUE,FALSE
3JzEIVIRNpJd3VsEWy6xzB,2024-11-28 23:49:54,android,4053,Hammer To Fall,Queen,The Works,appload,trackdone,TRUE,FALSE
4hhQ96GYHtfhA6AzXlCXkT,2024-11-28 23:53:11,android,198653,Until You,AHI,Prospect,trackdone,trackdone,TRUE,FALSE
5Hb0p1Ti6nkeA3SSKfbvM2,2024-11-28 23:54:34,android,68288,Halloween Parade,Lou Reed,New York,trackdone,endplay,TRUE,TRUE
5Hb0p1Ti6nkeA3SSKfbvM2,2024-11-29 00:50:10,android,133308,Halloween Parade,Lou Reed,New York,appload,fwdbtn,TRUE,TRUE
3JzEIVIRNpJd3VsEWy6xzB,2024-11-29 00:50:11,android,1237,Hammer To Fall,Queen,The Works,fwdbtn,fwdbtn,TRUE,TRUE
4hhQ96GYHtfhA6AzXlCXkT,2024-11-29 00:50:13,android,1280,Until You,AHI,Prospect,fwdbtn,fwdbtn,TRUE,TRUE
5Hb0p1Ti6nkeA3SSKfbvM2,2024-11-29 00:50:14,android,1275,Halloween Parade,Lou Reed,New York,fwdbtn,fwdbtn,TRUE,TRUE
5SUlhldQJtOhUr2GzH5RI7,2024-11-29 00:50:15,android,1258,Nowhere Man - Remastered 2009,The Beatles,Rubber Soul,fwdbtn,fwdbtn,TRUE,TRUE
4W6za66pgH7QBbeiU9kS1v,2024-11-29 00:50:17,android,1853,Entra en Mi Vida,Sin Bandera,Sin Bandera,fwdbtn,fwdbtn,TRUE,TRUE
2aQd3uZDUKXwzZXvJ1oa0P,2024-11-29 00:50:18,android,1233,How Many More Times - Remaster,Led Zeppelin,Led Zeppelin,fwdbtn,fwdbtn,TRUE,TRUE
2ehqlczScmyeaqICVOGaDs,2024-11-29 00:50:20,android,1201,Valentine Day - Remastered 2011,Paul McCartney,McCartney,fwdbtn,fwdbtn,TRUE,TRUE
5Gl2mcHSiMGARnGQP45yUu,2024-11-29 07:09:05,android,196137,Memory,Ultra Band,Essência Feminina Internacional,fwdbtn,endplay,TRUE,TRUE
5Gl2mcHSiMGARnGQP45yUu,2024-11-29 17:28:25,android,43995,Memory,Ultra Band,Essência Feminina Internacional,remote,trackdone,TRUE,FALSE
4hhQ96GYHtfhA6AzXlCXkT,2024-11-29 17:31:45,android,198653,Until You,AHI,Prospect,trackdone,trackdone,TRUE,FALSE
5Hb0p1Ti6nkeA3SSKfbvM2,2024-11-29 17:35:18,android,213333,Halloween Parade,Lou Reed,New York,trackdone,trackdone,TRUE,FALSE
5SUlhldQJtOhUr2GzH5RI7,2024-11-29 17:38:03,android,163693,Nowhere Man - Remastered 2009,The Beatles,Rubber Soul,trackdone,trackdone,TRUE,FALSE
3JzEIVIRNpJd3VsEWy6xzB,2024-11-29 23:04:57,android,253353,Hammer To Fall,Queen,The Works,trackdone,fwdbtn,TRUE,TRUE
4W6za66pgH7QBbeiU9kS1v,2024-11-29 23:04:59,android,1094,Entra en Mi Vida,Sin Bandera,Sin Bandera,fwdbtn,fwdbtn,TRUE,TRUE
2aQd3uZDUKXwzZXvJ1oa0P,2024-11-29 23:05:00,android,1263,How Many More Times - Remaster,Led Zeppelin,Led Zeppelin,fwdbtn,fwdbtn,TRUE,TRUE
2ehqlczScmyeaqICVOGaDs,2024-11-29 23:05:01,android,1268,Valentine Day - Remastered 2011,Paul McCartney,McCartney,fwdbtn,fwdbtn,TRUE,TRUE
6DiFE5a3ApjWhMGhMmKO9r,2024-11-29 23:05:02,android,1186,You're Gloating,Carlos Rafael Rivera,The Queen's Gambit (Music from the Netflix Limited Series),fwdbtn,fwdbtn,TRUE,TRUE
2rsTljMQnu1QFIouFwIhJb,2024-11-29 23:05:04,android,1458,Shadowplay - Live From The Royal Albert Hall / 2009,The Killers,Live From The Royal Albert Hall,fwdbtn,fwdbtn,TRUE,TRUE
0KAiuUOrLTIkzkpfpn9jb9,2024-11-29 23:05:06,android,1680,Drive By,Train,California 37,fwdbtn,fwdbtn,TRUE,TRUE
0htjtrOVbQpWoDYYwPIrWY,2024-11-29 23:05:07,android,1656,Two People,Sam Fender,Hypersonic Missiles,fwdbtn,fwdbtn,TRUE,TRUE
44T13PWJ87jb3lFElhVIHx,2024-11-29 23:05:09,android,1828,Growing Up (feat. Ed Sheeran),Macklemore & Ryan Lewis,This Unruly Mess I've Made,fwdbtn,fwdbtn,TRUE,TRUE
5jgFfDIR6FR0gvlA56Nakr,2024-11-29 23:05:10,android,1053,Blackbird - Remastered 2009,The Beatles,The Beatles,fwdbtn,fwdbtn,TRUE,TRUE
6Tc3cyJ9JGNVnlxCxL67rp,2024-11-29 23:05:12,android,1490,"Champaign, Illinois",Old 97's,"The Grand Theatre, Vol. 1",fwdbtn,fwdbtn,TRUE,TRUE
2fvvtQpGochTlastWSBuMn,2024-11-29 23:05:14,android,1733,Down River,The Temper Trap,Conditions,fwdbtn,fwdbtn,TRUE,TRUE
57iDDD9N9tTWe75x6qhStw,2024-11-29 23:05:15,android,1645,Bitter Sweet Symphony - Remastered 2016,The Verve,Urban Hymns,fwdbtn,fwdbtn,TRUE,TRUE
5Z3Rd1fMcaty8g5Pn7yhBQ,2024-11-29 23:05:18,android,2444,The Continuing Story Of Bungalow Bill - Remastered 2009,The Beatles,The Beatles,fwdbtn,fwdbtn,TRUE,TRUE
2CxTkdvhDuQrOxl8xXkdJS,2024-11-29 23:05:20,android,1845,Every Little Thing - Remastered 2009,The Beatles,Beatles For Sale,fwdbtn,fwdbtn,TRUE,TRUE
4Nkn6En6TiZQRuTpEDPOYs,2024-11-29 23:05:21,android,1323,The Gambler,fun.,Aim and Ignite,fwdbtn,fwdbtn,TRUE,TRUE
7lXOqE38eCr979gp27O5wr,2024-11-29 23:05:23,android,1569,If I Knew,Bruno Mars,Unorthodox Jukebox,fwdbtn,fwdbtn,TRUE,TRUE
2DVswRuJlXu4QiZQfOoIx7,2024-11-29 23:05:24,android,1239,The Super-Natural,John Mayall & The Bluesbreakers,A Hard Road,fwdbtn,fwdbtn,TRUE,TRUE
0O8XCrGlVsaKnErfcTSSFU,2024-11-29 23:05:27,android,2406,Jerk It Out,Caesars,39 Minutes of Bliss (In An Otherwise Meaningless World),fwdbtn,fwdbtn,TRUE,TRUE
5zpDHEU12zATwLGvozxPw2,2024-11-29 23:05:28,android,1817,Lighters,Bad Meets Evil,Hell: The Sequel,fwdbtn,fwdbtn,TRUE,TRUE
2bItf9pag16H6HtjLOqzSS,2024-11-29 23:05:30,android,1246,"I Walk the Line - Live at San Quentin State Prison, San Quentin, CA - February 1969",Johnny Cash,At San Quentin,fwdbtn,fwdbtn,TRUE,TRUE
0tgVpDi06FyKpA1z0VMD4v,2024-11-29 23:05:31,android,1020,Perfect,Ed Sheeran,÷,fwdbtn,fwdbtn,TRUE,TRUE
4ED8LCbaRC0opEDKBLoQk8,2024-11-29 23:05:32,android,1622,Tú Y Yo Somos Uno Mismo,Timbiriche,Imprescindibles,fwdbtn,fwdbtn,TRUE,TRUE
3wn7gh5nm7v5CHNp7Gdp8j,2024-11-29 23:05:34,android,1422,When We Were On Fire - The Dark Of The Morning Version,James Bay,Chaos And The Calm,fwdbtn,fwdbtn,TRUE,TRUE
3KIIwkf6lNwJqLcx6GUIzr,2024-11-29 23:05:36,android,2176,Beware The Dog,The Griswolds,Be Impressive,fwdbtn,fwdbtn,TRUE,TRUE
2KkIINVFzKcxPTQTNoHM5i,2024-11-29 23:05:37,android,1108,Radical,AWOLNATION,Angel Miners & The Lightning Riders,fwdbtn,fwdbtn,TRUE,TRUE
64GMkUhGX3gp18F1tajKXg,2024-11-29 23:05:39,android,1168,Sleepwalker - Abridged,The Killers,Pressure Machine,fwdbtn,fwdbtn,TRUE,TRUE
6GyFP1nfCDB8lbD2bG0Hq9,2024-11-29 23:05:41,android,1962,Midnight City,M83,"Hurry up, We're Dreaming",fwdbtn,fwdbtn,TRUE,TRUE
4Fvnz1ZJ86IdqDAepWYPAh,2024-11-29 23:22:40,android,103382,"Volver, Volver",Vicente Fernández,Arriba Huentitan,fwdbtn,fwdbtn,TRUE,TRUE
1c57SWN0OSsLZGsSNtnE7o,2024-11-29 23:22:41,android,670,Stars - Live,Philip Quast,Les Misérables (10th Anniversary Concert Live at Royal Albert Hall),fwdbtn,fwdbtn,TRUE,TRUE
6CltzquypraYIlWFp48m1O,2024-11-29 23:26:38,android,237986,Hypersonic Missiles,Sam Fender,Hypersonic Missiles,fwdbtn,trackdone,TRUE,FALSE
54ishPSqGuH3DjmDOgZX38,2024-11-29 23:28:32,android,112803,Cheating,Alex & Sierra,It's About Us,trackdone,fwdbtn,TRUE,TRUE
4iHpNk1FBOASh82463NKOA,2024-11-29 23:28:34,android,1396,Time Machine,The Mud Howlers,Timeliness,fwdbtn,fwdbtn,TRUE,TRUE
23A1225Ju3BOBykt9n4xkc,2024-11-29 23:28:35,android,1381,Mansard Roof,Vampire Weekend,Vampire Weekend,fwdbtn,fwdbtn,TRUE,TRUE
3N8RnWuuvGpozWyeqgGvU7,2024-11-29 23:28:37,android,1840,You're the One,The Vogues,At CO & CE - the Complete Singles & More,fwdbtn,fwdbtn,TRUE,TRUE
78TTtXnFQPzwqlbtbwqN0y,2024-11-29 23:32:00,android,188238,FourFiveSeconds,Rihanna,FourFiveSeconds,fwdbtn,trackdone,TRUE,FALSE
0BSGaoMiJ5gTho2V1pLkDF,2024-11-29 23:36:50,android,289213,A Most Disgusting Song,Rodríguez,Coming From Reality,trackdone,trackdone,TRUE,FALSE
2RttW7RAu5nOAfq6YFvApB,2024-11-29 23:37:12,android,21337,Happier,Ed Sheeran,÷,trackdone,fwdbtn,TRUE,TRUE
38zsOOcu31XbbYj9BIPUF1,2024-11-29 23:41:13,android,241786,Your Song,Elton John,Elton John,fwdbtn,trackdone,TRUE,FALSE
1oyYDQSd9QL06uwYw5F6vx,2024-11-29 23:41:21,android,6678,C'est La Vie,The Killers,Imploding The Mirage,trackdone,fwdbtn,TRUE,TRUE
2yARskwKoNDTbL61y3qqjy,2024-11-29 23:41:23,android,1591,Hold on Forever,Rob Thomas,The Great Unknown,fwdbtn,fwdbtn,TRUE,TRUE
6jMRqEHVRC3iamsSscJlbz,2024-11-29 23:41:24,android,1267,Life To Come,The Killers,Wonderful Wonderful,fwdbtn,fwdbtn,TRUE,TRUE
62vBgmeAJZYrwaYJy5xDhv,2024-11-29 23:41:25,android,1415,One Day More! - Live,Les Misérables - 10th Anniversary Cast,Les Misérables (10th Anniversary Concert Live at Royal Albert Hall),fwdbtn,fwdbtn,TRUE,TRUE
6lib77q4koq52srysevRfT,2024-11-29 23:41:27,android,1328,Only a Pawn in Their Game,Bob Dylan,The Times They Are A-Changin',fwdbtn,fwdbtn,TRUE,TRUE
1hIQPCM3oWXrpnXmgTDaKG,2024-11-29 23:48:42,android,436000,Can't You Hear Me Knocking - 2009 Mix,The Rolling Stones,Sticky Fingers,fwdbtn,trackdone,TRUE,FALSE
2VRJIIzbhhOGaxAhwCMfZX,2024-11-29 23:52:44,android,241320,In One Ear,Cage The Elephant,Cage The Elephant (Expanded Edition),trackdone,trackdone,TRUE,FALSE
2VmB1rF9FtfKUmFHDVnq8Q,2024-11-29 23:55:51,android,160520,Baby It's You - Remastered 2009,The Beatles,Please Please Me,trackdone,trackdone,TRUE,FALSE
6HbWoyinLdXPZmk6xONuKw,2024-11-29 23:59:04,android,192666,Vegetable,Radiohead,Pablo Honey,trackdone,trackdone,TRUE,FALSE
2TJqhMuTx2eMun7MMQVIFy,2024-11-30 00:01:19,android,134400,Never Going Back Again - 2004 Remaster,Fleetwood Mac,Rumours,trackdone,trackdone,TRUE,FALSE
2nLtzopw4rPReszdYBJU6h,2024-11-30 00:04:27,android,187520,Numb,Linkin Park,Meteora,trackdone,trackdone,TRUE,FALSE
3NGG1do9lT815M5REcCzzm,2024-11-30 00:04:33,android,4421,El Privilegio De Amar,Mijares,El Privilegio De Amar,trackdone,logout,TRUE,FALSE
0gWvVB4bGvADocoPMEDy3K,2024-11-30 00:04:38,android,1945,The Crystal Ship,The Doors,The Doors,fwdbtn,fwdbtn,TRUE,TRUE
440m8MPuMzg5PkipV7Sh45,2024-11-30 00:06:55,android,118700,Up In The Clouds,Skegss,My Own Mess,fwdbtn,logout,TRUE,FALSE
440m8MPuMzg5PkipV7Sh45,2024-11-30 00:07:31,android,31099,Up In The Clouds,Skegss,My Own Mess,appload,trackdone,TRUE,FALSE
0YpzP03QziAgqcZSCtjbl2,2024-11-30 00:11:23,android,232133,Battleships,Daughtry,Baptized (Deluxe Version),trackdone,trackdone,TRUE,FALSE
6uJwK7c62pfQrG9tTkHivn,2024-11-30 00:22:54,android,87068,Two Of Us - Naked Version / Remastered 2013,The Beatles,Let It Be... Naked,trackdone,logout,TRUE,FALSE
3Ti0GdlrotgwsAVBBugv0I,2024-11-30 18:42:22,android,14282,Can I Kick It?,A Tribe Called Quest,People's Instinctive Travels and the Paths of Rhythm (25th Anniversary Edition),clickrow,endplay,TRUE,TRUE
0K6yUnIKNsFtfIpTgGtcHm,2024-11-30 18:46:41,android,259840,Limelight,Rush,Moving Pictures,clickrow,trackdone,TRUE,FALSE
3skn2lauGk7Dx6bVIt5DVj,2024-11-30 18:50:42,android,240213,Starlight,Muse,Black Holes and Revelations,trackdone,trackdone,TRUE,FALSE
6GG73Jik4jUlQCkKg9JuGO,2024-11-30 18:53:28,android,165853,The Middle,Jimmy Eat World,Bleed American,trackdone,trackdone,TRUE,FALSE
34DIwlo2i3s5Piug6nHzK9,2024-11-30 18:57:16,android,227680,Postdata,Joaquín Sabina,Lo Niego Todo,trackdone,trackdone,TRUE,FALSE
1NhPKVLsHhFUHIOZ32QnS2,2024-11-30 19:01:02,android,224693,Secrets,OneRepublic,Waking Up,trackdone,trackdone,TRUE,FALSE
7gMOe0gXYcELUoVugfMmHP,2024-11-30 19:06:00,android,253200,You May Be Right,Billy Joel,Glass Houses,trackdone,trackdone,TRUE,FALSE
0fLILzjVXRCLC0lsNKcQ8I,2024-11-30 19:10:49,android,288573,P.I.M.P. - Snoop Dogg Remix,50 Cent,Get Rich Or Die Tryin',trackdone,trackdone,TRUE,FALSE
0SieiDcGvj8cZ0K4hcT3Zd,2024-11-30 19:11:34,android,43377,Dying Breed,The Killers,Imploding The Mirage,trackdone,fwdbtn,TRUE,TRUE
0RgjEkSbeuStKfT2Pa4Zai,2024-11-30 19:16:09,android,275740,reincarnated,Kendrick Lamar,GNX,fwdbtn,trackdone,TRUE,FALSE
3s7MCdXyWmwjdcWh7GWXas,2024-11-30 19:19:45,android,215320,Violent Crimes,Kanye West,ye,trackdone,trackdone,TRUE,FALSE
3Ti0GdlrotgwsAVBBugv0I,2024-11-30 19:22:58,android,181680,Can I Kick It?,A Tribe Called Quest,People's Instinctive Travels and the Paths of Rhythm (25th Anniversary Edition),trackdone,fwdbtn,TRUE,TRUE
1th3G3okofWlvGWAAR7Y4V,2024-11-30 19:26:12,android,182386,School Spirit,Kanye West,The College Dropout,fwdbtn,trackdone,TRUE,FALSE
6oakQZRgFZ5FRHDr3GoiPF,2024-11-30 19:29:51,android,219333,Alright,Kendrick Lamar,To Pimp A Butterfly,trackdone,trackdone,TRUE,FALSE
1sFstGV1Z3Aw5TDFCiT7vK,2024-11-30 19:33:22,android,185062,Favorite Song,Chance the Rapper,Acid Rap,trackdone,trackdone,TRUE,FALSE
2MWoG6ZINVavRRNNrVPplf,2024-11-30 19:37:37,android,254293,"Girls, Girls, Girls (Part 2)",JAY-Z,The Blueprint,trackdone,trackdone,TRUE,FALSE
5ByAIlEEnxYdvpnezg7HTX,2024-11-30 19:42:50,android,302760,Juicy - 2005 Remaster,The Notorious B.I.G.,Ready to Die,trackdone,trackdone,TRUE,FALSE
3ia3dJETSOllPsv3LJkE35,2024-11-30 19:47:36,android,284906,California Love - Original Version,2Pac,Greatest Hits,trackdone,trackdone,TRUE,FALSE
3Ti0GdlrotgwsAVBBugv0I,2024-11-30 19:51:48,android,251573,Can I Kick It?,A Tribe Called Quest,People's Instinctive Travels and the Paths of Rhythm (25th Anniversary Edition),trackdone,trackdone,TRUE,FALSE
35srNkJVToAzYiZzron1FY,2024-11-30 19:56:02,android,253906,Young Forever,JAY-Z,The Blueprint 3,trackdone,trackdone,TRUE,FALSE
1PS1QMdUqOal0ai3Gt7sDQ,2024-11-30 19:59:30,android,207626,Gold Digger,Kanye West,Late Registration,trackdone,trackdone,TRUE,FALSE
503OTo2dSqe7qk76rgsbep,2024-11-30 20:04:01,android,270586,Still D.R.E.,Dr. Dre,2001,trackdone,trackdone,TRUE,FALSE
0RgjEkSbeuStKfT2Pa4Zai,2024-11-30 20:08:38,android,275740,reincarnated,Kendrick Lamar,GNX,trackdone,trackdone,TRUE,FALSE
0nj9Bq5sHDiTxSHunhgkFb,2024-11-30 20:11:16,android,157992,squabble up,Kendrick Lamar,GNX,trackdone,trackdone,TRUE,FALSE
0fLILzjVXRCLC0lsNKcQ8I,2024-11-30 20:16:05,android,288573,P.I.M.P. - Snoop Dogg Remix,50 Cent,Get Rich Or Die Tryin',trackdone,trackdone,TRUE,FALSE
7yNK27ZTpHew0c55VvIJgm,2024-11-30 20:20:47,android,280786,Dark Fantasy,Kanye West,My Beautiful Dark Twisted Fantasy,trackdone,trackdone,TRUE,FALSE
23Ij3xEFmYkRl00dDJCVMP,2024-11-30 20:24:46,android,239250,Good Ass Intro,Chance the Rapper,Acid Rap,trackdone,trackdone,TRUE,FALSE
0trHOzAhNpGCsGBEu7dOJo,2024-11-30 20:29:41,android,293973,N.Y. State of Mind,Nas,Illmatic,trackdone,trackdone,TRUE,FALSE
4prCxGTYQMu3vOaHvojYZr,2024-11-30 20:34:54,android,313106,Takeover,JAY-Z,The Blueprint,trackdone,trackdone,TRUE,FALSE
5gOfC9UzZQzTyShqPMrpjT,2024-11-30 20:37:22,android,146198,wacced out murals,Kendrick Lamar,GNX,trackdone,fwdbtn,TRUE,TRUE
5W7BcYDIaeXnpG3e39T7hJ,2024-11-30 20:49:55,android,90840,How To Love,Lil Wayne,Tha Carter IV,fwdbtn,logout,TRUE,FALSE
5W7BcYDIaeXnpG3e39T7hJ,2024-12-01 17:20:43,android,149494,How To Love,Lil Wayne,Tha Carter IV,appload,trackdone,TRUE,FALSE
27vdcGwGGZdFwKAYRfyoOU,2024-12-01 17:22:43,android,120146,Krampus,Houndmouth,From the Hills Below the City,trackdone,trackdone,TRUE,FALSE
7HW5tUjaKxBUamSi7nnzPt,2024-12-01 17:25:23,android,159172,Eso Y Más,Joan Sebastian,Más Allá Del Sol,trackdone,trackdone,TRUE,FALSE
5wQnmLuC1W7ATsArWACrgW,2024-12-01 17:30:34,android,311106,Welcome to the Black Parade,My Chemical Romance,The Black Parade,trackdone,trackdone,TRUE,FALSE
1WETgXqmJ2NaziQhtav0pK,2024-12-01 17:37:19,android,256320,Moth's Wings,Passion Pit,Manners,trackdone,trackdone,TRUE,FALSE
3omXshBamrREltcf24gYDC,2024-12-01 17:40:40,android,200360,First,Cold War Kids,Hold My Home,trackdone,trackdone,TRUE,FALSE
0qRR9d89hIS0MHRkQ0ejxX,2024-12-01 17:43:04,android,142786,Rich Girl,Daryl Hall & John Oates,Bigger Than Both Of Us,trackdone,trackdone,TRUE,FALSE
6TqXieeBcZZHyaO14hQpKx,2024-12-01 18:43:52,android,234470,Luz De Dia,Los Enanitos Verdes,Nectar,trackdone,endplay,TRUE,TRUE
6TqXieeBcZZHyaO14hQpKx,2024-12-07 03:32:43,android,35296,Luz De Dia,Los Enanitos Verdes,Nectar,appload,trackdone,TRUE,FALSE
7rgUYidQh5tH0YlXCoKaYJ,2024-12-07 03:32:53,android,8105,You Really Got A Hold On Me - Remastered 2009,The Beatles,With The Beatles,trackdone,fwdbtn,TRUE,TRUE
2v7Pznxul45I1rFOCKD7Bh,2024-12-07 03:40:06,android,235386,Hear Me,Imagine Dragons,Night Visions,fwdbtn,trackdone,TRUE,FALSE
1kmf6NwOGDiQeTHiQsGdG2,2024-12-07 03:40:09,android,2454,Rondò alla turca,Orchestra Italiana,"Royal Wedding: Kate & William Compilation, Vol. 1",trackdone,fwdbtn,TRUE,TRUE
5W2FRXOq70ADDROFMvWky8,2024-12-07 03:40:12,android,2254,The Energy Never Dies,The Script,No Sound Without Silence,fwdbtn,fwdbtn,TRUE,TRUE
1bo6xzrCrK7ocEirC5rrZk,2024-12-07 03:43:45,android,214198,Soul Love - 2012 Remaster,David Bowie,The Rise and Fall of Ziggy Stardust and the Spiders from Mars,fwdbtn,trackdone,TRUE,FALSE
5xEM5hIgJ1jjgcEBfpkt2F,2024-12-07 03:47:50,android,244506,Complicated,Avril Lavigne,Let Go,trackdone,trackdone,TRUE,FALSE
1mTWvb5uY8R6tU7iCLtiUo,2024-12-07 03:47:55,android,3143,Si Nos Dejan,José Alfredo Jimenez,Las 100 Clasicas Vol. 2,trackdone,fwdbtn,TRUE,TRUE
1rxD34LAtkafrMUHqHIV76,2024-12-07 03:52:13,android,259741,Bring It on Home - Remaster,Led Zeppelin,Led Zeppelin II,fwdbtn,trackdone,TRUE,FALSE
2lwwrWVKdf3LR9lbbhnr6R,2024-12-07 03:55:42,android,208466,Float On,Modest Mouse,Good News For People Who Love Bad News,trackdone,trackdone,TRUE,FALSE
6vCLIvOIabRk1XQfMb6RXi,2024-12-07 03:58:03,android,140160,I Looked at You,The Doors,The Doors,trackdone,trackdone,TRUE,FALSE
3cY8cOjaN8Lwi08g9Fpr6D,2024-12-07 04:02:35,android,270883,North Country Blues,Bob Dylan,The Times They Are A-Changin',trackdone,trackdone,TRUE,FALSE
4unodZwDUjlFGx5JGpXnDI,2024-12-07 04:02:45,android,9228,Di Que No Te Vas,Morat,Sobre El Amor Y Sus Efectos Secundarios,trackdone,fwdbtn,TRUE,TRUE
6zrgiJFGA620b5GvqCvG1w,2024-12-07 04:04:16,android,91546,Whistle Stop,Roger Miller,Disney Classics,fwdbtn,trackdone,TRUE,FALSE
22PSLtxaajzAAOPiOzcViz,2024-12-07 04:04:38,android,20935,Don't Look Down,OneRepublic,Native,trackdone,fwdbtn,TRUE,TRUE
0RwN5aoboetTdinOPLsjVy,2024-12-07 04:08:37,android,238653,Not in Nottingham,Theo Lawrence and The Hearts,Homemade Lemonade,fwdbtn,fwdbtn,TRUE,TRUE
46tfxn5lP7Qsbz7NHsj9iu,2024-12-07 04:08:38,android,1325,Thinking About You,Radiohead,Pablo Honey,fwdbtn,fwdbtn,TRUE,TRUE
4OZyVAbGOcrv4BYv5xDjet,2024-12-07 04:21:38,android,134559,Here Comes the Night Time,Arcade Fire,Reflektor,fwdbtn,logout,TRUE,FALSE
0q1FeGOHG0q6OtAhyNRnEb,2024-12-07 20:53:26,android,194504,War Isn't Murder,Jesse Welles,Hells Welles,clickrow,endplay,FALSE,TRUE
15oN81AHUXutUjqvlnjeHE,2024-12-07 21:00:45,android,29640,Saint Steve Irwin,Jesse Welles,Patchwork,clickrow,logout,FALSE,FALSE
15oN81AHUXutUjqvlnjeHE,2024-12-08 18:37:11,android,25495,Saint Steve Irwin,Jesse Welles,Patchwork,appload,endplay,FALSE,TRUE
1N62wozuHCvczCkY4QidpP,2024-12-08 18:37:15,android,4465,Over My Head (Cable Car),The Fray,How To Save A Life,playbtn,fwdbtn,TRUE,TRUE
2ewjgFhHDTE8BkV8kzpiX2,2024-12-08 18:37:42,android,26809,Dead Leaves and the Dirty Ground,The White Stripes,White Blood Cells,fwdbtn,endplay,TRUE,TRUE
0mWXrr6HQZUhCQG4JMkT2e,2024-12-08 18:38:41,android,58120,"Oo-De-Lally - From ""Robin Hood""",Roger Miller,Oo-De-Lally,clickrow,trackdone,FALSE,FALSE
2dhwJNH50XJWS3tCKVWKtD,2024-12-08 18:38:41,android,0,King Of The Road,Roger Miller,King Of The Road,trackdone,endplay,FALSE,TRUE
6zrgiJFGA620b5GvqCvG1w,2024-12-08 18:40:12,android,91546,Whistle Stop,Roger Miller,Disney Classics,clickrow,trackdone,FALSE,FALSE
0mD2pnYVF8DB3oqtY5KM8h,2024-12-08 18:46:56,android,16029,Chug-A-Lug,Roger Miller,Super Hits,trackdone,unknown,FALSE,FALSE
0mD2pnYVF8DB3oqtY5KM8h,2024-12-08 18:48:22,android,84098,Chug-A-Lug,Roger Miller,Super Hits,clickrow,endplay,FALSE,TRUE
7Msq9qojB7yORuJvz49iUy,2024-12-08 18:48:31,android,9625,P.S. I Love You - Remastered 2009,The Beatles,Please Please Me,playbtn,fwdbtn,TRUE,TRUE
4HKi1mdlMHpmt0uVwaJHs0,2024-12-08 18:48:35,android,3247,No Sé Si Es Amor,Reik,Reik,fwdbtn,fwdbtn,TRUE,TRUE
1HbcclMpw0q2WDWpdGCKdS,2024-12-08 18:48:36,android,1505,Tenerife Sea,Ed Sheeran,x,fwdbtn,fwdbtn,TRUE,TRUE
50YQFbfIVk2XMnVFKAuuib,2024-12-08 18:48:38,android,1579,"Whiskey, Whiskey, Whiskey",John Mayer,Born and Raised,fwdbtn,fwdbtn,TRUE,TRUE
3kb38wezoUA8ki5jPYy3t5,2024-12-08 18:48:40,android,1731,Little Secrets,Passion Pit,Manners,fwdbtn,fwdbtn,TRUE,TRUE
41ujv4mhxlqR8nlnieDpDp,2024-12-08 18:48:41,android,1627,"La traviata, Act I: Libiamo ne' lieti calici ""Brindisi""",Giuseppe Verdi,Verdi: La Traviata,fwdbtn,fwdbtn,TRUE,TRUE
6C7aTTCUWRK7dD379yUT3W,2024-12-08 18:48:44,android,2277,Roll Over Beethoven,Chuck Berry,Berry Is On Top,fwdbtn,fwdbtn,TRUE,TRUE
7HUj2KB6hQCZgTPHFGAJ0c,2024-12-08 18:48:47,android,2996,All Around the World - Remastered,Oasis,Be Here Now,fwdbtn,fwdbtn,TRUE,TRUE
4ODWgs1CVAZKDbryEodjiz,2024-12-08 18:52:12,android,119188,"Theme From New York, New York",Frank Sinatra,Ultimate Sinatra,fwdbtn,logout,TRUE,FALSE
4ODWgs1CVAZKDbryEodjiz,2024-12-09 20:28:59,android,85924,"Theme From New York, New York",Frank Sinatra,Ultimate Sinatra,appload,trackdone,TRUE,FALSE
4hsniLwwHj9xBoRfUyCCiY,2024-12-09 20:32:41,android,206733,Fantasising,Skegss,Wake Up,trackdone,trackdone,TRUE,FALSE
1mItgKNZhABGsy7hRHHkIR,2024-12-09 21:52:01,android,249813,Be Calm,fun.,Aim and Ignite,trackdone,trackdone,TRUE,FALSE
6BIRIBJuEGLds1oAxvybLO,2024-12-09 21:55:22,android,134839,Fallaste Corazón,Pedro Infante,Mexico Gran Colección Ranchera: Pedro Infante,trackdone,endplay,TRUE,TRUE
6BIRIBJuEGLds1oAxvybLO,2024-12-09 21:57:12,android,91504,Fallaste Corazón,Pedro Infante,Mexico Gran Colección Ranchera: Pedro Infante,remote,trackdone,TRUE,FALSE
5ku8BU0vAABtKDenpT3DbG,2024-12-09 21:57:25,android,11046,When The Night Comes,Dan Auerbach,Keep It Hid,trackdone,fwdbtn,TRUE,TRUE
3285RNj9TGVvWlP8tYojDH,2024-12-10 01:29:54,android,57930,Here With Me,The Killers,Battle Born,fwdbtn,fwdbtn,TRUE,TRUE
1lBKQqbkfM3LThaJYqygjy,2024-12-10 01:29:56,android,1679,"Giordano: Fedora: ""Amor ti vieta""",Umberto Giordano,Pavarotti Forever,fwdbtn,fwdbtn,TRUE,TRUE
239yM7BAQ2CkNc61ogPGXo,2024-12-10 01:34:04,android,249080,Shot in the Dark,John Mayer,Sob Rock,fwdbtn,trackdone,TRUE,FALSE
4Hh6Q9GhhE8DeON2iUtYMT,2024-12-10 01:37:10,android,185333,Cool It Down - 2015 Remaster,The Velvet Underground,Loaded,trackdone,trackdone,TRUE,FALSE
0o1itZURoZ70rgXiLijzB0,2024-12-10 01:40:28,android,197760,Jambalaya (On The Bayou),John Fogerty,The Blue Ridge Rangers,trackdone,trackdone,TRUE,FALSE
5ct5gaiaobb1p9JmWluGFw,2024-12-10 01:44:03,android,214111,Happy With You,Paul McCartney,Egypt Station,trackdone,trackdone,TRUE,FALSE
3ou9rSNUQnE7XYmJkUUIOc,2024-12-10 01:45:37,android,93008,Green Eyes,Coldplay,A Rush of Blood to the Head,trackdone,fwdbtn,TRUE,TRUE
1SqxV8oT8lKD583CW9JiOL,2024-12-10 01:45:39,android,1530,One (Blake's Got A New Face),Vampire Weekend,Vampire Weekend,fwdbtn,fwdbtn,TRUE,TRUE
0GRBFjza23Im7Xb16c9AaK,2024-12-10 01:45:49,android,10610,No Quarter - Remaster,Led Zeppelin,Houses of the Holy,fwdbtn,fwdbtn,TRUE,TRUE
2QfiRTz5Yc8DdShCxG1tB2,2024-12-10 01:45:51,android,1951,Johnny B. Goode,Chuck Berry,Berry Is On Top,fwdbtn,fwdbtn,TRUE,TRUE
7529Z6b1rlGZFFPWjHPeV5,2024-12-10 01:45:53,android,1613,Ask Me Why - Remastered 2009,The Beatles,Please Please Me,fwdbtn,fwdbtn,TRUE,TRUE
0srf60K7I8vK7iVCv4oGZj,2024-12-10 01:45:55,android,2062,Esclavo De Sus Besos,David Bisbal,Sin Mirar Atrás,fwdbtn,fwdbtn,TRUE,TRUE
70LcF31zb1H0PyJoS1Sx1r,2024-12-10 01:45:57,android,1588,Creep,Radiohead,Pablo Honey,fwdbtn,fwdbtn,TRUE,TRUE
5K5mYBbBHliLRclWbDd9VH,2024-12-10 01:48:53,android,177506,Demons,Imagine Dragons,Night Visions,fwdbtn,trackdone,TRUE,FALSE
3wn7gh5nm7v5CHNp7Gdp8j,2024-12-10 01:48:55,android,277,When We Were On Fire - The Dark Of The Morning Version,James Bay,Chaos And The Calm,trackdone,fwdbtn,TRUE,TRUE
5e55zfjZiqIytDQWEr100c,2024-12-10 01:48:56,android,1357,I Can't Stand It,Lou Reed,Lou Reed,fwdbtn,fwdbtn,TRUE,TRUE
6wThs5fuUjCoUkEGvIQzBq,2024-12-10 01:48:58,android,1315,Hope and Safety,Keuning,Prismism,fwdbtn,fwdbtn,TRUE,TRUE
1qOIwyj41749bmOhdD09IS,2024-12-10 01:54:53,android,343032,Headlights,Eminem,The Marshall Mathers LP2,fwdbtn,trackdone,TRUE,FALSE
3JIqogHHQIQW1uJ5Yivb88,2024-12-10 01:55:37,android,36103,Otherside (feat. Fences) [Ryan Lewis Remix],Macklemore & Ryan Lewis,VS. Redux,trackdone,fwdbtn,TRUE,TRUE
75ZohPJVqJOD8GUCZH94mk,2024-12-10 01:55:40,android,2252,siempreestoypati,Ed Maverick,Transiciones,fwdbtn,backbtn,TRUE,TRUE
3JIqogHHQIQW1uJ5Yivb88,2024-12-10 01:59:14,android,214008,Otherside (feat. Fences) [Ryan Lewis Remix],Macklemore & Ryan Lewis,VS. Redux,backbtn,fwdbtn,TRUE,TRUE
75ZohPJVqJOD8GUCZH94mk,2024-12-10 02:00:43,android,88996,siempreestoypati,Ed Maverick,Transiciones,fwdbtn,fwdbtn,TRUE,TRUE
5gFoAVTN9YlM9uJCrFZtgl,2024-12-10 02:00:45,android,1616,Crooked Smile (feat. TLC),J. Cole,Born Sinner,fwdbtn,fwdbtn,TRUE,TRUE
1f2V8U1BiWaC9aJWmpOARe,2024-12-10 02:03:28,android,163530,By the Way,Red Hot Chili Peppers,By the Way,fwdbtn,fwdbtn,TRUE,TRUE
0lwUIYJfWGB8qUEAJtYfb6,2024-12-10 02:03:32,android,3226,Broken Bones,KALEO,A/B,fwdbtn,fwdbtn,TRUE,TRUE
1TtKrLAquXhSgugyExXTQz,2024-12-10 02:03:39,android,7600,"Saint-Saëns: Samson et Dalila, Op. 47, Act 2: ""Mon cœur s'ouvre à ta voix"" (Dalila)",Camille Saint-Saëns,Pure - Maria Callas,fwdbtn,fwdbtn,TRUE,TRUE
1YN55N73ChOA6uJRkUhiD0,2024-12-10 02:03:51,android,12060,Lágrimas de Mármol,Joaquín Sabina,Lo Niego Todo,fwdbtn,fwdbtn,TRUE,TRUE
7nBGBbzfnPiowCvXKJnV9J,2024-12-10 02:03:55,android,3383,From Me To You - Remastered 2009,The Beatles,Past Masters,fwdbtn,fwdbtn,TRUE,TRUE
7oolFzHipTMg2nL7shhdz2,2024-12-10 02:03:59,android,3678,Eraser,Ed Sheeran,÷,fwdbtn,fwdbtn,TRUE,TRUE
5zUWCFqhg2wU9Fr3H3XEjv,2024-12-10 02:04:01,android,2383,Stay Open,Maya Hawke,To Love a Boy / Stay Open,fwdbtn,fwdbtn,TRUE,TRUE
4xh7W7tlNMIczFhupCPniY,2024-12-10 02:04:03,android,2172,Go Your Own Way - 2004 Remaster,Fleetwood Mac,Rumours,fwdbtn,fwdbtn,TRUE,TRUE
2iIb73Qn02LsZwpW8RJUxh,2024-12-10 02:04:05,android,1683,Friction,Imagine Dragons,Smoke + Mirrors,fwdbtn,fwdbtn,TRUE,TRUE
5s457o0GLooprDJNitW5WF,2024-12-10 02:04:07,android,2179,Mr. Brightside - Live From The Royal Albert Hall / 2009,The Killers,Live From The Royal Albert Hall,fwdbtn,fwdbtn,TRUE,TRUE
5Z3Rd1fMcaty8g5Pn7yhBQ,2024-12-10 02:04:09,android,1391,The Continuing Story Of Bungalow Bill - Remastered 2009,The Beatles,The Beatles,fwdbtn,fwdbtn,TRUE,TRUE
1RIhd7jjWDQwSKsbxxGArN,2024-12-10 02:04:11,android,2312,Ojos Color Sol (feat. Silvio Rodríguez),Calle 13,MultiViral,fwdbtn,fwdbtn,TRUE,TRUE
4MmiBCpdYhJvVU5EjNEnst,2024-12-10 02:04:15,android,3684,The River,Liam Gallagher,Why Me? Why Not.,fwdbtn,fwdbtn,TRUE,TRUE
6UpqYTSz30LQREVtYeVQLR,2024-12-10 02:07:11,android,177493,Burn the Damn Thing Down,The Black Keys,Dropout Boogie,fwdbtn,trackdone,TRUE,FALSE
1dJfLFVyvODCdX9sRHhTMN,2024-12-10 02:09:39,android,147125,American Bohemian - Gatlinburg Demo,Houndmouth,California Voodoo,trackdone,trackdone,TRUE,FALSE
2d6m2F4I7wCuAKtSsdhh83,2024-12-10 02:09:44,android,3571,Famous Last Words,My Chemical Romance,The Black Parade,trackdone,fwdbtn,TRUE,TRUE
5SiCTf5r1cVjQXAXB2StpS,2024-12-10 02:09:46,android,1892,Torn And Frayed,The Rolling Stones,Exile On Main Street,fwdbtn,fwdbtn,TRUE,TRUE
6bIPHR8AJG5HAcn9oF21Ma,2024-12-10 02:09:48,android,1553,Marooned,Pink Floyd,The Division Bell,fwdbtn,fwdbtn,TRUE,TRUE
5IXk9TVBuxG87sFrwclBJw,2024-12-10 02:09:49,android,1275,Music To My Eyes,Lady Gaga,A Star Is Born Soundtrack,fwdbtn,fwdbtn,TRUE,TRUE
0sNKiz82ATCvT3f3XVVUUj,2024-12-10 02:09:52,android,2764,Why Don't You Get A Job,The Offspring,Americana,fwdbtn,fwdbtn,TRUE,TRUE
2ue1KRstSKHF8jQkIJZiNC,2024-12-10 02:09:53,android,1104,It's Only Love - Remastered 2009,The Beatles,Help!,fwdbtn,fwdbtn,TRUE,TRUE
64MISVB9IIchhOKmWHftoz,2024-12-10 02:09:54,android,1316,You're Gonna Make Me Lonesome When You Go,Bob Dylan,Blood On The Tracks,fwdbtn,fwdbtn,TRUE,TRUE
65PE3GVXjkiQOTM7V7NbfY,2024-12-10 02:09:55,android,1060,The Only One,The Black Keys,Brothers,fwdbtn,fwdbtn,TRUE,TRUE
1Ud7FWi7UXYXzDsOnkQYMU,2024-12-10 02:09:56,android,1145,Winds of Change,Vance Joy,Dream Your Life Away,fwdbtn,fwdbtn,TRUE,TRUE
0mynYmSfl8q2KhjSp96G3w,2024-12-10 02:09:58,android,1497,Stray Cat Blues - 50th Anniversary Edition,The Rolling Stones,Beggars Banquet,fwdbtn,fwdbtn,TRUE,TRUE
4yVixayMpxm2MUGOePA192,2024-12-10 02:10:01,android,2791,Modern Girls & Old Fashion Men,The Strokes,Modern Girls & Old Fashion Men,fwdbtn,fwdbtn,TRUE,TRUE
3VbGCXWRiouAq8VyMYN2MI,2024-12-10 02:10:02,android,1370,Love Me Do - Remastered 2009,The Beatles,Please Please Me,fwdbtn,fwdbtn,TRUE,TRUE
1PnOzUB8CP0SVwVmMkqY3k,2024-12-10 02:10:37,android,34268,Bistro Fada,Stephane Wrembel,Midnight in Paris (Music from the Motion Picture),fwdbtn,fwdbtn,TRUE,TRUE
4IvZLDtwBHmBmwgDIUbuwa,2024-12-10 02:10:39,android,2312,Here Comes Your Man,Pixies,Doolittle,fwdbtn,fwdbtn,TRUE,TRUE
7psfcbjfnXwYIezHstNa1a,2024-12-10 02:11:22,android,42565,When the Levee Breaks - Remaster,Led Zeppelin,Led Zeppelin IV,fwdbtn,fwdbtn,TRUE,TRUE
5xo1Gj4WTssjQgQ0w03cf2,2024-12-10 02:11:24,android,2034,Jackie And Wilson,Hozier,Hozier,fwdbtn,fwdbtn,TRUE,TRUE
49EJBvSBsEZqtJDovHgwF1,2024-12-10 02:16:49,android,130215,The Getting By - Abridged,The Killers,Pressure Machine,fwdbtn,endplay,TRUE,TRUE
49EJBvSBsEZqtJDovHgwF1,2024-12-10 04:09:39,android,44783,The Getting By - Abridged,The Killers,Pressure Machine,clickrow,logout,TRUE,FALSE
49EJBvSBsEZqtJDovHgwF1,2024-12-13 01:16:49,android,56176,The Getting By - Abridged,The Killers,Pressure Machine,appload,trackdone,TRUE,FALSE
4UKe38tm5NkRpuFCxwewEe,2024-12-13 01:23:12,android,184546,Me haces bien,Jorge Drexler,Sea,trackdone,trackdone,TRUE,FALSE
4qWQPFK9AtqqxJqGicATHv,2024-12-13 16:10:29,android,145478,If Everyone Cared,Nickelback,All the Right Reasons,trackdone,unexpected-exit-while-paused,TRUE,FALSE
4bw8mcDUSRWfQo63ZTYRnU,2024-12-14 21:53:31,mac,142334,Según Quién,Maluma,Don Juan,remote,trackdone,FALSE,FALSE
0S1yRPEdH2PpRrb0GRdVDH,2024-12-14 21:57:09,mac,217202,Every Night,Imagine Dragons,Night Visions,trackdone,trackdone,TRUE,FALSE
45WX2cfbL8bCIqv3rOq1G3,2024-12-14 21:58:58,mac,108831,I'll Follow The Sun - Remastered 2009,The Beatles,Beatles For Sale,trackdone,trackdone,TRUE,FALSE
49C6EGQhCUSgyADHYvJ7ez,2024-12-14 22:01:38,mac,159308,Living Loving Maid (She's Just a Woman) - Remaster,Led Zeppelin,Led Zeppelin II,trackdone,trackdone,TRUE,FALSE
4EWCNWgDS8707fNSZ1oaA5,2024-12-14 22:05:09,mac,210855,Heartless,Kanye West,808s & Heartbreak,trackdone,trackdone,TRUE,FALSE
5Ud052GEuKn5WmU24wtQvB,2024-12-14 22:08:06,mac,176838,I'm Alive,Johnny Thunder,American Animals (Original Motion Picture Soundtrack),trackdone,trackdone,TRUE,FALSE
2jvuMDqBK04WvCYYz5qjvG,2024-12-14 22:25:11,mac,1025235,Dogs,Pink Floyd,Animals,trackdone,trackdone,TRUE,FALSE
4qQmFPd3JxXQPdUdERVudK,2024-12-14 22:30:10,mac,298483,L.A. Freeway,Guy Clark,The Essential Guy Clark,trackdone,trackdone,TRUE,FALSE
4qWQPFK9AtqqxJqGicATHv,2024-12-15 18:56:58,android,72536,If Everyone Cared,Nickelback,All the Right Reasons,appload,trackdone,TRUE,FALSE
0UOguLYTbPVXplQwFBpaDH,2024-12-15 18:59:16,android,136826,Sweet Hitch-Hiker,Creedence Clearwater Revival,Mardi Gras,trackdone,fwdbtn,TRUE,TRUE
05Ez6KwjICkscWQVTsT3f5,2024-12-15 21:04:50,android,241346,I Will Be Found (Lost At Sea),John Mayer,Paradise Valley,fwdbtn,trackdone,TRUE,FALSE
66YHxyGAUGjMBDdrDlWIMD,2024-12-15 21:05:54,android,37225,One of My Turns,Pink Floyd,The Wall,trackdone,endplay,TRUE,TRUE
66YHxyGAUGjMBDdrDlWIMD,2024-12-15 22:51:33,android,180592,One of My Turns,Pink Floyd,The Wall,remote,trackdone,TRUE,FALSE
6xphDvC3ctr99cgNFKErB4,2024-12-15 22:55:13,android,219600,Our Last Days,The Fray,Helios,trackdone,trackdone,TRUE,FALSE
0nH5hlHtKfkCnF0cXIGBik,2024-12-15 22:57:00,android,105659,Sad Song - Acoustic,Liam Gallagher,Acoustic Sessions,trackdone,fwdbtn,TRUE,TRUE
6PCUP3dWmTjcTtXY02oFdT,2024-12-15 22:57:01,android,1228,Castle on the Hill,Ed Sheeran,÷,fwdbtn,fwdbtn,TRUE,TRUE
0vZ97gHhemKm6c64hTfJNA,2024-12-15 22:57:03,android,1219,"Hello, Goodbye - Remastered 2009",The Beatles,Magical Mystery Tour,fwdbtn,fwdbtn,TRUE,TRUE
41XiurZlYzjsKtQUG8VS5L,2024-12-15 22:57:04,android,1188,"Puccini: La bohème, Act I: Che gelida manina",Giacomo Puccini,Pavarotti Forever,fwdbtn,fwdbtn,TRUE,TRUE
5ddXMXmXZ2FN4iliTG20nO,2024-12-15 22:57:06,android,1527,Emoji of a Wave,John Mayer,The Search for Everything,fwdbtn,fwdbtn,TRUE,TRUE
3IYAT3Rtlyqlo4ndbugxfl,2024-12-15 23:00:10,android,185373,17,Kings of Leon,Only By The Night,fwdbtn,trackdone,TRUE,FALSE
3F34I6GIzPjDUMSHVpo7RP,2024-12-15 23:05:19,android,280293,Get Out While You Can,James Bay,Chaos And The Calm,trackdone,trackdone,TRUE,FALSE
0rpSIjKSmZ2SFO6vmLJpXl,2024-12-15 23:05:45,android,24162,Reunion of Friends,John Williams,Harry Potter and The Chamber of Secrets/ Original Motion Picture Soundtrack,trackdone,fwdbtn,TRUE,TRUE
3G5iN5QBqMeXx3uZPy8tgB,2024-12-15 23:05:49,android,4368,Young Girls,Bruno Mars,Unorthodox Jukebox,fwdbtn,fwdbtn,TRUE,TRUE
4Wgj6jzoI2gYlumXdYAB8U,2024-12-15 23:05:50,android,1366,The National Anthem,Radiohead,Kid A,fwdbtn,fwdbtn,TRUE,TRUE
6mR0ZA4DxvAHBihaXgI3oD,2024-12-15 23:05:52,android,1612,Tierra,Xoel López,Atlántico,fwdbtn,fwdbtn,TRUE,TRUE
0KiZHfashmXDOeUFuxfviV,2024-12-15 23:06:03,android,10672,Color Esperanza,Diego Torres,Mis Favoritas,fwdbtn,fwdbtn,TRUE,TRUE
6IBn2H6Axqg4mc4PZW6jRz,2024-12-15 23:06:05,android,1962,Black Country Woman - Remaster,Led Zeppelin,Physical Graffiti,fwdbtn,fwdbtn,TRUE,TRUE
7BKLCZ1jbUBVqRi2FVlTVw,2024-12-15 23:06:07,android,2103,Closer,The Chainsmokers,Closer,fwdbtn,fwdbtn,TRUE,TRUE
4GAhAw0RCzNVP976NRMOqO,2024-12-15 23:06:09,android,1869,"Love Me Tender - From the 20th Century-Fox CinemaScope Production, ""Love Me Tender""",Elvis Presley,Elvis' Golden Records,fwdbtn,fwdbtn,TRUE,TRUE
1yxJyuOyBzOXbGDAZtT7BD,2024-12-15 23:06:10,android,1342,Who Cares,Paul McCartney,Egypt Station,fwdbtn,fwdbtn,TRUE,TRUE
2BdBVq6So5sBCbALS2p1rR,2024-12-15 23:06:15,android,4216,I'm the Only Hell My Mama Ever Raised,Willie Nelson,First Rose of Spring,fwdbtn,fwdbtn,TRUE,TRUE
76CfWxdNh9k5ssABTxlmMJ,2024-12-15 23:06:16,android,1375,Eight Line Poem - 2015 Remaster,David Bowie,Hunky Dory,fwdbtn,fwdbtn,TRUE,TRUE
52dm9op3rbfAkc1LGXgipW,2024-12-15 23:06:18,android,1562,Wild Horses - 2009 Mix,The Rolling Stones,Sticky Fingers,fwdbtn,fwdbtn,TRUE,TRUE
4Fz1WWr5o0OrlIcZxcyZtK,2024-12-15 23:06:19,android,1247,On The Way Home,John Mayer,Paradise Valley,fwdbtn,fwdbtn,TRUE,TRUE
0qHMhBZqYb99yhX9BHcIkV,2024-12-15 23:06:21,android,1515,Magical Mystery Tour - Remastered 2009,The Beatles,Magical Mystery Tour,fwdbtn,fwdbtn,TRUE,TRUE
0HHdujGjOZChTrl8lJWEIq,2024-12-15 23:06:22,android,1283,"Stop This Train - Live at the Nokia Theatre, Los Angeles, CA - December 2007",John Mayer,Where the Light Is: John Mayer Live In Los Angeles,fwdbtn,fwdbtn,TRUE,TRUE
7peh6LUcdNPcMdrSH4JPsM,2024-12-15 23:06:23,android,1306,I Don't Trust Myself (With Loving You),John Mayer,Continuum,fwdbtn,fwdbtn,TRUE,TRUE
6iGU74CwXuT4XVepjc9Emf,2024-12-15 23:06:25,android,1893,God Only Knows - Mono,The Beach Boys,Pet Sounds,fwdbtn,fwdbtn,TRUE,TRUE
